City,Category,Jaccard,b1_stars,b2_stars,b1_rev,b2_rev
Philadelphia,Restaurants,0.01650943396226415,4.0,4.5,80,351
Philadelphia,Restaurants,0.008547008547008548,4.0,4.5,80,510
Philadelphia,Restaurants,0.009314140558848433,4.0,3.5,80,1112
Philadelphia,Restaurants,0.018890200708382526,4.0,4.0,245,618
Philadelphia,Restaurants,0.013126491646778043,4.0,4.0,245,604
Philadelphia,Restaurants,0.006896551724137931,4.0,4.0,245,485
Philadelphia,Restaurants,0.023423423423423424,4.0,4.0,245,323
Philadelphia,Restaurants,0.01834862385321101,4.0,4.5,245,310
Philadelphia,Restaurants,0.010575793184488837,4.0,3.5,245,615
Philadelphia,Restaurants,0.008635578583765112,4.0,3.5,245,339
Philadelphia,Restaurants,0.007334963325183374,4.0,4.5,245,579
Philadelphia,Restaurants,0.008281573498964804,4.0,4.0,245,729
Philadelphia,Restaurants,0.02097902097902098,4.0,4.5,245,193
Philadelphia,Restaurants,0.011668611435239206,4.0,4.0,245,622
Philadelphia,Restaurants,0.010224948875255624,4.0,4.0,245,249
Philadelphia,Restaurants,0.016736401673640166,4.0,4.5,245,241
Philadelphia,Restaurants,0.013422818791946308,4.0,4.5,245,510
Philadelphia,Restaurants,0.009140767824497258,4.0,3.5,245,307
Philadelphia,Restaurants,0.012380952380952381,4.0,4.0,245,818
Philadelphia,Restaurants,0.009025270758122744,4.0,4.0,245,314
Philadelphia,Restaurants,0.011421319796954314,4.0,4.0,245,552
Philadelphia,Restaurants,0.0293896006028636,4.0,4.5,245,1121
Philadelphia,Restaurants,0.007001166861143524,4.0,4.0,245,618
Philadelphia,Restaurants,0.009505703422053232,4.0,4.0,245,286
Philadelphia,Restaurants,0.009940357852882704,4.0,4.0,245,263
Philadelphia,Restaurants,0.005599104143337066,4.0,3.5,245,653
Philadelphia,Restaurants,0.01597444089456869,4.0,4.0,245,73
Philadelphia,Restaurants,0.007267441860465116,4.0,3.5,245,1141
Philadelphia,Restaurants,0.01729106628242075,4.0,4.0,245,108
Philadelphia,Restaurants,0.01327433628318584,4.0,4.5,245,213
Philadelphia,Restaurants,0.008215962441314555,4.0,4.0,245,614
Philadelphia,Restaurants,0.005827505827505828,4.0,3.5,245,618
Philadelphia,Restaurants,0.004868549172346641,4.0,3.5,245,787
Philadelphia,Restaurants,0.007320644216691069,4.0,3.5,245,443
Philadelphia,Restaurants,0.011177347242921014,4.0,3.5,245,1112
Philadelphia,Restaurants,0.009987515605493134,4.5,4.0,205,604
Philadelphia,Restaurants,0.016867469879518072,4.5,4.0,205,217
Philadelphia,Restaurants,0.01675977653631285,4.5,4.5,205,159
Philadelphia,Restaurants,0.0091324200913242,4.5,4.5,205,458
Philadelphia,Restaurants,0.029239766081871343,4.5,4.0,205,323
Philadelphia,Restaurants,0.011258955987717503,4.5,4.0,205,783
Philadelphia,Restaurants,0.011061946902654867,4.5,4.0,205,252
Philadelphia,Restaurants,0.017786561264822136,4.5,4.5,205,310
Philadelphia,Restaurants,0.011097410604192354,4.5,3.5,205,615
Philadelphia,Restaurants,0.01079913606911447,4.5,4.0,205,263
Philadelphia,Restaurants,0.009009009009009009,4.5,4.5,205,579
Philadelphia,Restaurants,0.005382131324004306,4.5,4.0,205,729
Philadelphia,Restaurants,0.012239902080783354,4.5,4.0,205,622
Philadelphia,Restaurants,0.013636363636363636,4.5,4.5,205,241
Philadelphia,Restaurants,0.01597444089456869,4.5,3.5,205,113
Philadelphia,Restaurants,0.009861932938856016,4.5,3.5,205,307
Philadelphia,Restaurants,0.009202453987730062,4.5,3.5,205,453
Philadelphia,Restaurants,0.018306636155606407,4.5,4.0,205,240
Philadelphia,Restaurants,0.019940179461615155,4.5,4.0,205,818
Philadelphia,Restaurants,0.009333333333333334,4.5,4.0,205,552
Philadelphia,Restaurants,0.021238938053097345,4.5,4.5,205,372
Philadelphia,Restaurants,0.012213740458015267,4.5,4.5,205,1121
Philadelphia,Restaurants,0.006112469437652812,4.5,4.0,205,618
Philadelphia,Restaurants,0.012371134020618556,4.5,4.0,205,286
Philadelphia,Restaurants,0.004477611940298508,4.5,3.5,205,1141
Philadelphia,Restaurants,0.007380073800738007,4.5,4.0,205,614
Philadelphia,Restaurants,0.007776049766718507,4.5,3.5,205,443
Philadelphia,Restaurants,0.013076923076923076,4.5,3.5,205,1112
Philadelphia,Restaurants,0.012693935119887164,4.0,3.5,65,653
Philadelphia,Restaurants,0.010893246187363835,3.0,4.5,41,423
Philadelphia,Restaurants,0.007614213197969543,3.5,4.0,65,729
Philadelphia,Restaurants,0.02,3.5,4.5,65,241
Philadelphia,Restaurants,0.009819967266775777,3.5,4.0,65,552
Philadelphia,Restaurants,0.010221465076660987,3.5,4.5,65,1121
Philadelphia,Restaurants,0.007374631268436578,3.5,4.0,65,618
Philadelphia,Restaurants,0.005838198498748957,3.5,3.5,65,1141
Philadelphia,Restaurants,0.012062726176115802,3.0,4.0,56,783
Philadelphia,Restaurants,0.0165016501650165,3.0,4.0,56,252
Philadelphia,Restaurants,0.015625,3.0,3.0,56,334
Philadelphia,Restaurants,0.033582089552238806,3.0,3.0,56,221
Philadelphia,Restaurants,0.030120481927710843,3.0,2.5,56,115
Philadelphia,Restaurants,0.016025641025641024,3.0,4.0,56,261
Philadelphia,Restaurants,0.009036144578313253,3.0,4.0,56,614
Philadelphia,Restaurants,0.0059665871121718375,3.0,3.5,56,787
Philadelphia,Restaurants,0.006029285099052541,3.0,3.5,56,1112
Philadelphia,Restaurants,0.006666666666666667,3.0,4.0,137,618
Philadelphia,Restaurants,0.014005602240896359,3.0,3.0,137,225
Philadelphia,Restaurants,0.02512562814070352,3.0,4.0,137,67
Philadelphia,Restaurants,0.012903225806451613,3.0,3.0,137,334
Philadelphia,Restaurants,0.014106583072100314,3.0,4.5,137,510
Philadelphia,Restaurants,0.012006861063464836,3.0,3.5,137,453
Philadelphia,Restaurants,0.010263929618768328,3.0,4.0,137,552
Philadelphia,Restaurants,0.01478494623655914,3.0,4.0,137,618
Philadelphia,Restaurants,0.003927729772191673,3.0,3.5,137,1141
Philadelphia,Restaurants,0.00544069640914037,3.0,3.5,137,787
Philadelphia,Restaurants,0.010452961672473868,3.0,3.5,137,443
Philadelphia,Restaurants,0.0064464141821112,3.0,3.5,137,1112
Philadelphia,Restaurants,0.007927519818799546,4.5,4.0,72,818
Philadelphia,Restaurants,0.005054759898904802,4.5,4.5,72,1121
Philadelphia,Restaurants,0.010269576379974325,4.5,4.0,183,604
Philadelphia,Restaurants,0.014534883720930232,4.5,4.0,183,166
Philadelphia,Restaurants,0.02242152466367713,4.5,4.0,183,273
Philadelphia,Restaurants,0.014583333333333334,4.5,4.0,183,304
Philadelphia,Restaurants,0.012919896640826873,4.5,3.5,183,209
Philadelphia,Restaurants,0.008771929824561403,4.5,4.0,183,622
Philadelphia,Restaurants,0.018867924528301886,4.5,4.0,183,249
Philadelphia,Restaurants,0.015060240963855422,4.5,4.0,183,154
Philadelphia,Restaurants,0.007042253521126761,4.5,4.0,183,818
Philadelphia,Restaurants,0.00684931506849315,4.5,4.0,183,552
Philadelphia,Restaurants,0.010882708585247884,4.5,3.5,183,653
Philadelphia,Restaurants,0.006844106463878327,4.5,3.5,183,1141
Philadelphia,Restaurants,0.007585335018963337,4.5,4.0,183,614
Philadelphia,Restaurants,0.011308562197092083,4.5,3.5,183,443
Philadelphia,Restaurants,0.020905923344947737,4.5,2.5,183,110
Philadelphia,Restaurants,0.005434782608695652,4.5,3.5,183,1112
Philadelphia,Restaurants,0.006067961165048544,4.0,4.0,46,783
Philadelphia,Restaurants,0.03546099290780142,4.0,3.5,46,100
Philadelphia,Restaurants,0.011583011583011582,4.5,4.5,66,458
Philadelphia,Restaurants,0.024930747922437674,4.5,4.0,66,304
Philadelphia,Restaurants,0.010670731707317074,3.0,4.0,178,485
Philadelphia,Restaurants,0.0062827225130890054,3.0,4.0,178,783
Philadelphia,Restaurants,0.011210762331838564,3.0,4.0,178,273
Philadelphia,Restaurants,0.009708737864077669,3.0,3.5,178,446
Philadelphia,Restaurants,0.011135857461024499,3.0,2.5,178,276
Philadelphia,Restaurants,0.011217948717948718,3.0,3.5,178,453
Philadelphia,Restaurants,0.01015228426395939,3.0,4.0,178,618
Philadelphia,Restaurants,0.012180267965895249,3.0,3.5,178,653
Philadelphia,Restaurants,0.009181331293037491,3.0,3.5,178,1141
Philadelphia,Restaurants,0.005208333333333333,3.0,3.5,178,787
Philadelphia,Restaurants,0.013050570962479609,3.0,3.5,178,443
Philadelphia,Restaurants,0.0176678445229682,3.0,2.5,178,110
Philadelphia,Restaurants,0.005455962587685113,3.0,3.5,178,1112
Philadelphia,Restaurants,0.006230529595015576,4.0,4.5,618,351
Philadelphia,Restaurants,0.019182652210175146,4.0,4.0,618,604
Philadelphia,Restaurants,0.011612903225806452,4.0,4.0,618,166
Philadelphia,Restaurants,0.02244039270687237,4.0,3.5,618,111
Philadelphia,Restaurants,0.009210526315789473,4.0,3.5,618,149
Philadelphia,Restaurants,0.011926605504587157,4.0,4.0,618,485
Philadelphia,Restaurants,0.007782101167315175,4.0,4.5,618,159
Philadelphia,Restaurants,0.04671857619577308,4.0,4.0,618,323
Philadelphia,Restaurants,0.012091898428053204,4.0,4.0,618,219
Philadelphia,Restaurants,0.00904977375565611,4.0,4.0,618,51
Philadelphia,Restaurants,0.013748191027496382,4.0,4.0,618,783
Philadelphia,Restaurants,0.0059031877213695395,4.0,4.0,618,234
Philadelphia,Restaurants,0.014207650273224045,4.0,4.5,618,310
Philadelphia,Restaurants,0.017326732673267328,4.0,3.5,618,615
Philadelphia,Restaurants,0.016210739614994935,4.0,3.5,618,385
Philadelphia,Restaurants,0.007918552036199095,4.0,4.0,618,273
Philadelphia,Restaurants,0.009857612267250822,4.0,4.0,618,304
Philadelphia,Restaurants,0.0125,4.0,4.5,618,192
Philadelphia,Restaurants,0.01034928848641656,4.0,4.5,618,163
Philadelphia,Restaurants,0.011056511056511056,4.0,4.5,618,205
Philadelphia,Restaurants,0.007239819004524887,4.0,4.0,618,495
Philadelphia,Restaurants,0.01592356687898089,4.0,3.5,618,339
Philadelphia,Restaurants,0.007614213197969543,4.0,4.0,618,176
Philadelphia,Restaurants,0.00927487352445194,4.0,4.5,618,579
Philadelphia,Restaurants,0.01968205904617714,4.0,4.0,618,729
Philadelphia,Restaurants,0.015018773466833541,4.0,4.5,618,193
Philadelphia,Restaurants,0.009580838323353293,4.0,3.0,618,225
Philadelphia,Restaurants,0.017227235438884332,4.0,4.0,618,622
Philadelphia,Restaurants,0.008438818565400843,4.0,4.0,618,338
Philadelphia,Restaurants,0.008333333333333333,4.0,4.0,618,108
Philadelphia,Restaurants,0.004721435316336166,4.0,3.5,618,446
Philadelphia,Restaurants,0.020190023752969122,4.0,4.5,618,241
Philadelphia,Restaurants,0.006342494714587738,4.0,3.0,618,334
Philadelphia,Restaurants,0.014388489208633094,4.0,4.5,618,510
Philadelphia,Restaurants,0.01092896174863388,4.0,3.5,618,307
Philadelphia,Restaurants,0.010377358490566037,4.0,3.5,618,453
Philadelphia,Restaurants,0.007102272727272727,4.0,5.0,618,91
Philadelphia,Restaurants,0.007342143906020558,4.0,4.5,618,68
Philadelphia,Restaurants,0.008225616921269096,4.0,4.0,618,240
Philadelphia,Restaurants,0.0191625266146203,4.0,4.0,618,818
Philadelphia,Restaurants,0.005393743257820928,4.0,4.0,618,314
Philadelphia,Restaurants,0.020942408376963352,4.0,4.0,618,552
Philadelphia,Restaurants,0.009174311926605505,4.0,4.5,618,372
Philadelphia,Restaurants,0.056500607533414335,4.0,4.5,618,1121
Philadelphia,Restaurants,0.006105006105006105,4.0,4.5,618,206
Philadelphia,Restaurants,0.006075334143377886,4.0,4.0,618,210
Philadelphia,Restaurants,0.004826254826254826,4.0,4.5,618,423
Philadelphia,Restaurants,0.007863695937090432,4.0,3.5,618,151
Philadelphia,Restaurants,0.010796221322537112,4.0,3.0,618,131
Philadelphia,Restaurants,0.015612161051766639,4.0,4.0,618,618
Philadelphia,Restaurants,0.010714285714285714,4.0,4.0,618,231
Philadelphia,Restaurants,0.011185682326621925,4.0,4.0,618,286
Philadelphia,Restaurants,0.006857142857142857,4.0,4.0,618,263
Philadelphia,Restaurants,0.017614091273018415,4.0,3.5,618,653
Philadelphia,Restaurants,0.019174041297935103,4.0,4.0,618,73
Philadelphia,Restaurants,0.00911854103343465,4.0,4.0,618,46
Philadelphia,Restaurants,0.017939814814814815,4.0,3.5,618,1141
Philadelphia,Restaurants,0.009221311475409836,4.0,3.5,618,367
Philadelphia,Restaurants,0.012552301255230125,4.0,4.0,618,108
Philadelphia,Restaurants,0.03745318352059925,4.0,4.5,618,213
Philadelphia,Restaurants,0.008027522935779817,4.0,4.0,618,261
Philadelphia,Restaurants,0.006535947712418301,4.0,4.0,618,614
Philadelphia,Restaurants,0.006514657980456026,4.0,3.5,618,618
Philadelphia,Restaurants,0.015173410404624277,4.0,3.5,618,787
Philadelphia,Restaurants,0.006641366223908918,4.0,3.5,618,443
Philadelphia,Restaurants,0.015258215962441314,4.0,3.5,618,1112
Philadelphia,Restaurants,0.015810276679841896,4.5,3.5,351,163
Philadelphia,Restaurants,0.0077279752704791345,4.5,4.0,351,301
Philadelphia,Restaurants,0.010882708585247884,4.5,4.0,351,485
Philadelphia,Restaurants,0.011904761904761904,4.5,4.5,351,159
Philadelphia,Restaurants,0.013784461152882205,4.5,4.5,351,458
Philadelphia,Restaurants,0.008982035928143712,4.5,4.0,351,323
Philadelphia,Restaurants,0.016042780748663103,4.5,4.0,351,219
Philadelphia,Restaurants,0.013404825737265416,4.5,4.0,351,783
Philadelphia,Restaurants,0.016863406408094434,4.5,4.0,351,252
Philadelphia,Restaurants,0.01386481802426343,4.5,4.0,351,234
Philadelphia,Restaurants,0.010273972602739725,4.5,3.5,351,239
Philadelphia,Restaurants,0.007621951219512195,4.5,4.5,351,310
Philadelphia,Restaurants,0.011518324607329843,4.5,3.5,351,615
Philadelphia,Restaurants,0.011345218800648298,4.5,4.0,351,273
Philadelphia,Restaurants,0.01866251944012442,4.5,4.0,351,304
Philadelphia,Restaurants,0.016826923076923076,4.5,3.5,351,72
Philadelphia,Restaurants,0.010309278350515464,4.5,3.5,351,139
Philadelphia,Restaurants,0.026755852842809364,4.5,4.0,351,263
Philadelphia,Restaurants,0.00954653937947494,4.5,4.0,351,495
Philadelphia,Restaurants,0.008771929824561403,4.5,3.5,351,339
Philadelphia,Restaurants,0.026490066225165563,4.5,4.5,351,579
Philadelphia,Restaurants,0.014492753623188406,4.5,3.5,351,209
Philadelphia,Restaurants,0.011235955056179775,4.5,4.0,351,729
Philadelphia,Restaurants,0.008290155440414507,4.5,4.0,351,622
Philadelphia,Restaurants,0.011747430249632892,4.5,4.0,351,338
Philadelphia,Restaurants,0.02188183807439825,4.5,3.5,351,116
Philadelphia,Restaurants,0.021153846153846155,4.5,3.5,351,180
Philadelphia,Restaurants,0.008517887563884156,4.5,4.5,351,241
Philadelphia,Restaurants,0.015873015873015872,4.5,3.5,351,97
Philadelphia,Restaurants,0.015330188679245283,4.5,4.5,351,510
Philadelphia,Restaurants,0.006257822277847309,4.5,3.5,351,453
Philadelphia,Restaurants,0.008532423208191127,4.5,4.0,351,240
Philadelphia,Restaurants,0.024539877300613498,4.5,4.0,351,818
Philadelphia,Restaurants,0.009487666034155597,4.5,4.0,351,181
Philadelphia,Restaurants,0.010638297872340425,4.5,4.0,351,314
Philadelphia,Restaurants,0.014606741573033709,4.5,4.0,351,552
Philadelphia,Restaurants,0.011065006915629323,4.5,4.5,351,380
Philadelphia,Restaurants,0.03581661891117478,4.5,4.5,351,372
Philadelphia,Restaurants,0.00821917808219178,4.5,4.5,351,1121
Philadelphia,Restaurants,0.008992805755395683,4.5,4.0,351,210
Philadelphia,Restaurants,0.009126466753585397,4.5,4.5,351,423
Philadelphia,Restaurants,0.008324661810613945,4.5,4.0,351,618
Philadelphia,Restaurants,0.010416666666666666,4.5,4.0,351,231
Philadelphia,Restaurants,0.012718600953895072,4.5,4.0,351,286
Philadelphia,Restaurants,0.015254237288135594,4.5,4.5,351,248
Philadelphia,Restaurants,0.02100840336134454,4.5,4.5,351,135
Philadelphia,Restaurants,0.00878972278566599,4.5,3.5,351,1141
Philadelphia,Restaurants,0.008237232289950576,4.5,4.0,351,261
Philadelphia,Restaurants,0.012591815320041973,4.5,4.0,351,614
Philadelphia,Restaurants,0.012455516014234875,4.5,3.5,351,787
Philadelphia,Restaurants,0.02056555269922879,4.5,3.5,351,443
Philadelphia,Restaurants,0.013043478260869565,4.5,4.0,351,115
Philadelphia,Restaurants,0.031007751937984496,4.5,3.5,351,1112
Philadelphia,Restaurants,0.009210526315789473,4.0,3.5,604,163
Philadelphia,Restaurants,0.012330456226880395,4.0,4.0,604,217
Philadelphia,Restaurants,0.0158311345646438,4.0,4.0,604,166
Philadelphia,Restaurants,0.009887005649717515,4.0,3.5,604,111
Philadelphia,Restaurants,0.00938337801608579,4.0,3.5,604,149
Philadelphia,Restaurants,0.009077155824508321,4.0,2.5,604,63
Philadelphia,Restaurants,0.013023255813953489,4.0,4.0,604,485
Philadelphia,Restaurants,0.009259259259259259,4.0,4.5,604,159
Philadelphia,Restaurants,0.023178807947019868,4.0,4.0,604,323
Philadelphia,Restaurants,0.013546798029556651,4.0,4.0,604,219
Philadelphia,Restaurants,0.012408759124087591,4.0,4.0,604,783
Philadelphia,Restaurants,0.008244994110718492,4.0,4.0,604,252
Philadelphia,Restaurants,0.010856453558504222,4.0,4.0,604,234
Philadelphia,Restaurants,0.008373205741626795,4.0,3.5,604,239
Philadelphia,Restaurants,0.005500550055005501,4.0,4.5,604,310
Philadelphia,Restaurants,0.018379281537176273,4.0,3.5,604,615
Philadelphia,Restaurants,0.01331967213114754,4.0,3.5,604,385
Philadelphia,Restaurants,0.008045977011494253,4.0,4.0,604,273
Philadelphia,Restaurants,0.00776914539400666,4.0,4.0,604,304
Philadelphia,Restaurants,0.007246376811594203,4.0,4.5,604,91
Philadelphia,Restaurants,0.008141112618724558,4.0,3.5,604,139
Philadelphia,Restaurants,0.008728179551122194,4.0,4.5,604,205
Philadelphia,Restaurants,0.0054894784995425435,4.0,4.0,604,495
Philadelphia,Restaurants,0.006711409395973154,4.0,3.5,604,146
Philadelphia,Restaurants,0.023887079261672096,4.0,3.5,604,339
Philadelphia,Restaurants,0.0064516129032258064,4.0,4.0,604,176
Philadelphia,Restaurants,0.02070750647109577,4.0,4.5,604,579
Philadelphia,Restaurants,0.01625,4.0,3.5,604,209
Philadelphia,Restaurants,0.01600609756097561,4.0,4.0,604,729
Philadelphia,Restaurants,0.010139416983523447,4.0,4.5,604,193
Philadelphia,Restaurants,0.01717791411042945,4.0,3.0,604,225
Philadelphia,Restaurants,0.020815986677768527,4.0,4.0,604,622
Philadelphia,Restaurants,0.015086206896551725,4.0,4.0,604,338
Philadelphia,Restaurants,0.02155688622754491,4.0,4.0,604,249
Philadelphia,Restaurants,0.016456921587608905,4.0,3.5,604,446
Philadelphia,Restaurants,0.010332950631458095,4.0,2.5,604,276
Philadelphia,Restaurants,0.014230271668822769,4.0,3.5,604,180
Philadelphia,Restaurants,0.01076555023923445,4.0,4.5,604,241
Philadelphia,Restaurants,0.010086455331412104,4.0,3.5,604,97
Philadelphia,Restaurants,0.006437768240343348,4.0,3.0,604,334
Philadelphia,Restaurants,0.012711864406779662,4.0,3.5,604,113
Philadelphia,Restaurants,0.017351598173515982,4.0,4.5,604,510
Philadelphia,Restaurants,0.01560758082497213,4.0,3.5,604,307
Philadelphia,Restaurants,0.022243713733075435,4.0,3.5,604,453
Philadelphia,Restaurants,0.007700770077007701,4.0,3.0,604,312
Philadelphia,Restaurants,0.012016021361815754,4.0,4.0,604,154
Philadelphia,Restaurants,0.0059594755661501785,4.0,4.0,604,240
Philadelphia,Restaurants,0.030434782608695653,4.0,4.0,604,818
Philadelphia,Restaurants,0.00547645125958379,4.0,4.0,604,314
Philadelphia,Restaurants,0.02120141342756184,4.0,4.0,604,552
Philadelphia,Restaurants,0.014553014553014554,4.0,4.5,604,372
Philadelphia,Restaurants,0.028622540250447227,4.0,4.5,604,1121
Philadelphia,Restaurants,0.02132998745294856,4.0,4.0,604,210
Philadelphia,Restaurants,0.006666666666666667,4.0,3.5,604,151
Philadelphia,Restaurants,0.007886435331230283,4.0,4.0,604,35
Philadelphia,Restaurants,0.02689075630252101,4.0,4.0,604,618
Philadelphia,Restaurants,0.0071174377224199285,4.0,4.5,604,245
Philadelphia,Restaurants,0.020642201834862386,4.0,4.0,604,286
Philadelphia,Restaurants,0.00580046403712297,4.0,4.0,604,263
Philadelphia,Restaurants,0.012139605462822459,4.0,3.5,604,63
Philadelphia,Restaurants,0.0128928283642224,4.0,3.5,604,653
Philadelphia,Restaurants,0.006570302233902759,4.0,3.5,604,162
Philadelphia,Restaurants,0.029498525073746312,4.0,3.5,604,1141
Philadelphia,Restaurants,0.009355509355509356,4.0,3.5,604,367
Philadelphia,Restaurants,0.0084985835694051,4.0,4.0,604,108
Philadelphia,Restaurants,0.008641975308641974,4.0,4.5,604,213
Philadelphia,Restaurants,0.007518796992481203,4.0,2.5,604,200
Philadelphia,Restaurants,0.015258215962441314,4.0,4.0,604,261
Philadelphia,Restaurants,0.014154870940882597,4.0,4.0,604,614
Philadelphia,Restaurants,0.011589403973509934,4.0,3.5,604,618
Philadelphia,Restaurants,0.01904761904761905,4.0,3.5,604,787
Philadelphia,Restaurants,0.015518913676042677,4.0,3.5,604,443
Philadelphia,Restaurants,0.007374631268436578,4.0,3.0,604,79
Philadelphia,Restaurants,0.011477761836441894,4.0,4.0,604,101
Philadelphia,Restaurants,0.009831460674157303,4.0,4.0,604,115
Philadelphia,Restaurants,0.017793594306049824,4.0,3.5,604,1112
Philadelphia,Restaurants,0.018666666666666668,3.5,4.0,163,219
Philadelphia,Restaurants,0.010683760683760684,3.5,4.0,163,783
Philadelphia,Restaurants,0.014341590612777053,3.5,3.5,163,615
Philadelphia,Restaurants,0.010822510822510822,3.5,4.0,163,304
Philadelphia,Restaurants,0.009523809523809525,3.5,4.5,163,579
Philadelphia,Restaurants,0.010080645161290322,3.5,4.0,163,338
Philadelphia,Restaurants,0.020833333333333332,3.5,3.5,163,180
Philadelphia,Restaurants,0.0196078431372549,3.5,3.5,163,97
Philadelphia,Restaurants,0.01016260162601626,3.5,3.0,163,334
Philadelphia,Restaurants,0.014827018121911038,3.5,3.5,163,453
Philadelphia,Restaurants,0.010298661174047374,3.5,4.0,163,818
Philadelphia,Restaurants,0.009887005649717515,3.5,4.0,163,552
Philadelphia,Restaurants,0.01358695652173913,3.5,4.0,163,210
Philadelphia,Restaurants,0.007741935483870968,3.5,4.0,163,618
Philadelphia,Restaurants,0.013544018058690745,3.5,4.0,163,286
Philadelphia,Restaurants,0.008507347254447023,3.5,3.5,163,1141
Philadelphia,Restaurants,0.021686746987951807,3.5,4.0,163,261
Philadelphia,Restaurants,0.006476683937823834,3.5,4.0,163,614
Philadelphia,Restaurants,0.006355932203389831,3.5,3.5,163,787
Philadelphia,Restaurants,0.008319467554076539,3.5,3.5,163,443
Philadelphia,Restaurants,0.011904761904761904,3.5,3.5,163,1112
Philadelphia,Restaurants,0.008620689655172414,4.0,4.0,217,485
Philadelphia,Restaurants,0.021739130434782608,4.0,4.5,217,159
Philadelphia,Restaurants,0.010479041916167664,4.0,4.5,217,458
Philadelphia,Restaurants,0.011235955056179775,4.0,4.0,217,323
Philadelphia,Restaurants,0.014198782961460446,4.0,4.0,217,783
Philadelphia,Restaurants,0.010775862068965518,4.0,4.0,217,252
Philadelphia,Restaurants,0.020361990950226245,4.0,4.0,217,234
Philadelphia,Restaurants,0.011516314779270634,4.0,4.5,217,310
Philadelphia,Restaurants,0.010935601458080195,4.0,3.5,217,615
Philadelphia,Restaurants,0.010067114093959731,4.0,3.5,217,385
Philadelphia,Restaurants,0.013618677042801557,4.0,4.0,217,304
Philadelphia,Restaurants,0.020202020202020204,4.0,4.5,217,86
Philadelphia,Restaurants,0.02120141342756184,4.0,3.5,217,72
Philadelphia,Restaurants,0.010526315789473684,4.0,4.0,217,263
Philadelphia,Restaurants,0.009074410163339383,4.0,3.5,217,339
Philadelphia,Restaurants,0.0324254215304799,4.0,4.5,217,579
Philadelphia,Restaurants,0.019138755980861243,4.0,3.5,217,209
Philadelphia,Restaurants,0.007454739084132056,4.0,4.0,217,729
Philadelphia,Restaurants,0.011441647597254004,4.0,3.0,217,225
Philadelphia,Restaurants,0.01696969696969697,4.0,4.0,217,622
Philadelphia,Restaurants,0.035555555555555556,4.0,4.0,217,249
Philadelphia,Restaurants,0.013761467889908258,4.0,3.5,217,446
Philadelphia,Restaurants,0.02056555269922879,4.0,3.5,217,180
Philadelphia,Restaurants,0.016181229773462782,4.0,3.5,217,97
Philadelphia,Restaurants,0.024844720496894408,4.0,3.5,217,113
Philadelphia,Restaurants,0.012534818941504178,4.0,4.5,217,510
Philadelphia,Restaurants,0.021442495126705652,4.0,3.5,217,307
Philadelphia,Restaurants,0.015151515151515152,4.0,3.5,217,453
Philadelphia,Restaurants,0.01366120218579235,4.0,4.0,217,154
Philadelphia,Restaurants,0.011061946902654867,4.0,4.0,217,240
Philadelphia,Restaurants,0.015701668302257114,4.0,4.0,217,818
Philadelphia,Restaurants,0.012027491408934709,4.0,4.5,217,372
Philadelphia,Restaurants,0.008289374529012811,4.0,4.5,217,1121
Philadelphia,Restaurants,0.010895883777239709,4.0,4.0,217,618
Philadelphia,Restaurants,0.005780346820809248,4.0,3.5,217,653
Philadelphia,Restaurants,0.0175054704595186,4.0,4.5,217,248
Philadelphia,Restaurants,0.01440922190201729,4.0,4.5,217,135
Philadelphia,Restaurants,0.014947683109118086,4.0,3.5,217,1141
Philadelphia,Restaurants,0.010380622837370242,4.0,3.5,217,367
Philadelphia,Restaurants,0.013414634146341463,4.0,4.0,217,614
Philadelphia,Restaurants,0.006024096385542169,4.0,3.5,217,618
Philadelphia,Restaurants,0.01006036217303823,4.0,3.5,217,787
Philadelphia,Restaurants,0.02009273570324575,4.0,3.5,217,443
Philadelphia,Restaurants,0.009878419452887538,4.0,3.5,217,1112
Philadelphia,Restaurants,0.012422360248447204,4.0,4.0,166,323
Philadelphia,Restaurants,0.005296610169491525,4.0,4.0,166,783
Philadelphia,Restaurants,0.012658227848101266,4.0,4.0,166,234
Philadelphia,Restaurants,0.01034928848641656,4.0,3.5,166,615
Philadelphia,Restaurants,0.016605166051660517,4.0,3.5,166,385
Philadelphia,Restaurants,0.009485094850948509,4.0,4.5,166,579
Philadelphia,Restaurants,0.016260162601626018,4.0,3.5,166,209
Philadelphia,Restaurants,0.007882882882882882,4.0,4.0,166,729
Philadelphia,Restaurants,0.012953367875647668,4.0,3.0,166,225
Philadelphia,Restaurants,0.01808785529715762,4.0,4.0,166,622
Philadelphia,Restaurants,0.007451564828614009,4.0,4.5,166,510
Philadelphia,Restaurants,0.009787928221859706,4.0,3.5,166,453
Philadelphia,Restaurants,0.01652892561983471,4.0,4.0,166,818
Philadelphia,Restaurants,0.008426966292134831,4.0,4.0,166,552
Philadelphia,Restaurants,0.011278195488721804,4.0,4.5,166,372
Philadelphia,Restaurants,0.00468384074941452,4.0,4.5,166,1121
Philadelphia,Restaurants,0.010309278350515464,4.0,4.0,166,618
Philadelphia,Restaurants,0.007380073800738007,4.0,3.5,166,653
Philadelphia,Restaurants,0.02575107296137339,4.0,4.0,166,73
Philadelphia,Restaurants,0.008487654320987654,4.0,3.5,166,1141
Philadelphia,Restaurants,0.00946969696969697,4.0,3.5,166,367
Philadelphia,Restaurants,0.0064516129032258064,4.0,4.0,166,614
Philadelphia,Restaurants,0.010309278350515464,4.0,3.5,166,618
Philadelphia,Restaurants,0.008465608465608466,4.0,3.5,166,787
Philadelphia,Restaurants,0.0070921985815602835,4.0,3.5,166,1112
Philadelphia,Restaurants,0.015901060070671377,4.0,4.0,80,495
Philadelphia,Restaurants,0.015151515151515152,4.0,3.5,28,307
Philadelphia,Restaurants,0.012396694214876033,3.5,3.5,44,446
Philadelphia,Restaurants,0.0052173913043478265,3.5,3.5,44,1112
Philadelphia,Restaurants,0.026004728132387706,3.5,4.0,111,323
Philadelphia,Restaurants,0.011312217194570135,3.5,4.0,111,783
Philadelphia,Restaurants,0.009735744089012517,3.5,3.5,111,615
Philadelphia,Restaurants,0.01607717041800643,3.5,4.5,111,205
Philadelphia,Restaurants,0.008319467554076539,3.5,4.0,111,495
Philadelphia,Restaurants,0.007194244604316547,3.5,4.0,111,729
Philadelphia,Restaurants,0.01818181818181818,3.5,3.0,111,225
Philadelphia,Restaurants,0.013050570962479609,3.5,4.5,111,510
Philadelphia,Restaurants,0.01088139281828074,3.5,4.0,111,818
Philadelphia,Restaurants,0.011904761904761904,3.5,4.0,111,314
Philadelphia,Restaurants,0.015313935681470138,3.5,4.0,111,552
Philadelphia,Restaurants,0.011494252873563218,3.5,4.5,111,1121
Philadelphia,Restaurants,0.02109704641350211,3.5,3.0,111,131
Philadelphia,Restaurants,0.02056555269922879,3.5,4.0,111,286
Philadelphia,Restaurants,0.0079155672823219,3.5,3.5,111,653
Philadelphia,Restaurants,0.005622489959839358,3.5,3.5,111,1141
Philadelphia,Restaurants,0.01567398119122257,3.5,4.5,111,213
Philadelphia,Restaurants,0.019178082191780823,3.5,4.0,111,261
Philadelphia,Restaurants,0.008344923504867872,3.5,4.0,111,614
Philadelphia,Restaurants,0.008298755186721992,3.5,3.5,111,618
Philadelphia,Restaurants,0.010123734533183352,3.5,3.5,111,787
Philadelphia,Restaurants,0.0049301561216105174,3.5,3.5,111,1112
Philadelphia,Restaurants,0.008985879332477536,4.0,4.0,301,485
Philadelphia,Restaurants,0.029850746268656716,4.0,4.5,301,458
Philadelphia,Restaurants,0.012987012987012988,4.0,4.0,301,323
Philadelphia,Restaurants,0.01975540921919097,4.0,4.0,301,783
Philadelphia,Restaurants,0.01841620626151013,4.0,4.0,301,252
Philadelphia,Restaurants,0.04310344827586207,4.0,4.0,301,304
Philadelphia,Restaurants,0.010752688172043012,4.0,4.0,301,263
Philadelphia,Restaurants,0.00980392156862745,4.0,4.0,301,729
Philadelphia,Restaurants,0.009846827133479213,4.0,4.0,301,622
Philadelphia,Restaurants,0.007886435331230283,4.0,4.0,301,338
Philadelphia,Restaurants,0.012626262626262626,4.0,3.5,301,100
Philadelphia,Restaurants,0.016713091922005572,4.0,4.0,301,64
Philadelphia,Restaurants,0.00931098696461825,4.0,4.5,301,241
Philadelphia,Restaurants,0.02090032154340836,4.0,3.0,301,334
Philadelphia,Restaurants,0.008706467661691543,4.0,4.5,301,510
Philadelphia,Restaurants,0.009966777408637873,4.0,3.5,301,307
Philadelphia,Restaurants,0.009927797833935019,4.0,4.0,301,818
Philadelphia,Restaurants,0.01652892561983471,4.0,4.0,301,314
Philadelphia,Restaurants,0.00589622641509434,4.0,4.0,301,552
Philadelphia,Restaurants,0.0074850299401197605,4.0,4.5,301,372
Philadelphia,Restaurants,0.00851063829787234,4.0,4.5,301,1121
Philadelphia,Restaurants,0.007675438596491228,4.0,4.0,301,618
Philadelphia,Restaurants,0.010327022375215147,4.0,4.0,301,286
Philadelphia,Restaurants,0.014787430683918669,4.0,4.5,301,248
Philadelphia,Restaurants,0.023529411764705882,4.0,3.0,301,221
Philadelphia,Restaurants,0.014634146341463415,4.0,2.5,301,115
Philadelphia,Restaurants,0.004878048780487805,4.0,3.5,301,1141
Philadelphia,Restaurants,0.010040160642570281,4.0,4.5,301,202
Philadelphia,Restaurants,0.011811023622047244,4.0,4.5,301,213
Philadelphia,Restaurants,0.005494505494505495,4.0,4.0,301,614
Philadelphia,Restaurants,0.0064754856614246065,4.0,3.5,301,787
Philadelphia,Restaurants,0.006765899864682003,4.0,3.5,301,443
Philadelphia,Restaurants,0.010007147962830594,4.0,3.5,301,1112
Philadelphia,Restaurants,0.008902077151335312,4.0,3.5,65,615
Philadelphia,Restaurants,0.01809954751131222,4.0,3.5,65,385
Philadelphia,Restaurants,0.01098901098901099,4.0,4.5,65,579
Philadelphia,Restaurants,0.017543859649122806,4.0,3.0,65,225
Philadelphia,Restaurants,0.06666666666666667,4.0,3.5,65,15
Philadelphia,Restaurants,0.009746588693957114,4.0,3.5,65,453
Philadelphia,Restaurants,0.011475409836065573,4.0,4.0,65,552
Philadelphia,Restaurants,0.008862629246676515,4.0,4.0,65,618
Philadelphia,Restaurants,0.005838198498748957,4.0,3.5,65,1141
Philadelphia,Restaurants,0.0070921985815602835,4.0,3.5,65,787
Philadelphia,Restaurants,0.013282732447817837,3.5,3.5,149,385
Philadelphia,Restaurants,0.008310249307479225,3.5,4.5,149,579
Philadelphia,Restaurants,0.013550135501355014,3.5,3.0,149,225
Philadelphia,Restaurants,0.006527415143603133,3.5,4.0,149,622
Philadelphia,Restaurants,0.011904761904761904,3.5,3.5,149,446
Philadelphia,Restaurants,0.010067114093959731,3.5,3.5,149,453
Philadelphia,Restaurants,0.008342022940563087,3.5,4.0,149,818
Philadelphia,Restaurants,0.007183908045977011,3.5,4.0,149,552
Philadelphia,Restaurants,0.009689922480620155,3.5,4.5,149,372
Philadelphia,Restaurants,0.0055423594615993665,3.5,4.5,149,1121
Philadelphia,Restaurants,0.013986013986013986,3.5,4.0,149,286
Philadelphia,Restaurants,0.011764705882352941,3.5,3.5,149,1141
Philadelphia,Restaurants,0.015748031496062992,3.5,3.5,149,367
Philadelphia,Restaurants,0.011891891891891892,3.5,3.5,149,787
Philadelphia,Restaurants,0.015437392795883362,3.5,3.5,149,443
Philadelphia,Restaurants,0.003980891719745223,3.5,3.5,149,1112
Philadelphia,Restaurants,0.00580046403712297,4.5,4.0,138,729
Philadelphia,Restaurants,0.007776049766718507,4.5,4.5,138,510
Philadelphia,Restaurants,0.008771929824561403,4.5,4.0,138,552
Philadelphia,Restaurants,0.0072,4.5,4.5,138,1121
Philadelphia,Restaurants,0.0056315366049879325,4.5,3.5,138,1112
Philadelphia,Restaurants,0.006038647342995169,3.5,4.0,50,783
Philadelphia,Restaurants,0.016835016835016835,3.5,4.0,50,252
Philadelphia,Restaurants,0.017241379310344827,3.5,4.0,50,304
Philadelphia,Restaurants,0.015665796344647518,3.5,3.5,50,339
Philadelphia,Restaurants,0.045871559633027525,3.5,4.0,50,64
Philadelphia,Restaurants,0.026737967914438502,3.5,3.0,50,334
Philadelphia,Restaurants,0.013927576601671309,3.5,4.0,50,314
Philadelphia,Restaurants,0.050387596899224806,3.5,3.0,50,221
Philadelphia,Restaurants,0.03125,3.5,2.5,50,115
Philadelphia,Restaurants,0.012195121951219513,3.5,4.0,50,614
Philadelphia,Restaurants,0.007849293563579277,2.5,4.5,63,579
Philadelphia,Restaurants,0.007352941176470588,2.5,4.0,63,622
Philadelphia,Restaurants,0.016286644951140065,2.5,4.0,63,249
Philadelphia,Restaurants,0.009784735812133072,2.5,3.5,63,453
Philadelphia,Restaurants,0.006857142857142857,2.5,4.0,63,818
Philadelphia,Restaurants,0.00819672131147541,2.5,4.0,63,552
Philadelphia,Restaurants,0.0073964497041420114,2.5,4.0,63,618
Philadelphia,Restaurants,0.005008347245409015,2.5,3.5,63,1141
Philadelphia,Restaurants,0.014285714285714285,4.0,4.0,92,263
Philadelphia,Restaurants,0.009988901220865706,4.0,4.0,92,818
Philadelphia,Restaurants,0.004971002485501243,4.0,4.5,92,1121
Philadelphia,Restaurants,0.013257575757575758,4.0,3.5,92,443
Philadelphia,Restaurants,0.009220452640402346,4.0,3.5,92,1112
Philadelphia,Restaurants,0.004366812227074236,4.5,4.5,29,1121
Philadelphia,Restaurants,0.018333333333333333,4.5,4.0,116,495
Philadelphia,Restaurants,0.007961783439490446,4.0,3.5,485,148
Philadelphia,Restaurants,0.009635974304068522,4.0,4.5,485,458
Philadelphia,Restaurants,0.007481296758104738,4.0,4.0,485,323
Philadelphia,Restaurants,0.008912655971479501,4.0,4.0,485,81
Philadelphia,Restaurants,0.012779552715654952,4.0,4.0,485,783
Philadelphia,Restaurants,0.009589041095890411,4.0,4.0,485,252
Philadelphia,Restaurants,0.011029411764705883,4.0,3.5,485,615
Philadelphia,Restaurants,0.011627906976744186,4.0,3.5,485,385
Philadelphia,Restaurants,0.008951406649616368,4.0,4.0,485,304
Philadelphia,Restaurants,0.009345794392523364,4.0,4.5,485,163
Philadelphia,Restaurants,0.006729475100942127,4.0,4.0,485,263
Philadelphia,Restaurants,0.005128205128205128,4.0,4.0,485,495
Philadelphia,Restaurants,0.011042944785276074,4.0,3.5,485,339
Philadelphia,Restaurants,0.013803680981595092,4.0,4.0,485,176
Philadelphia,Restaurants,0.009487666034155597,4.0,4.5,485,579
Philadelphia,Restaurants,0.011661807580174927,4.0,3.5,485,209
Philadelphia,Restaurants,0.008305647840531562,4.0,4.0,485,729
Philadelphia,Restaurants,0.00995732574679943,4.0,3.0,485,225
Philadelphia,Restaurants,0.009115770282588878,4.0,4.0,485,622
Philadelphia,Restaurants,0.0073439412484700125,4.0,4.0,485,338
Philadelphia,Restaurants,0.01048951048951049,4.0,4.0,485,93
Philadelphia,Restaurants,0.014161220043572984,4.0,3.5,485,446
Philadelphia,Restaurants,0.007947019867549669,4.0,2.5,485,276
Philadelphia,Restaurants,0.0121765601217656,4.0,3.5,485,180
Philadelphia,Restaurants,0.006934812760055479,4.0,4.5,485,241
Philadelphia,Restaurants,0.015706806282722512,4.0,3.5,485,97
Philadelphia,Restaurants,0.009864364981504316,4.0,3.0,485,334
Philadelphia,Restaurants,0.011178861788617886,4.0,4.5,485,510
Philadelphia,Restaurants,0.010775862068965518,4.0,3.5,485,453
Philadelphia,Restaurants,0.014285714285714285,4.0,4.0,485,154
Philadelphia,Restaurants,0.009868421052631578,4.0,3.5,485,129
Philadelphia,Restaurants,0.01638065522620905,4.0,4.0,485,818
Philadelphia,Restaurants,0.01913265306122449,4.0,4.0,485,314
Philadelphia,Restaurants,0.013685239491691105,4.0,4.0,485,552
Philadelphia,Restaurants,0.009334889148191364,4.0,4.5,485,380
Philadelphia,Restaurants,0.01061320754716981,4.0,4.5,485,372
Philadelphia,Restaurants,0.010062893081761006,4.0,4.5,485,1121
Philadelphia,Restaurants,0.017527675276752766,4.0,4.0,485,618
Philadelphia,Restaurants,0.007032348804500703,4.0,4.0,485,231
Philadelphia,Restaurants,0.006527415143603133,4.0,4.0,485,286
Philadelphia,Restaurants,0.02185792349726776,4.0,4.0,485,263
Philadelphia,Restaurants,0.010657193605683837,4.0,3.5,485,653
Philadelphia,Restaurants,0.011428571428571429,4.0,4.0,485,46
Philadelphia,Restaurants,0.010014306151645207,4.0,3.0,485,221
Philadelphia,Restaurants,0.016885553470919325,4.0,3.5,485,1141
Philadelphia,Restaurants,0.011876484560570071,4.0,3.5,485,367
Philadelphia,Restaurants,0.012211668928086838,4.0,4.0,485,261
Philadelphia,Restaurants,0.01011029411764706,4.0,4.0,485,614
Philadelphia,Restaurants,0.009149130832570906,4.0,3.5,485,618
Philadelphia,Restaurants,0.00792393026941363,4.0,3.5,485,787
Philadelphia,Restaurants,0.018660812294182216,4.0,3.5,485,443
Philadelphia,Restaurants,0.01559792027729636,4.0,4.0,485,101
Philadelphia,Restaurants,0.015228426395939087,4.0,4.0,485,115
Philadelphia,Restaurants,0.01914486279514997,4.0,3.5,485,1112
Philadelphia,Restaurants,0.019027484143763214,4.5,4.0,159,323
Philadelphia,Restaurants,0.024017467248908297,4.5,4.5,159,310
Philadelphia,Restaurants,0.009126466753585397,4.5,3.5,159,615
Philadelphia,Restaurants,0.014423076923076924,4.5,4.0,159,263
Philadelphia,Restaurants,0.016927083333333332,4.5,4.0,159,622
Philadelphia,Restaurants,0.01016260162601626,4.5,4.0,159,338
Philadelphia,Restaurants,0.02,4.5,4.0,159,249
Philadelphia,Restaurants,0.012102874432677761,4.5,4.5,159,510
Philadelphia,Restaurants,0.013043478260869565,4.5,3.5,159,307
Philadelphia,Restaurants,0.008237232289950576,4.5,3.5,159,453
Philadelphia,Restaurants,0.012690355329949238,4.5,4.0,159,240
Philadelphia,Restaurants,0.006179196704428424,4.5,4.0,159,818
Philadelphia,Restaurants,0.013358778625954198,4.5,4.5,159,372
Philadelphia,Restaurants,0.011058451816745656,4.5,4.5,159,1121
Philadelphia,Restaurants,0.008665511265164644,4.5,4.5,159,423
Philadelphia,Restaurants,0.007782101167315175,4.5,4.0,159,618
Philadelphia,Restaurants,0.009950248756218905,4.5,3.5,159,653
Philadelphia,Restaurants,0.022026431718061675,4.5,4.0,159,73
Philadelphia,Restaurants,0.006191950464396285,4.5,3.5,159,1141
Philadelphia,Restaurants,0.006510416666666667,4.5,4.0,159,614
Philadelphia,Restaurants,0.006476683937823834,4.5,3.5,159,618
Philadelphia,Restaurants,0.0196078431372549,4.5,4.0,159,101
Philadelphia,Restaurants,0.01194267515923567,4.5,3.5,159,1112
Philadelphia,Restaurants,0.005813953488372093,3.5,4.0,47,818
Philadelphia,Restaurants,0.012987012987012988,3.0,3.5,151,239
Philadelphia,Restaurants,0.01507537688442211,3.5,4.5,148,458
Philadelphia,Restaurants,0.014161220043572984,3.5,4.0,148,783
Philadelphia,Restaurants,0.028277634961439587,3.5,4.0,148,252
Philadelphia,Restaurants,0.02262443438914027,3.5,4.0,148,304
Philadelphia,Restaurants,0.01037344398340249,3.5,3.5,148,339
Philadelphia,Restaurants,0.008321775312066574,3.5,4.5,148,579
Philadelphia,Restaurants,0.024793388429752067,3.5,3.5,148,100
Philadelphia,Restaurants,0.024154589371980676,3.5,4.0,148,64
Philadelphia,Restaurants,0.012755102040816327,3.5,4.0,148,249
Philadelphia,Restaurants,0.0211864406779661,3.5,3.0,148,334
Philadelphia,Restaurants,0.01953125,3.5,3.5,148,113
Philadelphia,Restaurants,0.008389261744966443,3.5,3.5,148,453
Philadelphia,Restaurants,0.016835016835016835,3.5,4.0,148,154
Philadelphia,Restaurants,0.015432098765432098,3.5,4.0,148,181
Philadelphia,Restaurants,0.02666666666666667,3.5,4.0,148,314
Philadelphia,Restaurants,0.007894736842105263,3.5,4.0,148,618
Philadelphia,Restaurants,0.03943661971830986,3.5,3.0,148,221
Philadelphia,Restaurants,0.039525691699604744,3.5,2.5,148,115
Philadelphia,Restaurants,0.00546021840873635,3.5,3.5,148,1141
Philadelphia,Restaurants,0.012376237623762377,3.5,4.0,148,261
Philadelphia,Restaurants,0.01195219123505976,3.5,4.0,148,614
Philadelphia,Restaurants,0.010425020048115477,3.5,3.5,148,1112
Philadelphia,Restaurants,0.01034928848641656,4.5,4.0,458,323
Philadelphia,Restaurants,0.030730897009966777,4.5,4.0,458,783
Philadelphia,Restaurants,0.02601156069364162,4.5,4.0,458,252
Philadelphia,Restaurants,0.00940733772342427,4.5,3.5,458,615
Philadelphia,Restaurants,0.043835616438356165,4.5,4.0,458,304
Philadelphia,Restaurants,0.008391608391608392,4.5,4.0,458,263
Philadelphia,Restaurants,0.008860759493670886,4.5,3.5,458,339
Philadelphia,Restaurants,0.010721247563352826,4.5,4.5,458,579
Philadelphia,Restaurants,0.006785411365564037,4.5,4.0,458,729
Philadelphia,Restaurants,0.009345794392523364,4.5,4.0,458,622
Philadelphia,Restaurants,0.010869565217391304,4.5,3.5,458,100
Philadelphia,Restaurants,0.01556420233463035,4.5,4.0,458,64
Philadelphia,Restaurants,0.007898894154818325,4.5,3.5,458,180
Philadelphia,Restaurants,0.027237354085603113,4.5,3.0,458,334
Philadelphia,Restaurants,0.011494252873563218,4.5,4.5,458,510
Philadelphia,Restaurants,0.006578947368421052,4.5,3.5,458,307
Philadelphia,Restaurants,0.008237232289950576,4.5,4.0,458,154
Philadelphia,Restaurants,0.008670520231213872,4.5,4.0,458,240
Philadelphia,Restaurants,0.018355945730247406,4.5,4.0,458,818
Philadelphia,Restaurants,0.021164021164021163,4.5,4.0,458,314
Philadelphia,Restaurants,0.004975124378109453,4.5,4.0,458,552
Philadelphia,Restaurants,0.014669926650366748,4.5,4.5,458,372
Philadelphia,Restaurants,0.010236724248240563,4.5,4.5,458,1121
Philadelphia,Restaurants,0.00906344410876133,4.5,4.0,458,210
Philadelphia,Restaurants,0.005707762557077625,4.5,4.5,458,423
Philadelphia,Restaurants,0.009380863039399626,4.5,4.0,458,618
Philadelphia,Restaurants,0.01639344262295082,4.5,4.0,458,286
Philadelphia,Restaurants,0.01291248206599713,4.5,4.5,458,248
Philadelphia,Restaurants,0.011945392491467578,4.5,4.5,458,135
Philadelphia,Restaurants,0.01951951951951952,4.5,3.0,458,221
Philadelphia,Restaurants,0.019572953736654804,4.5,2.5,458,115
Philadelphia,Restaurants,0.0043969849246231155,4.5,3.5,458,1141
Philadelphia,Restaurants,0.008415147265077139,4.5,4.0,458,261
Philadelphia,Restaurants,0.013232514177693762,4.5,4.0,458,614
Philadelphia,Restaurants,0.004668534080298786,4.5,3.5,458,618
Philadelphia,Restaurants,0.009940357852882704,4.5,4.5,458,50
Philadelphia,Restaurants,0.004842615012106538,4.5,3.5,458,787
Philadelphia,Restaurants,0.01122334455667789,4.5,3.5,458,443
Philadelphia,Restaurants,0.008802816901408451,4.5,4.0,458,115
Philadelphia,Restaurants,0.011597938144329897,4.5,3.5,458,1112
Philadelphia,Restaurants,0.013084112149532711,4.0,4.0,323,219
Philadelphia,Restaurants,0.025974025974025976,4.0,4.0,323,783
Philadelphia,Restaurants,0.014245014245014245,4.0,4.5,323,33
Philadelphia,Restaurants,0.008771929824561403,4.0,4.0,323,252
Philadelphia,Restaurants,0.01932367149758454,4.0,4.5,323,310
Philadelphia,Restaurants,0.049217002237136466,4.0,3.5,323,615
Philadelphia,Restaurants,0.012875536480686695,4.0,3.5,323,385
Philadelphia,Restaurants,0.011884550084889643,4.0,4.0,323,273
Philadelphia,Restaurants,0.01129032258064516,4.0,4.0,323,304
Philadelphia,Restaurants,0.013779527559055118,4.0,4.5,323,192
Philadelphia,Restaurants,0.014613778705636743,4.0,4.5,323,163
Philadelphia,Restaurants,0.008605851979345954,4.0,4.0,323,263
Philadelphia,Restaurants,0.011494252873563218,4.0,4.5,323,205
Philadelphia,Restaurants,0.007389162561576354,4.0,4.0,323,495
Philadelphia,Restaurants,0.02476780185758514,4.0,3.5,323,339
Philadelphia,Restaurants,0.015765765765765764,4.0,4.5,323,579
Philadelphia,Restaurants,0.011406844106463879,4.0,3.5,323,209
Philadelphia,Restaurants,0.01446480231436837,4.0,4.0,323,729
Philadelphia,Restaurants,0.014814814814814815,4.0,3.0,323,225
Philadelphia,Restaurants,0.02717391304347826,4.0,4.0,323,622
Philadelphia,Restaurants,0.007621951219512195,4.0,4.0,323,338
Philadelphia,Restaurants,0.011961722488038277,4.0,3.5,323,100
Philadelphia,Restaurants,0.014184397163120567,4.0,4.0,323,249
Philadelphia,Restaurants,0.01353637901861252,4.0,2.5,323,276
Philadelphia,Restaurants,0.0273224043715847,4.0,4.5,323,241
Philadelphia,Restaurants,0.010769230769230769,4.0,3.0,323,334
Philadelphia,Restaurants,0.01160092807424594,4.0,3.5,323,113
Philadelphia,Restaurants,0.03094059405940594,4.0,4.5,323,510
Philadelphia,Restaurants,0.02773246329526917,4.0,3.5,323,307
Philadelphia,Restaurants,0.01971090670170828,4.0,3.5,323,453
Philadelphia,Restaurants,0.0171990171990172,4.0,5.0,323,91
Philadelphia,Restaurants,0.021778584392014518,4.0,4.0,323,240
Philadelphia,Restaurants,0.03539019963702359,4.0,4.0,323,818
Philadelphia,Restaurants,0.014331210191082803,4.0,4.0,323,314
Philadelphia,Restaurants,0.031839622641509434,4.0,4.0,323,552
Philadelphia,Restaurants,0.01906158357771261,4.0,4.5,323,372
Philadelphia,Restaurants,0.038102084831056794,4.0,4.5,323,1121
Philadelphia,Restaurants,0.011385199240986717,4.0,4.0,323,210
Philadelphia,Restaurants,0.012211668928086838,4.0,4.5,323,423
Philadelphia,Restaurants,0.023939064200217627,4.0,4.0,323,618
Philadelphia,Restaurants,0.010676156583629894,4.0,4.5,323,245
Philadelphia,Restaurants,0.014652014652014652,4.0,4.0,323,231
Philadelphia,Restaurants,0.026981450252951095,4.0,4.0,323,286
Philadelphia,Restaurants,0.010344827586206896,4.0,4.0,323,263
Philadelphia,Restaurants,0.014553014553014554,4.0,3.5,323,653
Philadelphia,Restaurants,0.017825311942959002,4.0,4.5,323,248
Philadelphia,Restaurants,0.011037527593818985,4.0,4.5,323,135
Philadelphia,Restaurants,0.023255813953488372,4.0,4.0,323,73
Philadelphia,Restaurants,0.012437810945273632,4.0,4.0,323,84
Philadelphia,Restaurants,0.022443890274314215,4.0,3.5,323,87
Philadelphia,Restaurants,0.00927643784786642,4.0,3.0,323,221
Philadelphia,Restaurants,0.011547344110854504,4.0,2.5,323,115
Philadelphia,Restaurants,0.013850415512465374,4.0,3.5,323,1141
Philadelphia,Restaurants,0.0072992700729927005,4.0,3.5,323,367
Philadelphia,Restaurants,0.011560693641618497,4.0,4.5,323,202
Philadelphia,Restaurants,0.0367504835589942,4.0,4.5,323,213
Philadelphia,Restaurants,0.017421602787456445,4.0,4.0,323,261
Philadelphia,Restaurants,0.01847826086956522,4.0,4.0,323,614
Philadelphia,Restaurants,0.010741138560687433,4.0,3.5,323,618
Philadelphia,Restaurants,0.014625228519195612,4.0,3.5,323,787
Philadelphia,Restaurants,0.00922266139657444,4.0,3.5,323,443
Philadelphia,Restaurants,0.02867383512544803,4.0,3.5,323,1112
Philadelphia,Restaurants,0.010309278350515464,3.0,3.5,71,615
Philadelphia,Restaurants,0.01485148514851485,3.0,3.5,71,339
Philadelphia,Restaurants,0.01718213058419244,3.0,3.0,71,225
Philadelphia,Restaurants,0.008836524300441826,3.0,4.0,71,614
Philadelphia,Restaurants,0.009296148738379814,4.5,4.0,31,729
Philadelphia,Restaurants,0.010526315789473684,4.0,4.0,81,783
Philadelphia,Restaurants,0.009174311926605505,4.0,4.5,81,579
Philadelphia,Restaurants,0.014669926650366748,4.0,3.0,81,334
Philadelphia,Restaurants,0.01804123711340206,4.0,4.0,81,314
Philadelphia,Restaurants,0.037037037037037035,4.0,2.5,81,115
Philadelphia,Restaurants,0.005793742757821553,4.0,3.5,81,787
Philadelphia,Restaurants,0.006751054852320675,4.0,3.5,81,1112
Philadelphia,Restaurants,0.008048289738430584,4.0,4.0,219,783
Philadelphia,Restaurants,0.013422818791946308,4.0,4.0,219,234
Philadelphia,Restaurants,0.01707317073170732,4.0,3.5,219,615
Philadelphia,Restaurants,0.008347245409015025,4.0,3.5,219,385
Philadelphia,Restaurants,0.029288702928870293,4.0,4.0,219,273
Philadelphia,Restaurants,0.01160541586073501,4.0,4.0,219,304
Philadelphia,Restaurants,0.016666666666666666,4.0,4.5,219,86
Philadelphia,Restaurants,0.010482180293501049,4.0,4.0,219,263
Philadelphia,Restaurants,0.01639344262295082,4.0,3.5,219,339
Philadelphia,Restaurants,0.02570694087403599,4.0,4.5,219,579
Philadelphia,Restaurants,0.028846153846153848,4.0,3.5,219,209
Philadelphia,Restaurants,0.009584664536741214,4.0,4.0,219,729
Philadelphia,Restaurants,0.01834862385321101,4.0,3.0,219,225
Philadelphia,Restaurants,0.01325301204819277,4.0,4.0,219,622
Philadelphia,Restaurants,0.010889292196007259,4.0,4.0,219,338
Philadelphia,Restaurants,0.017985611510791366,4.0,4.0,219,64
Philadelphia,Restaurants,0.0182370820668693,4.0,3.5,219,116
Philadelphia,Restaurants,0.012269938650306749,4.0,2.5,219,276
Philadelphia,Restaurants,0.01935483870967742,4.0,3.5,219,97
Philadelphia,Restaurants,0.018156424581005588,4.0,4.5,219,510
Philadelphia,Restaurants,0.01348747591522158,4.0,3.5,219,307
Philadelphia,Restaurants,0.02127659574468085,4.0,3.5,219,453
Philadelphia,Restaurants,0.022082018927444796,4.0,3.5,219,105
Philadelphia,Restaurants,0.024725274725274724,4.0,4.0,219,154
Philadelphia,Restaurants,0.010721247563352826,4.0,4.0,219,818
Philadelphia,Restaurants,0.010484927916120577,4.0,4.0,219,552
Philadelphia,Restaurants,0.01721170395869191,4.0,4.5,219,372
Philadelphia,Restaurants,0.009796533534287867,4.0,4.5,219,1121
Philadelphia,Restaurants,0.01179245283018868,4.0,4.0,219,210
Philadelphia,Restaurants,0.014545454545454545,4.0,4.0,219,618
Philadelphia,Restaurants,0.011235955056179775,4.0,4.0,219,231
Philadelphia,Restaurants,0.018145161290322582,4.0,4.0,219,286
Philadelphia,Restaurants,0.012775842044134728,4.0,3.5,219,653
Philadelphia,Restaurants,0.014326647564469915,4.0,4.5,219,135
Philadelphia,Restaurants,0.02097902097902098,4.0,4.0,219,73
Philadelphia,Restaurants,0.014925373134328358,4.0,3.5,219,1141
Philadelphia,Restaurants,0.012658227848101266,4.0,4.0,219,261
Philadelphia,Restaurants,0.009696969696969697,4.0,4.0,219,614
Philadelphia,Restaurants,0.010040160642570281,4.0,3.5,219,787
Philadelphia,Restaurants,0.013782542113323124,4.0,3.5,219,443
Philadelphia,Restaurants,0.011398176291793313,4.0,3.5,219,1112
Philadelphia,Restaurants,0.007518796992481203,2.0,3.5,55,615
Philadelphia,Restaurants,0.004302925989672977,2.0,3.5,55,1112
Philadelphia,Restaurants,0.004111842105263158,3.0,3.5,80,1141
Philadelphia,Restaurants,0.008210180623973728,2.0,4.5,35,579
Philadelphia,Restaurants,0.007177033492822967,2.5,4.0,59,783
Philadelphia,Restaurants,0.013966480446927373,2.5,4.0,59,304
Philadelphia,Restaurants,0.012698412698412698,2.5,4.5,59,579
Philadelphia,Restaurants,0.01288659793814433,2.5,3.0,59,334
Philadelphia,Restaurants,0.008865248226950355,2.5,4.5,59,510
Philadelphia,Restaurants,0.023148148148148147,2.5,3.5,59,162
Philadelphia,Restaurants,0.0041841004184100415,2.5,3.5,59,1141
Philadelphia,Restaurants,0.006013745704467354,2.5,3.5,59,1112
Philadelphia,Restaurants,0.006872852233676976,4.0,4.5,51,1121
Philadelphia,Restaurants,0.04020100502512563,4.0,4.0,783,252
Philadelphia,Restaurants,0.014970059880239521,4.0,4.0,783,234
Philadelphia,Restaurants,0.014856081708449397,4.0,4.5,783,310
Philadelphia,Restaurants,0.019693654266958426,4.0,3.5,783,615
Philadelphia,Restaurants,0.007765314926660914,4.0,3.5,783,385
Philadelphia,Restaurants,0.008595988538681949,4.0,4.0,783,273
Philadelphia,Restaurants,0.029356060606060608,4.0,4.0,783,304
Philadelphia,Restaurants,0.005313496280552604,4.0,4.5,783,163
Philadelphia,Restaurants,0.006550218340611353,4.0,3.5,783,139
Philadelphia,Restaurants,0.012584704743465635,4.0,4.0,783,263
Philadelphia,Restaurants,0.00508646998982706,4.0,4.5,783,205
Philadelphia,Restaurants,0.006299212598425197,4.0,4.0,783,495
Philadelphia,Restaurants,0.017225747960108794,4.0,3.5,783,339
Philadelphia,Restaurants,0.018698578908002993,4.0,4.5,783,579
Philadelphia,Restaurants,0.007106598984771574,4.0,3.5,783,209
Philadelphia,Restaurants,0.020242914979757085,4.0,4.0,783,729
Philadelphia,Restaurants,0.009009009009009009,4.0,3.0,783,225
Philadelphia,Restaurants,0.016642547033285094,4.0,4.0,783,622
Philadelphia,Restaurants,0.012646793134598013,4.0,4.0,783,338
Philadelphia,Restaurants,0.030338389731621937,4.0,3.5,783,100
Philadelphia,Restaurants,0.010739856801909307,4.0,4.0,783,64
Philadelphia,Restaurants,0.0057405281285878304,4.0,4.0,783,93
Philadelphia,Restaurants,0.011764705882352941,4.0,4.0,783,249
Philadelphia,Restaurants,0.01069078947368421,4.0,3.5,783,446
Philadelphia,Restaurants,0.010112359550561797,4.0,3.5,783,116
Philadelphia,Restaurants,0.01049618320610687,4.0,2.5,783,276
Philadelphia,Restaurants,0.009433962264150943,4.0,3.5,783,180
Philadelphia,Restaurants,0.008866995073891626,4.0,4.5,783,241
Philadelphia,Restaurants,0.008018327605956471,4.0,3.5,783,97
Philadelphia,Restaurants,0.03425925925925926,4.0,3.0,783,334
Philadelphia,Restaurants,0.005611672278338945,4.0,3.5,783,113
Philadelphia,Restaurants,0.015710919088766692,4.0,4.5,783,510
Philadelphia,Restaurants,0.016791044776119403,4.0,3.5,783,307
Philadelphia,Restaurants,0.01394585726004922,4.0,3.5,783,453
Philadelphia,Restaurants,0.006433823529411764,4.0,3.0,783,312
Philadelphia,Restaurants,0.0069124423963133645,4.0,5.0,783,91
Philadelphia,Restaurants,0.011879049676025918,4.0,4.0,783,154
Philadelphia,Restaurants,0.027599486521181,4.0,4.0,783,818
Philadelphia,Restaurants,0.005868544600938967,4.0,4.5,783,74
Philadelphia,Restaurants,0.006263048016701462,4.0,4.0,783,181
Philadelphia,Restaurants,0.04277566539923954,4.0,4.0,783,314
Philadelphia,Restaurants,0.012130401819560273,4.0,4.0,783,552
Philadelphia,Restaurants,0.018518518518518517,4.0,4.5,783,372
Philadelphia,Restaurants,0.02696871628910464,4.0,4.5,783,1121
Philadelphia,Restaurants,0.008121827411167513,4.0,4.0,783,210
Philadelphia,Restaurants,0.007518796992481203,4.0,4.5,783,423
Philadelphia,Restaurants,0.008830022075055188,4.0,3.0,783,131
Philadelphia,Restaurants,0.011552346570397111,4.0,4.0,783,618
Philadelphia,Restaurants,0.008955223880597015,4.0,4.0,783,231
Philadelphia,Restaurants,0.022966507177033493,4.0,4.0,783,286
Philadelphia,Restaurants,0.012584704743465635,4.0,4.0,783,263
Philadelphia,Restaurants,0.007142857142857143,4.0,3.5,783,63
Philadelphia,Restaurants,0.009135628952916374,4.0,3.5,783,653
Philadelphia,Restaurants,0.028942115768463075,4.0,4.5,783,248
Philadelphia,Restaurants,0.007462686567164179,4.0,3.5,783,162
Philadelphia,Restaurants,0.008111239860950173,4.0,3.5,783,87
Philadelphia,Restaurants,0.021363173957273652,4.0,3.0,783,221
Philadelphia,Restaurants,0.020454545454545454,4.0,2.5,783,115
Philadelphia,Restaurants,0.01798941798941799,4.0,3.5,783,1141
Philadelphia,Restaurants,0.007887817703768623,4.0,3.5,783,367
Philadelphia,Restaurants,0.014256619144602852,4.0,4.5,783,213
Philadelphia,Restaurants,0.013592233009708738,4.0,4.0,783,261
Philadelphia,Restaurants,0.022693997071742314,4.0,4.0,783,614
Philadelphia,Restaurants,0.004301075268817204,4.0,3.5,783,618
Philadelphia,Restaurants,0.017094017094017096,4.0,4.5,783,50
Philadelphia,Restaurants,0.01881894873458793,4.0,3.5,783,787
Philadelphia,Restaurants,0.015741507870753936,4.0,3.5,783,443
Philadelphia,Restaurants,0.00683371298405467,4.0,4.0,783,101
Philadelphia,Restaurants,0.006726457399103139,4.0,4.0,783,115
Philadelphia,Restaurants,0.03778751369112815,4.0,3.5,783,1112
Philadelphia,Restaurants,0.008620689655172414,4.5,4.0,33,552
Philadelphia,Restaurants,0.0043859649122807015,4.5,3.5,33,1112
Philadelphia,Restaurants,0.016412661195779603,4.0,3.5,252,615
Philadelphia,Restaurants,0.007911392405063292,4.0,3.5,252,385
Philadelphia,Restaurants,0.025830258302583026,4.0,4.0,252,304
Philadelphia,Restaurants,0.015584415584415584,4.0,3.5,252,139
Philadelphia,Restaurants,0.015779092702169626,4.0,4.0,252,263
Philadelphia,Restaurants,0.01272264631043257,4.0,3.5,252,146
Philadelphia,Restaurants,0.015463917525773196,4.0,3.5,252,339
Philadelphia,Restaurants,0.017135862913096694,4.0,4.5,252,579
Philadelphia,Restaurants,0.010964912280701754,4.0,3.5,252,209
Philadelphia,Restaurants,0.010298661174047374,4.0,4.0,252,729
Philadelphia,Restaurants,0.014893617021276596,4.0,3.0,252,225
Philadelphia,Restaurants,0.011574074074074073,4.0,4.0,252,622
Philadelphia,Restaurants,0.012006861063464836,4.0,4.0,252,338
Philadelphia,Restaurants,0.050746268656716415,4.0,3.5,252,100
Philadelphia,Restaurants,0.022448979591836733,4.0,4.0,252,249
Philadelphia,Restaurants,0.008670520231213872,4.0,3.5,252,446
Philadelphia,Restaurants,0.013774104683195593,4.0,3.5,252,116
Philadelphia,Restaurants,0.009560229445506692,4.0,2.5,252,276
Philadelphia,Restaurants,0.01749271137026239,4.0,3.5,252,97
Philadelphia,Restaurants,0.04642857142857143,4.0,3.0,252,334
Philadelphia,Restaurants,0.010610079575596816,4.0,4.5,252,510
Philadelphia,Restaurants,0.009025270758122744,4.0,3.5,252,307
Philadelphia,Restaurants,0.008583690987124463,4.0,3.5,252,453
Philadelphia,Restaurants,0.008944543828264758,4.0,3.0,252,312
Philadelphia,Restaurants,0.017110266159695818,4.0,4.0,252,818
Philadelphia,Restaurants,0.032846715328467155,4.0,4.0,252,314
Philadelphia,Restaurants,0.010050251256281407,4.0,4.0,252,552
Philadelphia,Restaurants,0.011345218800648298,4.0,4.5,252,372
Philadelphia,Restaurants,0.006598240469208211,4.0,4.5,252,1121
Philadelphia,Restaurants,0.015169194865810968,4.0,4.0,252,618
Philadelphia,Restaurants,0.01509433962264151,4.0,4.0,252,286
Philadelphia,Restaurants,0.005555555555555556,4.0,3.5,252,653
Philadelphia,Restaurants,0.02880658436213992,4.0,4.5,252,248
Philadelphia,Restaurants,0.0350109409190372,4.0,3.0,252,221
Philadelphia,Restaurants,0.04857142857142857,4.0,2.5,252,115
Philadelphia,Restaurants,0.012354651162790697,4.0,3.5,252,1141
Philadelphia,Restaurants,0.011834319526627219,4.0,4.0,252,261
Philadelphia,Restaurants,0.02485207100591716,4.0,4.0,252,614
Philadelphia,Restaurants,0.02027027027027027,4.0,4.5,252,50
Philadelphia,Restaurants,0.012670565302144249,4.0,3.5,252,787
Philadelphia,Restaurants,0.022058823529411766,4.0,3.5,252,443
Philadelphia,Restaurants,0.01488095238095238,4.0,3.5,252,1112
Philadelphia,Restaurants,0.01876675603217158,3.5,3.0,46,334
Philadelphia,Restaurants,0.038910505836575876,3.5,3.0,46,221
Philadelphia,Restaurants,0.021660649819494584,4.0,3.5,234,615
Philadelphia,Restaurants,0.014,4.0,4.0,234,273
Philadelphia,Restaurants,0.01016260162601626,4.0,4.0,234,263
Philadelphia,Restaurants,0.006906077348066298,4.0,4.0,234,495
Philadelphia,Restaurants,0.01415929203539823,4.0,3.5,234,339
Philadelphia,Restaurants,0.031725888324873094,4.0,4.5,234,579
Philadelphia,Restaurants,0.016055045871559634,4.0,3.5,234,209
Philadelphia,Restaurants,0.012618296529968454,4.0,4.0,234,729
Philadelphia,Restaurants,0.009433962264150943,4.0,4.0,234,622
Philadelphia,Restaurants,0.014492753623188406,4.0,3.5,234,116
Philadelphia,Restaurants,0.010869565217391304,4.0,4.5,234,510
Philadelphia,Restaurants,0.009328358208955223,4.0,3.5,234,307
Philadelphia,Restaurants,0.019287833827893175,4.0,3.5,234,453
Philadelphia,Restaurants,0.023346303501945526,4.0,4.0,234,818
Philadelphia,Restaurants,0.011583011583011582,4.0,4.0,234,552
Philadelphia,Restaurants,0.008319467554076539,4.0,4.5,234,372
Philadelphia,Restaurants,0.00818452380952381,4.0,4.5,234,1121
Philadelphia,Restaurants,0.011876484560570071,4.0,4.0,234,618
Philadelphia,Restaurants,0.023622047244094488,4.0,4.0,234,286
Philadelphia,Restaurants,0.011029411764705883,4.0,3.5,234,1141
Philadelphia,Restaurants,0.012269938650306749,4.0,4.0,234,261
Philadelphia,Restaurants,0.008323424494649227,4.0,4.0,234,614
Philadelphia,Restaurants,0.008893280632411068,4.0,3.5,234,787
Philadelphia,Restaurants,0.01195814648729447,4.0,3.5,234,443
Philadelphia,Restaurants,0.004477611940298508,4.0,3.5,234,1112
Philadelphia,Restaurants,0.017875920084121977,3.5,4.0,239,729
Philadelphia,Restaurants,0.008741258741258742,3.5,4.0,239,338
Philadelphia,Restaurants,0.0076263107721639654,3.5,4.0,239,818
Philadelphia,Restaurants,0.008928571428571428,3.5,4.0,239,552
Philadelphia,Restaurants,0.019083969465648856,3.5,2.5,239,28
Philadelphia,Restaurants,0.00825082508250825,3.5,4.5,239,372
Philadelphia,Restaurants,0.005917159763313609,3.5,4.5,239,1121
Philadelphia,Restaurants,0.01126126126126126,3.5,4.0,239,210
Philadelphia,Restaurants,0.015337423312883436,3.5,4.5,239,423
Philadelphia,Restaurants,0.004366812227074236,3.5,3.5,239,1141
Philadelphia,Restaurants,0.011086474501108648,2.0,4.5,76,380
Philadelphia,Restaurants,0.013143483023001095,4.5,3.5,310,615
Philadelphia,Restaurants,0.007763975155279503,4.5,3.5,310,339
Philadelphia,Restaurants,0.004835589941972921,4.5,4.0,310,729
Philadelphia,Restaurants,0.012072434607645875,4.5,4.5,310,193
Philadelphia,Restaurants,0.013043478260869565,4.5,4.0,310,622
Philadelphia,Restaurants,0.018214936247723135,4.5,4.0,310,249
Philadelphia,Restaurants,0.024163568773234202,4.5,4.5,310,241
Philadelphia,Restaurants,0.013597033374536464,4.5,4.5,310,510
Philadelphia,Restaurants,0.007926023778071334,4.5,3.5,310,453
Philadelphia,Restaurants,0.012626262626262626,4.5,5.0,310,91
Philadelphia,Restaurants,0.011029411764705883,4.5,4.0,310,240
Philadelphia,Restaurants,0.012567324955116697,4.5,4.0,310,818
Philadelphia,Restaurants,0.01650943396226415,4.5,4.0,310,552
Philadelphia,Restaurants,0.021413276231263382,4.5,4.5,310,1121
Philadelphia,Restaurants,0.008460236886632826,4.5,4.0,310,286
Philadelphia,Restaurants,0.01415929203539823,4.5,4.0,310,263
Philadelphia,Restaurants,0.009041591320072333,4.5,4.5,310,248
Philadelphia,Restaurants,0.0062413314840499305,4.5,3.5,310,1141
Philadelphia,Restaurants,0.009652509652509652,4.5,4.5,310,213
Philadelphia,Restaurants,0.0088339222614841,4.5,4.0,310,261
Philadelphia,Restaurants,0.0165016501650165,4.5,4.0,310,614
Philadelphia,Restaurants,0.014989293361884369,4.5,3.5,310,1112
Philadelphia,Restaurants,0.02459016393442623,3.5,3.5,615,385
Philadelphia,Restaurants,0.02186421173762946,3.5,4.0,615,273
Philadelphia,Restaurants,0.017718715393133997,3.5,4.0,615,304
Philadelphia,Restaurants,0.008633093525179856,3.5,4.5,615,86
Philadelphia,Restaurants,0.007861635220125786,3.5,3.5,615,26
Philadelphia,Restaurants,0.010294117647058823,3.5,3.5,615,72
Philadelphia,Restaurants,0.007772020725388601,3.5,4.5,615,163
Philadelphia,Restaurants,0.009370816599732263,3.5,3.5,615,139
Philadelphia,Restaurants,0.006880733944954129,3.5,4.0,615,263
Philadelphia,Restaurants,0.008610086100861008,3.5,4.5,615,205
Philadelphia,Restaurants,0.007259528130671506,3.5,4.0,615,495
Philadelphia,Restaurants,0.011968085106382979,3.5,3.5,615,146
Philadelphia,Restaurants,0.03808487486398259,3.5,3.5,615,339
Philadelphia,Restaurants,0.04006968641114982,3.5,4.5,615,579
Philadelphia,Restaurants,0.016029593094944512,3.5,3.5,615,209
Philadelphia,Restaurants,0.02361005331302361,3.5,4.0,615,729
Philadelphia,Restaurants,0.019417475728155338,3.5,3.0,615,225
Philadelphia,Restaurants,0.018945634266886325,3.5,4.0,615,622
Philadelphia,Restaurants,0.01167728237791932,3.5,4.0,615,338
Philadelphia,Restaurants,0.013717421124828532,3.5,3.0,615,124
Philadelphia,Restaurants,0.01527614571092832,3.5,4.0,615,249
Philadelphia,Restaurants,0.009514747859181731,3.5,3.5,615,446
Philadelphia,Restaurants,0.011065006915629323,3.5,3.5,615,116
Philadelphia,Restaurants,0.026497695852534562,3.5,2.5,615,276
Philadelphia,Restaurants,0.008883248730964468,3.5,3.5,615,180
Philadelphia,Restaurants,0.01301775147928994,3.5,4.5,615,241
Philadelphia,Restaurants,0.0084985835694051,3.5,3.5,615,97
Philadelphia,Restaurants,0.008501594048884165,3.5,3.0,615,334
Philadelphia,Restaurants,0.011111111111111112,3.5,3.5,615,113
Philadelphia,Restaurants,0.02645985401459854,3.5,4.5,615,510
Philadelphia,Restaurants,0.025583982202447165,3.5,3.5,615,307
Philadelphia,Restaurants,0.03488372093023256,3.5,3.5,615,453
Philadelphia,Restaurants,0.007608695652173913,3.5,3.0,615,312
Philadelphia,Restaurants,0.014367816091954023,3.5,5.0,615,91
Philadelphia,Restaurants,0.016666666666666666,3.5,3.5,615,56
Philadelphia,Restaurants,0.014511873350923483,3.5,4.0,615,154
Philadelphia,Restaurants,0.008254716981132075,3.5,4.0,615,240
Philadelphia,Restaurants,0.0301941049604601,3.5,4.0,615,818
Philadelphia,Restaurants,0.009433962264150943,3.5,3.0,615,27
Philadelphia,Restaurants,0.014192139737991267,3.5,4.0,615,314
Philadelphia,Restaurants,0.01832460732984293,3.5,4.0,615,552
Philadelphia,Restaurants,0.01752577319587629,3.5,4.5,615,372
Philadelphia,Restaurants,0.01579871269748391,3.5,4.5,615,1121
Philadelphia,Restaurants,0.008557457212713936,3.5,4.0,615,210
Philadelphia,Restaurants,0.005813953488372093,3.5,4.5,615,423
Philadelphia,Restaurants,0.01088646967340591,3.5,4.0,615,35
Philadelphia,Restaurants,0.01002865329512894,3.5,3.5,615,90
Philadelphia,Restaurants,0.02921535893155259,3.5,4.0,615,618
Philadelphia,Restaurants,0.028538812785388126,3.5,4.0,615,286
Philadelphia,Restaurants,0.011940298507462687,3.5,3.5,615,63
Philadelphia,Restaurants,0.01521216973578863,3.5,3.5,615,653
Philadelphia,Restaurants,0.007001166861143524,3.5,4.5,615,248
Philadelphia,Restaurants,0.008064516129032258,3.5,4.5,615,135
Philadelphia,Restaurants,0.013254786450662739,3.5,4.0,615,73
Philadelphia,Restaurants,0.006476683937823834,3.5,3.5,615,162
Philadelphia,Restaurants,0.017391304347826087,3.5,3.5,615,87
Philadelphia,Restaurants,0.010882708585247884,3.5,3.0,615,221
Philadelphia,Restaurants,0.009681881051175657,3.5,2.5,615,115
Philadelphia,Restaurants,0.025102159953298307,3.5,3.5,615,1141
Philadelphia,Restaurants,0.013415892672858616,3.5,3.5,615,367
Philadelphia,Restaurants,0.01845018450184502,3.5,4.5,615,213
Philadelphia,Restaurants,0.013888888888888888,3.5,4.0,615,261
Philadelphia,Restaurants,0.02331390507910075,3.5,4.0,615,614
Philadelphia,Restaurants,0.008176614881439084,3.5,3.5,615,618
Philadelphia,Restaurants,0.02112163146394756,3.5,3.5,615,787
Philadelphia,Restaurants,0.03219512195121951,3.5,3.5,615,443
Philadelphia,Restaurants,0.011299435028248588,3.5,4.0,615,101
Philadelphia,Restaurants,0.009681881051175657,3.5,4.0,615,115
Philadelphia,Restaurants,0.01767825574543312,3.5,3.5,615,1112
Philadelphia,Restaurants,0.009202453987730062,3.5,4.0,385,273
Philadelphia,Restaurants,0.007309941520467836,3.5,4.0,385,304
Philadelphia,Restaurants,0.010615711252653927,3.5,4.5,385,91
Philadelphia,Restaurants,0.007776049766718507,3.5,4.0,385,263
Philadelphia,Restaurants,0.021156558533145273,3.5,3.5,385,339
Philadelphia,Restaurants,0.008992805755395683,3.5,4.0,385,176
Philadelphia,Restaurants,0.016877637130801686,3.5,4.5,385,579
Philadelphia,Restaurants,0.017123287671232876,3.5,3.5,385,209
Philadelphia,Restaurants,0.011807447774750226,3.5,4.0,385,729
Philadelphia,Restaurants,0.02348993288590604,3.5,3.0,385,225
Philadelphia,Restaurants,0.008008008008008008,3.5,4.0,385,622
Philadelphia,Restaurants,0.013414634146341463,3.5,3.5,385,446
Philadelphia,Restaurants,0.008928571428571428,3.5,3.5,385,180
Philadelphia,Restaurants,0.008051529790660225,3.5,4.5,385,241
Philadelphia,Restaurants,0.010482180293501049,3.5,3.5,385,97
Philadelphia,Restaurants,0.013590033975084938,3.5,4.5,385,510
Philadelphia,Restaurants,0.01764705882352941,3.5,3.5,385,307
Philadelphia,Restaurants,0.013301088270858524,3.5,3.5,385,453
Philadelphia,Restaurants,0.01125703564727955,3.5,4.0,385,154
Philadelphia,Restaurants,0.013479359730412805,3.5,4.0,385,818
Philadelphia,Restaurants,0.010787486515641856,3.5,4.0,385,552
Philadelphia,Restaurants,0.006648936170212766,3.5,4.5,385,372
Philadelphia,Restaurants,0.008032128514056224,3.5,4.5,385,1121
Philadelphia,Restaurants,0.016210739614994935,3.5,4.0,385,618
Philadelphia,Restaurants,0.009022556390977444,3.5,4.0,385,286
Philadelphia,Restaurants,0.009727626459143969,3.5,3.5,385,653
Philadelphia,Restaurants,0.014627659574468085,3.5,3.5,385,1141
Philadelphia,Restaurants,0.010752688172043012,3.5,3.5,385,367
Philadelphia,Restaurants,0.012539184952978056,3.5,4.0,385,261
Philadelphia,Restaurants,0.01524390243902439,3.5,4.0,385,614
Philadelphia,Restaurants,0.00501002004008016,3.5,3.5,385,618
Philadelphia,Restaurants,0.017361111111111112,3.5,3.5,385,787
Philadelphia,Restaurants,0.0171990171990172,3.5,3.5,385,443
Philadelphia,Restaurants,0.010101010101010102,3.5,4.0,385,115
Philadelphia,Restaurants,0.00808080808080808,3.5,3.5,385,1112
Philadelphia,Restaurants,0.012280701754385965,4.0,4.0,273,304
Philadelphia,Restaurants,0.014124293785310734,4.0,4.5,273,86
Philadelphia,Restaurants,0.017699115044247787,4.0,3.5,273,72
Philadelphia,Restaurants,0.016611295681063124,4.0,3.5,273,339
Philadelphia,Restaurants,0.0364963503649635,4.0,4.5,273,579
Philadelphia,Restaurants,0.019027484143763214,4.0,3.5,273,209
Philadelphia,Restaurants,0.00906344410876133,4.0,4.0,273,729
Philadelphia,Restaurants,0.014256619144602852,4.0,3.0,273,225
Philadelphia,Restaurants,0.00825082508250825,4.0,4.0,273,338
Philadelphia,Restaurants,0.011627906976744186,4.0,4.0,273,249
Philadelphia,Restaurants,0.008415147265077139,4.0,3.5,273,446
Philadelphia,Restaurants,0.015665796344647518,4.0,3.5,273,116
Philadelphia,Restaurants,0.020446096654275093,4.0,2.5,273,276
Philadelphia,Restaurants,0.026595744680851064,4.0,3.5,273,113
Philadelphia,Restaurants,0.01032258064516129,4.0,4.5,273,510
Philadelphia,Restaurants,0.010452961672473868,4.0,3.5,273,307
Philadelphia,Restaurants,0.0182328190743338,4.0,3.5,273,453
Philadelphia,Restaurants,0.026442307692307692,4.0,4.0,273,154
Philadelphia,Restaurants,0.011121408711770158,4.0,4.0,273,818
Philadelphia,Restaurants,0.007326007326007326,4.0,4.0,273,552
Philadelphia,Restaurants,0.0078125,4.0,4.5,273,372
Philadelphia,Restaurants,0.006498194945848376,4.0,4.5,273,1121
Philadelphia,Restaurants,0.0056433408577878106,4.0,4.0,273,618
Philadelphia,Restaurants,0.0108499095840868,4.0,4.0,273,286
Philadelphia,Restaurants,0.009416195856873822,4.0,4.0,273,263
Philadelphia,Restaurants,0.01646542261251372,4.0,3.5,273,653
Philadelphia,Restaurants,0.014347202295552367,4.0,3.5,273,1141
Philadelphia,Restaurants,0.010395010395010396,4.0,4.5,273,213
Philadelphia,Restaurants,0.00945179584120983,4.0,4.0,273,261
Philadelphia,Restaurants,0.018369690011481057,4.0,4.0,273,614
Philadelphia,Restaurants,0.0076045627376425855,4.0,3.5,273,787
Philadelphia,Restaurants,0.009873060648801129,4.0,3.5,273,443
Philadelphia,Restaurants,0.010948905109489052,4.0,3.5,273,1112
Philadelphia,Restaurants,0.012062726176115802,3.5,4.0,110,729
Philadelphia,Restaurants,0.024271844660194174,3.5,3.0,110,312
Philadelphia,Restaurants,0.022653721682847898,3.5,4.5,110,206
Philadelphia,Restaurants,0.0210727969348659,3.5,4.5,110,423
Philadelphia,Restaurants,0.015424164524421594,4.0,4.5,304,91
Philadelphia,Restaurants,0.010822510822510822,4.0,4.5,304,163
Philadelphia,Restaurants,0.014311270125223614,4.0,4.0,304,263
Philadelphia,Restaurants,0.01740506329113924,4.0,3.5,304,339
Philadelphia,Restaurants,0.01440922190201729,4.0,4.5,304,48
Philadelphia,Restaurants,0.01611047180667434,4.0,4.5,304,579
Philadelphia,Restaurants,0.013738959764474975,4.0,4.0,304,729
Philadelphia,Restaurants,0.015350877192982455,4.0,4.0,304,622
Philadelphia,Restaurants,0.011023622047244094,4.0,4.0,304,338
Philadelphia,Restaurants,0.02278481012658228,4.0,3.5,304,100
Philadelphia,Restaurants,0.042492917847025496,4.0,4.0,304,64
Philadelphia,Restaurants,0.01182033096926714,4.0,3.0,304,124
Philadelphia,Restaurants,0.014678899082568808,4.0,4.0,304,249
Philadelphia,Restaurants,0.019417475728155338,4.0,3.5,304,116
Philadelphia,Restaurants,0.010452961672473868,4.0,2.5,304,276
Philadelphia,Restaurants,0.010438413361169102,4.0,3.5,304,180
Philadelphia,Restaurants,0.027375201288244767,4.0,3.0,304,334
Philadelphia,Restaurants,0.01877346683354193,4.0,4.5,304,510
Philadelphia,Restaurants,0.013266998341625208,4.0,3.5,304,307
Philadelphia,Restaurants,0.016107382550335572,4.0,3.5,304,453
Philadelphia,Restaurants,0.022321428571428572,4.0,4.0,304,154
Philadelphia,Restaurants,0.00927643784786642,4.0,4.0,304,240
Philadelphia,Restaurants,0.020928116469517744,4.0,4.0,304,818
Philadelphia,Restaurants,0.021487603305785124,4.0,4.0,304,314
Philadelphia,Restaurants,0.005875440658049354,4.0,4.0,304,552
Philadelphia,Restaurants,0.03680981595092025,4.0,4.5,304,372
Philadelphia,Restaurants,0.007779349363507779,4.0,4.5,304,1121
Philadelphia,Restaurants,0.015418502202643172,4.0,4.0,304,618
Philadelphia,Restaurants,0.009433962264150943,4.0,4.0,304,231
Philadelphia,Restaurants,0.01549053356282272,4.0,4.0,304,286
Philadelphia,Restaurants,0.008896797153024912,4.0,4.0,304,263
Philadelphia,Restaurants,0.010559662090813094,4.0,3.5,304,653
Philadelphia,Restaurants,0.014705882352941176,4.0,4.5,304,248
Philadelphia,Restaurants,0.010845986984815618,4.0,3.5,304,162
Philadelphia,Restaurants,0.029411764705882353,4.0,3.0,304,221
Philadelphia,Restaurants,0.02195121951219512,4.0,2.5,304,115
Philadelphia,Restaurants,0.012613875262789068,4.0,3.5,304,1141
Philadelphia,Restaurants,0.01618705035971223,4.0,4.0,304,261
Philadelphia,Restaurants,0.017738359201773836,4.0,4.0,304,614
Philadelphia,Restaurants,0.006457564575645757,4.0,3.5,304,787
Philadelphia,Restaurants,0.013568521031207599,4.0,3.5,304,443
Philadelphia,Restaurants,0.01699029126213592,4.0,4.0,304,115
Philadelphia,Restaurants,0.022382671480144403,4.0,3.5,304,1112
Philadelphia,Restaurants,0.004366812227074236,4.5,3.5,9,1141
Philadelphia,Restaurants,0.013719512195121951,4.5,4.5,86,579
Philadelphia,Restaurants,0.016853932584269662,4.5,2.5,86,276
Philadelphia,Restaurants,0.004914004914004914,4.5,3.5,86,1141
Philadelphia,Restaurants,0.011560693641618497,4.5,4.0,86,614
Philadelphia,Restaurants,0.019267822736030827,4.5,3.5,86,443
Philadelphia,Restaurants,0.004191114836546521,4.5,3.5,86,1112
Philadelphia,Restaurants,0.009036144578313253,4.5,4.5,91,579
Philadelphia,Restaurants,0.017964071856287425,4.5,4.0,91,249
Philadelphia,Restaurants,0.013812154696132596,4.5,2.5,91,276
Philadelphia,Restaurants,0.009971509971509971,4.5,4.0,91,618
Philadelphia,Restaurants,0.005714285714285714,4.5,3.5,91,1141
Philadelphia,Restaurants,0.008583690987124463,4.5,4.0,91,614
Philadelphia,Restaurants,0.011363636363636364,4.5,3.5,91,443
Philadelphia,Restaurants,0.004173622704507512,4.5,3.5,91,1112
Philadelphia,Restaurants,0.011406844106463879,2.5,4.0,37,495
Philadelphia,Restaurants,0.012135922330097087,2.5,4.5,37,380
Philadelphia,Restaurants,0.010548523206751054,3.5,3.5,26,453
Philadelphia,Restaurants,0.00516795865633075,3.5,3.5,26,1141
Philadelphia,Restaurants,0.02037617554858934,3.5,4.5,72,579
Philadelphia,Restaurants,0.02181818181818182,3.5,3.5,72,209
Philadelphia,Restaurants,0.015822784810126583,3.5,4.0,72,249
Philadelphia,Restaurants,0.0273224043715847,3.5,3.5,72,116
Philadelphia,Restaurants,0.011560693641618497,3.5,3.5,72,453
Philadelphia,Restaurants,0.02262443438914027,3.5,4.0,72,154
Philadelphia,Restaurants,0.006787330316742082,3.5,4.0,72,818
Philadelphia,Restaurants,0.004208754208754209,3.5,4.5,72,1121
Philadelphia,Restaurants,0.008771929824561403,3.5,4.0,72,618
Philadelphia,Restaurants,0.008823529411764706,3.5,4.0,72,614
Philadelphia,Restaurants,0.011787819253438114,3.5,3.5,72,443
Philadelphia,Restaurants,0.018691588785046728,3.5,4.0,50,495
Philadelphia,Restaurants,0.006557377049180328,4.5,4.0,192,729
Philadelphia,Restaurants,0.006180469715698393,4.5,4.0,192,622
Philadelphia,Restaurants,0.01338432122370937,4.5,4.0,192,338
Philadelphia,Restaurants,0.014450867052023121,4.5,4.5,192,510
Philadelphia,Restaurants,0.0078125,4.5,3.5,192,453
Philadelphia,Restaurants,0.006979062811565304,4.5,4.0,192,818
Philadelphia,Restaurants,0.0205761316872428,4.5,4.0,192,552
Philadelphia,Restaurants,0.014683153013910355,4.5,4.5,192,1121
Philadelphia,Restaurants,0.014792899408284023,4.5,3.5,192,151
Philadelphia,Restaurants,0.01631116687578419,4.5,4.0,192,618
Philadelphia,Restaurants,0.012711864406779662,4.5,4.0,192,286
Philadelphia,Restaurants,0.00452147701582517,4.5,3.5,192,1141
Philadelphia,Restaurants,0.005397070161912105,4.5,3.5,192,1112
Philadelphia,Restaurants,0.03968253968253968,4.0,3.5,43,88
Philadelphia,Restaurants,0.007909604519774011,4.5,4.0,163,729
Philadelphia,Restaurants,0.014245014245014245,4.5,4.5,163,193
Philadelphia,Restaurants,0.014211886304909561,4.5,4.0,163,622
Philadelphia,Restaurants,0.0074850299401197605,4.5,4.5,163,510
Philadelphia,Restaurants,0.01134020618556701,4.5,4.0,163,818
Philadelphia,Restaurants,0.019230769230769232,4.5,4.0,163,314
Philadelphia,Restaurants,0.009887005649717515,4.5,4.0,163,552
Philadelphia,Restaurants,0.015822784810126583,4.5,4.5,163,1121
Philadelphia,Restaurants,0.007741935483870968,4.5,4.0,163,618
Philadelphia,Restaurants,0.01126126126126126,4.5,4.0,163,286
Philadelphia,Restaurants,0.00909090909090909,4.5,4.0,163,614
Philadelphia,Restaurants,0.007905138339920948,4.5,3.5,163,1112
Philadelphia,Restaurants,0.014861995753715499,3.5,3.5,139,339
Philadelphia,Restaurants,0.014124293785310734,3.5,4.5,139,579
Philadelphia,Restaurants,0.009302325581395349,3.5,4.0,139,729
Philadelphia,Restaurants,0.010362694300518135,3.5,3.5,139,446
Philadelphia,Restaurants,0.015021459227467811,3.5,3.0,139,334
Philadelphia,Restaurants,0.00933125972006221,3.5,4.5,139,510
Philadelphia,Restaurants,0.007368421052631579,3.5,4.0,139,818
Philadelphia,Restaurants,0.007989347536617843,3.5,4.0,139,618
Philadelphia,Restaurants,0.013089005235602094,3.5,4.5,139,248
Philadelphia,Restaurants,0.03436426116838488,3.5,3.5,139,162
Philadelphia,Restaurants,0.019830028328611898,3.5,3.0,139,221
Philadelphia,Restaurants,0.007081038552321007,3.5,3.5,139,1141
Philadelphia,Restaurants,0.012658227848101266,3.5,4.0,139,261
Philadelphia,Restaurants,0.01217391304347826,3.5,3.5,139,443
Philadelphia,Restaurants,0.006436041834271922,3.5,3.5,139,1112
Philadelphia,Restaurants,0.010067114093959731,4.0,3.5,263,339
Philadelphia,Restaurants,0.010804321728691477,4.0,4.5,263,579
Philadelphia,Restaurants,0.010706638115631691,4.0,3.5,263,209
Philadelphia,Restaurants,0.007106598984771574,4.0,4.0,263,729
Philadelphia,Restaurants,0.011428571428571429,4.0,4.0,263,622
Philadelphia,Restaurants,0.008389261744966443,4.0,4.0,263,338
Philadelphia,Restaurants,0.013368983957219251,4.0,3.5,263,116
Philadelphia,Restaurants,0.020737327188940093,4.0,3.5,263,180
Philadelphia,Restaurants,0.014084507042253521,4.0,3.5,263,97
Philadelphia,Restaurants,0.01015228426395939,4.0,3.0,263,334
Philadelphia,Restaurants,0.006510416666666667,4.0,4.5,263,510
Philadelphia,Restaurants,0.010638297872340425,4.0,3.5,263,307
Philadelphia,Restaurants,0.008450704225352112,4.0,3.5,263,453
Philadelphia,Restaurants,0.013120899718837863,4.0,4.0,263,818
Philadelphia,Restaurants,0.006172839506172839,4.0,4.0,263,552
Philadelphia,Restaurants,0.024193548387096774,4.0,4.5,263,372
Philadelphia,Restaurants,0.005813953488372093,4.0,4.5,263,1121
Philadelphia,Restaurants,0.005707762557077625,4.0,4.0,263,618
Philadelphia,Restaurants,0.010224948875255624,4.0,4.0,263,231
Philadelphia,Restaurants,0.01855287569573284,4.0,4.0,263,286
Philadelphia,Restaurants,0.017408123791102514,4.0,4.0,263,263
Philadelphia,Restaurants,0.011881188118811881,4.0,4.5,263,248
Philadelphia,Restaurants,0.02313624678663239,4.0,4.5,263,135
Philadelphia,Restaurants,0.020588235294117647,4.0,4.0,263,84
Philadelphia,Restaurants,0.0057306590257879654,4.0,3.5,263,1141
Philadelphia,Restaurants,0.009205983889528193,4.0,4.0,263,614
Philadelphia,Restaurants,0.004784688995215311,4.0,3.5,263,787
Philadelphia,Restaurants,0.011461318051575931,4.0,3.5,263,443
Philadelphia,Restaurants,0.020786933927245732,4.0,3.5,263,1112
Philadelphia,Restaurants,0.007551240560949299,4.5,4.0,205,729
Philadelphia,Restaurants,0.006082725060827251,4.5,4.0,205,622
Philadelphia,Restaurants,0.009302325581395349,4.5,3.5,205,446
Philadelphia,Restaurants,0.013157894736842105,4.5,3.5,205,180
Philadelphia,Restaurants,0.00846262341325811,4.5,4.5,205,510
Philadelphia,Restaurants,0.008875739644970414,4.5,4.0,205,818
Philadelphia,Restaurants,0.02021563342318059,4.5,4.0,205,552
Philadelphia,Restaurants,0.008365019011406844,4.5,4.5,205,1121
Philadelphia,Restaurants,0.00857843137254902,4.5,4.0,205,618
Philadelphia,Restaurants,0.011235955056179775,4.5,4.5,205,245
Philadelphia,Restaurants,0.0102880658436214,4.5,4.0,205,286
Philadelphia,Restaurants,0.008239700374531835,4.5,3.5,205,1141
Philadelphia,Restaurants,0.00857843137254902,4.5,3.5,205,618
Philadelphia,Restaurants,0.006085192697768763,4.5,3.5,205,787
Philadelphia,Restaurants,0.0076511094108645756,4.5,3.5,205,1112
Philadelphia,Restaurants,0.012135922330097087,4.0,3.5,495,339
Philadelphia,Restaurants,0.0056179775280898875,4.0,4.5,495,579
Philadelphia,Restaurants,0.019120458891013385,4.0,3.5,495,38
Philadelphia,Restaurants,0.009900990099009901,4.0,4.0,495,729
Philadelphia,Restaurants,0.008403361344537815,4.0,3.0,495,225
Philadelphia,Restaurants,0.01085972850678733,4.0,4.0,495,622
Philadelphia,Restaurants,0.007255139056831923,4.0,4.0,495,338
Philadelphia,Restaurants,0.006527415143603133,4.0,2.5,495,276
Philadelphia,Restaurants,0.01592920353982301,4.0,4.0,495,79
Philadelphia,Restaurants,0.009602194787379973,4.0,4.5,495,241
Philadelphia,Restaurants,0.023178807947019868,4.0,4.0,495,123
Philadelphia,Restaurants,0.00802407221664995,4.0,4.5,495,510
Philadelphia,Restaurants,0.00851063829787234,4.0,3.5,495,453
Philadelphia,Restaurants,0.010344827586206896,4.0,5.0,495,91
Philadelphia,Restaurants,0.008448540706605223,4.0,4.0,495,818
Philadelphia,Restaurants,0.03048780487804878,4.0,4.0,495,181
Philadelphia,Restaurants,0.014534883720930232,4.0,4.0,495,552
Philadelphia,Restaurants,0.02219626168224299,4.0,4.5,495,380
Philadelphia,Restaurants,0.01048951048951049,4.0,4.5,495,372
Philadelphia,Restaurants,0.013166144200626959,4.0,4.5,495,1121
Philadelphia,Restaurants,0.008633093525179856,4.0,4.5,495,206
Philadelphia,Restaurants,0.01293103448275862,4.0,4.0,495,210
Philadelphia,Restaurants,0.009981851179673321,4.0,4.0,495,618
Philadelphia,Restaurants,0.00904392764857881,4.0,4.0,495,286
Philadelphia,Restaurants,0.009320905459387484,4.0,4.0,495,263
Philadelphia,Restaurants,0.009674582233948988,4.0,3.5,495,653
Philadelphia,Restaurants,0.008141112618724558,4.0,4.5,495,248
Philadelphia,Restaurants,0.008880994671403197,4.0,4.0,495,73
Philadelphia,Restaurants,0.009380863039399626,4.0,3.5,495,43
Philadelphia,Restaurants,0.011750154607297465,4.0,3.5,495,1141
Philadelphia,Restaurants,0.008187134502923977,4.0,3.5,495,367
Philadelphia,Restaurants,0.006657789613848202,4.0,4.0,495,261
Philadelphia,Restaurants,0.007239819004524887,4.0,3.5,495,618
Philadelphia,Restaurants,0.008602150537634409,4.0,3.5,495,443
Philadelphia,Restaurants,0.008264462809917356,4.0,4.0,495,115
Philadelphia,Restaurants,0.007523510971786834,4.0,3.5,495,1112
Philadelphia,Restaurants,0.015406162464985995,3.5,4.5,146,579
Philadelphia,Restaurants,0.020114942528735632,3.5,3.5,146,209
Philadelphia,Restaurants,0.005747126436781609,3.5,4.0,146,729
Philadelphia,Restaurants,0.010438413361169102,3.5,4.0,146,338
Philadelphia,Restaurants,0.022727272727272728,3.5,3.0,146,124
Philadelphia,Restaurants,0.011990407673860911,3.5,2.5,146,276
Philadelphia,Restaurants,0.01557632398753894,3.5,3.5,146,180
Philadelphia,Restaurants,0.011160714285714286,3.5,3.5,146,307
Philadelphia,Restaurants,0.011824324324324325,3.5,3.5,146,453
Philadelphia,Restaurants,0.009247027741083224,3.5,4.0,146,618
Philadelphia,Restaurants,0.006297229219143577,3.5,3.5,146,653
Philadelphia,Restaurants,0.008620689655172414,3.5,3.5,146,1141
Philadelphia,Restaurants,0.007957559681697613,3.5,4.0,146,614
Philadelphia,Restaurants,0.00755939524838013,3.5,3.5,146,787
Philadelphia,Restaurants,0.01903114186851211,3.5,3.5,146,443
Philadelphia,Restaurants,0.008821170809943865,3.5,3.5,146,1112
Philadelphia,Restaurants,0.016611295681063124,2.5,4.0,45,261
Philadelphia,Restaurants,0.011086474501108648,3.5,2.5,339,117
Philadelphia,Restaurants,0.00980392156862745,3.5,4.0,339,176
Philadelphia,Restaurants,0.021134593993325918,3.5,4.5,339,579
Philadelphia,Restaurants,0.016697588126159554,3.5,3.5,339,209
Philadelphia,Restaurants,0.016175071360608945,3.5,4.0,339,729
Philadelphia,Restaurants,0.03296703296703297,3.5,3.0,339,225
Philadelphia,Restaurants,0.022340425531914895,3.5,4.0,339,622
Philadelphia,Restaurants,0.01804511278195489,3.5,4.0,339,338
Philadelphia,Restaurants,0.022608695652173914,3.5,4.0,339,249
Philadelphia,Restaurants,0.014211886304909561,3.5,3.5,339,446
Philadelphia,Restaurants,0.01990049751243781,3.5,2.5,339,276
Philadelphia,Restaurants,0.009727626459143969,3.5,3.5,339,180
Philadelphia,Restaurants,0.01160092807424594,3.5,3.5,339,97
Philadelphia,Restaurants,0.01355421686746988,3.5,3.0,339,334
Philadelphia,Restaurants,0.013452914798206279,3.5,3.5,339,113
Philadelphia,Restaurants,0.020432692307692308,3.5,4.5,339,510
Philadelphia,Restaurants,0.022151898734177215,3.5,3.5,339,307
Philadelphia,Restaurants,0.025906735751295335,3.5,3.5,339,453
Philadelphia,Restaurants,0.011764705882352941,3.5,5.0,339,91
Philadelphia,Restaurants,0.020671834625323,3.5,3.5,339,56
Philadelphia,Restaurants,0.010245901639344262,3.5,4.0,339,154
Philadelphia,Restaurants,0.016695957820738138,3.5,4.0,339,818
Philadelphia,Restaurants,0.012403100775193798,3.5,4.0,339,314
Philadelphia,Restaurants,0.007918552036199095,3.5,4.0,339,552
Philadelphia,Restaurants,0.0070028011204481795,3.5,4.5,339,380
Philadelphia,Restaurants,0.015714285714285715,3.5,4.5,339,372
Philadelphia,Restaurants,0.01178101178101178,3.5,4.5,339,1121
Philadelphia,Restaurants,0.016666666666666666,3.5,4.0,339,210
Philadelphia,Restaurants,0.010752688172043012,3.5,3.0,339,131
Philadelphia,Restaurants,0.02462526766595289,3.5,4.0,339,618
Philadelphia,Restaurants,0.012965964343598054,3.5,4.0,339,286
Philadelphia,Restaurants,0.008375209380234505,3.5,4.0,339,263
Philadelphia,Restaurants,0.0205761316872428,3.5,3.5,339,653
Philadelphia,Restaurants,0.015570934256055362,3.5,4.5,339,248
Philadelphia,Restaurants,0.012285012285012284,3.5,4.0,339,73
Philadelphia,Restaurants,0.016706443914081145,3.5,3.5,339,87
Philadelphia,Restaurants,0.014492753623188406,3.5,3.0,339,221
Philadelphia,Restaurants,0.02849200833912439,3.5,3.5,339,1141
Philadelphia,Restaurants,0.011461318051575931,3.5,3.5,339,367
Philadelphia,Restaurants,0.01098901098901099,3.5,4.5,339,213
Philadelphia,Restaurants,0.015228426395939087,3.5,4.0,339,261
Philadelphia,Restaurants,0.020342612419700215,3.5,4.0,339,614
Philadelphia,Restaurants,0.006309148264984227,3.5,3.5,339,618
Philadelphia,Restaurants,0.012589928057553957,3.5,3.5,339,787
Philadelphia,Restaurants,0.018229166666666668,3.5,3.5,339,443
Philadelphia,Restaurants,0.020224719101123594,3.5,4.0,339,115
Philadelphia,Restaurants,0.01256106071179344,3.5,3.5,339,1112
Philadelphia,Restaurants,0.02283653846153846,4.0,4.0,122,729
Philadelphia,Restaurants,0.0502092050209205,4.0,3.5,122,129
Philadelphia,Restaurants,0.011131725417439703,4.0,4.5,122,423
Philadelphia,Restaurants,0.027472527472527472,4.0,4.5,122,65
Philadelphia,Restaurants,0.0102880658436214,4.5,3.5,48,443
Philadelphia,Restaurants,0.011111111111111112,2.5,4.0,117,338
Philadelphia,Restaurants,0.01288659793814433,2.5,2.5,117,276
Philadelphia,Restaurants,0.020618556701030927,2.5,3.5,117,180
Philadelphia,Restaurants,0.008038585209003215,2.5,4.5,117,510
Philadelphia,Restaurants,0.017857142857142856,2.5,3.5,117,453
Philadelphia,Restaurants,0.009719222462203024,2.5,4.0,117,818
Philadelphia,Restaurants,0.00823045267489712,2.5,4.0,117,618
Philadelphia,Restaurants,0.005595523581135092,2.5,3.5,117,1141
Philadelphia,Restaurants,0.0111731843575419,4.0,4.0,176,729
Philadelphia,Restaurants,0.006305170239596469,4.0,4.0,176,622
Philadelphia,Restaurants,0.020833333333333332,4.0,4.5,176,510
Philadelphia,Restaurants,0.008113590263691683,4.0,4.0,176,818
Philadelphia,Restaurants,0.01675977653631285,4.0,4.0,176,552
Philadelphia,Restaurants,0.006987577639751553,4.0,4.5,176,1121
Philadelphia,Restaurants,0.018691588785046728,4.0,3.5,176,151
Philadelphia,Restaurants,0.011464968152866241,4.0,4.0,176,618
Philadelphia,Restaurants,0.004576659038901602,4.0,3.5,176,1141
Philadelphia,Restaurants,0.00929368029739777,4.0,3.5,176,367
Philadelphia,Restaurants,0.006269592476489028,4.0,3.5,176,787
Philadelphia,Restaurants,0.008143322475570033,4.0,3.5,176,443
Philadelphia,Restaurants,0.007036747458952306,4.0,3.5,176,1112
Philadelphia,Restaurants,0.0327653997378768,4.5,3.5,579,209
Philadelphia,Restaurants,0.018691588785046728,4.5,4.0,579,729
Philadelphia,Restaurants,0.0075528700906344415,4.5,3.5,579,88
Philadelphia,Restaurants,0.022900763358778626,4.5,3.0,579,225
Philadelphia,Restaurants,0.017796610169491526,4.5,4.0,579,622
Philadelphia,Restaurants,0.015503875968992248,4.5,4.0,579,338
Philadelphia,Restaurants,0.00741839762611276,4.5,3.5,579,100
Philadelphia,Restaurants,0.026022304832713755,4.5,4.0,579,249
Philadelphia,Restaurants,0.015857284440039643,4.5,3.5,579,446
Philadelphia,Restaurants,0.017569546120058566,4.5,3.5,579,116
Philadelphia,Restaurants,0.015439429928741092,4.5,2.5,579,276
Philadelphia,Restaurants,0.022911051212938006,4.5,3.5,579,180
Philadelphia,Restaurants,0.008610086100861008,4.5,4.5,579,241
Philadelphia,Restaurants,0.021148036253776436,4.5,3.5,579,97
Philadelphia,Restaurants,0.008839779005524863,4.5,3.0,579,334
Philadelphia,Restaurants,0.022156573116691284,4.5,3.5,579,113
Philadelphia,Restaurants,0.03418803418803419,4.5,4.5,579,510
Philadelphia,Restaurants,0.023094688221709007,4.5,3.5,579,307
Philadelphia,Restaurants,0.03406813627254509,4.5,3.5,579,453
Philadelphia,Restaurants,0.022315202231520222,4.5,4.0,579,154
Philadelphia,Restaurants,0.03789004457652303,4.5,4.0,579,818
Philadelphia,Restaurants,0.006764374295377677,4.5,4.0,579,314
Philadelphia,Restaurants,0.016172506738544475,4.5,4.0,579,552
Philadelphia,Restaurants,0.02922077922077922,4.5,4.5,579,372
Philadelphia,Restaurants,0.009501187648456057,4.5,4.5,579,1121
Philadelphia,Restaurants,0.010243277848911651,4.5,4.0,579,210
Philadelphia,Restaurants,0.0050150451354062184,4.5,4.5,579,423
Philadelphia,Restaurants,0.01487603305785124,4.5,4.0,579,35
Philadelphia,Restaurants,0.00904977375565611,4.5,3.5,579,90
Philadelphia,Restaurants,0.023076923076923078,4.5,4.0,579,618
Philadelphia,Restaurants,0.02976190476190476,4.5,4.0,579,286
Philadelphia,Restaurants,0.005973715651135006,4.5,4.0,579,263
Philadelphia,Restaurants,0.009433962264150943,4.5,3.5,579,63
Philadelphia,Restaurants,0.014827018121911038,4.5,3.5,579,653
Philadelphia,Restaurants,0.017220172201722016,4.5,4.5,579,248
Philadelphia,Restaurants,0.01276595744680851,4.5,4.5,579,135
Philadelphia,Restaurants,0.0077279752704791345,4.5,4.0,579,73
Philadelphia,Restaurants,0.00816326530612245,4.5,3.5,579,162
Philadelphia,Restaurants,0.012658227848101266,4.5,3.0,579,221
Philadelphia,Restaurants,0.011661807580174927,4.5,2.5,579,115
Philadelphia,Restaurants,0.027479091995221028,4.5,3.5,579,1141
Philadelphia,Restaurants,0.01284796573875803,4.5,3.5,579,367
Philadelphia,Restaurants,0.020656136087484813,4.5,4.0,579,261
Philadelphia,Restaurants,0.022279348757497857,4.5,4.0,579,614
Philadelphia,Restaurants,0.011834319526627219,4.5,3.5,579,618
Philadelphia,Restaurants,0.020164301717699777,4.5,3.5,579,787
Philadelphia,Restaurants,0.028169014084507043,4.5,3.5,579,443
Philadelphia,Restaurants,0.010401188707280832,4.5,4.0,579,101
Philadelphia,Restaurants,0.011661807580174927,4.5,4.0,579,115
Philadelphia,Restaurants,0.02796352583586626,4.5,3.5,579,1112
Philadelphia,Restaurants,0.012958963282937365,3.5,4.0,209,729
Philadelphia,Restaurants,0.021176470588235293,3.5,3.0,209,225
Philadelphia,Restaurants,0.01589242053789731,3.5,4.0,209,622
Philadelphia,Restaurants,0.014842300556586271,3.5,4.0,209,338
Philadelphia,Restaurants,0.01644736842105263,3.5,3.5,209,100
Philadelphia,Restaurants,0.03153153153153153,3.5,4.0,209,249
Philadelphia,Restaurants,0.012364760432766615,3.5,3.5,209,446
Philadelphia,Restaurants,0.012526096033402923,3.5,2.5,209,276
Philadelphia,Restaurants,0.026385224274406333,3.5,3.5,209,180
Philadelphia,Restaurants,0.03728813559322034,3.5,3.5,209,97
Philadelphia,Restaurants,0.0189873417721519,3.5,3.5,209,113
Philadelphia,Restaurants,0.01267605633802817,3.5,4.5,209,510
Philadelphia,Restaurants,0.02178217821782178,3.5,3.5,209,307
Philadelphia,Restaurants,0.013782542113323124,3.5,3.5,209,453
Philadelphia,Restaurants,0.009689922480620155,3.5,3.0,209,312
Philadelphia,Restaurants,0.025423728813559324,3.5,4.0,209,154
Philadelphia,Restaurants,0.021890547263681594,3.5,4.0,209,818
Philadelphia,Restaurants,0.021645021645021644,3.5,3.0,209,27
Philadelphia,Restaurants,0.010624169986719787,3.5,4.0,209,552
Philadelphia,Restaurants,0.015734265734265736,3.5,4.5,209,372
Philadelphia,Restaurants,0.009104704097116844,3.5,4.5,209,1121
Philadelphia,Restaurants,0.020987654320987655,3.5,4.0,209,618
Philadelphia,Restaurants,0.026970954356846474,3.5,4.0,209,286
Philadelphia,Restaurants,0.022556390977443608,3.5,3.5,209,63
Philadelphia,Restaurants,0.010550996483001172,3.5,3.5,209,653
Philadelphia,Restaurants,0.01718213058419244,3.5,3.5,209,87
Philadelphia,Restaurants,0.02040816326530612,3.5,3.5,209,1141
Philadelphia,Restaurants,0.010526315789473684,3.5,3.5,209,367
Philadelphia,Restaurants,0.010752688172043012,3.5,4.0,209,261
Philadelphia,Restaurants,0.012300123001230012,3.5,4.0,209,614
Philadelphia,Restaurants,0.012239902080783354,3.5,3.5,209,618
Philadelphia,Restaurants,0.00911854103343465,3.5,3.5,209,787
Philadelphia,Restaurants,0.0219435736677116,3.5,3.5,209,443
Philadelphia,Restaurants,0.012260536398467433,3.5,3.5,209,1112
Philadelphia,Restaurants,0.009523809523809525,4.0,3.0,729,225
Philadelphia,Restaurants,0.009715994020926755,4.0,4.0,729,622
Philadelphia,Restaurants,0.015223596574690771,4.0,4.0,729,338
Philadelphia,Restaurants,0.007290400972053463,4.0,3.5,729,100
Philadelphia,Restaurants,0.006345177664974619,4.0,4.0,729,64
Philadelphia,Restaurants,0.006009615384615385,4.0,4.0,729,108
Philadelphia,Restaurants,0.008247422680412371,4.0,4.0,729,249
Philadelphia,Restaurants,0.009450171821305841,4.0,3.5,729,446
Philadelphia,Restaurants,0.007151370679380214,4.0,3.5,729,116
Philadelphia,Restaurants,0.0070140280561122245,4.0,2.5,729,276
Philadelphia,Restaurants,0.006644518272425249,4.0,3.5,729,180
Philadelphia,Restaurants,0.009365244536940686,4.0,4.5,729,241
Philadelphia,Restaurants,0.0060901339829476245,4.0,3.5,729,97
Philadelphia,Restaurants,0.011417697431018078,4.0,3.0,729,334
Philadelphia,Restaurants,0.005973715651135006,4.0,3.5,729,113
Philadelphia,Restaurants,0.02059308072487644,4.0,4.5,729,510
Philadelphia,Restaurants,0.005825242718446602,4.0,3.5,729,307
Philadelphia,Restaurants,0.015463917525773196,4.0,3.5,729,453
Philadelphia,Restaurants,0.014619883040935672,4.0,3.0,729,312
Philadelphia,Restaurants,0.007371007371007371,4.0,5.0,729,91
Philadelphia,Restaurants,0.0056947608200455585,4.0,4.0,729,154
Philadelphia,Restaurants,0.03498190591073583,4.0,3.5,729,129
Philadelphia,Restaurants,0.006230529595015576,4.0,4.0,729,240
Philadelphia,Restaurants,0.015758371634931056,4.0,4.0,729,818
Philadelphia,Restaurants,0.007729468599033816,4.0,4.0,729,314
Philadelphia,Restaurants,0.0297427652733119,4.0,4.0,729,552
Philadelphia,Restaurants,0.011948529411764705,4.0,4.5,729,372
Philadelphia,Restaurants,0.02153506350082827,4.0,4.5,729,1121
Philadelphia,Restaurants,0.016304347826086956,4.0,4.5,729,206
Philadelphia,Restaurants,0.0075107296137339056,4.0,4.0,729,210
Philadelphia,Restaurants,0.022182786157941437,4.0,4.5,729,423
Philadelphia,Restaurants,0.012437810945273632,4.0,3.0,729,85
Philadelphia,Restaurants,0.009174311926605505,4.0,3.5,729,151
Philadelphia,Restaurants,0.0079155672823219,4.0,4.0,729,35
Philadelphia,Restaurants,0.017371601208459216,4.0,4.0,729,618
Philadelphia,Restaurants,0.013986013986013986,4.0,4.0,729,286
Philadelphia,Restaurants,0.012454212454212455,4.0,3.5,729,653
Philadelphia,Restaurants,0.012435233160621761,4.0,4.5,729,248
Philadelphia,Restaurants,0.0063371356147021544,4.0,4.5,729,65
Philadelphia,Restaurants,0.007159904534606206,4.0,2.5,729,115
Philadelphia,Restaurants,0.0212998361551065,4.0,3.5,729,1141
Philadelphia,Restaurants,0.010138248847926268,4.0,3.5,729,367
Philadelphia,Restaurants,0.006459948320413436,4.0,2.5,729,50
Philadelphia,Restaurants,0.005399568034557235,4.0,4.5,729,202
Philadelphia,Restaurants,0.006476683937823834,4.0,4.0,729,48
Philadelphia,Restaurants,0.006009615384615385,4.0,4.0,729,108
Philadelphia,Restaurants,0.005336179295624333,4.0,4.5,729,213
Philadelphia,Restaurants,0.012057272042200452,4.0,4.0,729,614
Philadelphia,Restaurants,0.0052238805970149255,4.0,3.5,729,618
Philadelphia,Restaurants,0.012016021361815754,4.0,3.5,729,787
Philadelphia,Restaurants,0.010344827586206896,4.0,3.5,729,443
Philadelphia,Restaurants,0.01825221238938053,4.0,3.5,729,1112
Philadelphia,Restaurants,0.005141388174807198,2.5,3.5,32,1141
Philadelphia,Restaurants,0.007416563658838072,4.5,4.0,193,622
Philadelphia,Restaurants,0.011655011655011656,4.5,4.5,193,241
Philadelphia,Restaurants,0.009578544061302681,4.5,3.0,193,334
Philadelphia,Restaurants,0.010057471264367816,4.5,4.5,193,510
Philadelphia,Restaurants,0.0078003120124804995,4.5,3.5,193,453
Philadelphia,Restaurants,0.007976071784646061,4.5,4.0,193,818
Philadelphia,Restaurants,0.006756756756756757,4.5,4.0,193,552
Philadelphia,Restaurants,0.018604651162790697,4.5,4.5,193,1121
Philadelphia,Restaurants,0.019083969465648856,4.5,4.0,193,74
Philadelphia,Restaurants,0.003762227238525207,4.5,3.5,193,1141
Philadelphia,Restaurants,0.007722007722007722,4.5,3.5,193,1112
Philadelphia,Restaurants,0.005549389567147614,3.5,4.0,88,818
Philadelphia,Restaurants,0.010914051841746248,3.5,3.5,88,653
Philadelphia,Restaurants,0.01749271137026239,3.5,4.0,88,261
Philadelphia,Restaurants,0.010739856801909307,3.0,4.0,225,622
Philadelphia,Restaurants,0.010771992818671455,3.0,4.0,225,338
Philadelphia,Restaurants,0.010660980810234541,3.0,4.0,225,249
Philadelphia,Restaurants,0.0213089802130898,3.0,3.5,225,446
Philadelphia,Restaurants,0.018292682926829267,3.0,2.5,225,276
Philadelphia,Restaurants,0.021929824561403508,3.0,4.5,225,241
Philadelphia,Restaurants,0.02875399361022364,3.0,3.5,225,97
Philadelphia,Restaurants,0.015015015015015015,3.0,3.5,225,113
Philadelphia,Restaurants,0.019417475728155338,3.0,4.5,225,510
Philadelphia,Restaurants,0.02111324376199616,3.0,3.5,225,307
Philadelphia,Restaurants,0.014970059880239521,3.0,3.5,225,453
Philadelphia,Restaurants,0.0160857908847185,3.0,4.0,225,154
Philadelphia,Restaurants,0.01557935735150925,3.0,4.0,225,818
Philadelphia,Restaurants,0.02236842105263158,3.0,4.0,225,552
Philadelphia,Restaurants,0.008445945945945946,3.0,4.5,225,372
Philadelphia,Restaurants,0.008995502248875561,3.0,4.5,225,1121
Philadelphia,Restaurants,0.02005730659025788,3.0,3.0,225,131
Philadelphia,Restaurants,0.019347037484885126,3.0,4.0,225,618
Philadelphia,Restaurants,0.01996007984031936,3.0,4.0,225,286
Philadelphia,Restaurants,0.015028901734104046,3.0,3.5,225,653
Philadelphia,Restaurants,0.02245508982035928,3.0,3.5,225,1141
Philadelphia,Restaurants,0.008517887563884156,3.0,3.5,225,367
Philadelphia,Restaurants,0.011547344110854504,3.0,4.5,225,213
Philadelphia,Restaurants,0.014613778705636743,3.0,4.0,225,261
Philadelphia,Restaurants,0.013285024154589372,3.0,4.0,225,614
Philadelphia,Restaurants,0.008373205741626795,3.0,3.5,225,618
Philadelphia,Restaurants,0.014028056112224449,3.0,3.5,225,787
Philadelphia,Restaurants,0.018292682926829267,3.0,3.5,225,443
Philadelphia,Restaurants,0.010582010582010581,3.0,3.5,225,1112
Philadelphia,Restaurants,0.012658227848101266,4.0,4.0,622,338
Philadelphia,Restaurants,0.010309278350515464,4.0,4.0,622,64
Philadelphia,Restaurants,0.022300469483568074,4.0,4.0,622,249
Philadelphia,Restaurants,0.00945179584120983,4.0,3.5,622,446
Philadelphia,Restaurants,0.007856341189674524,4.0,2.5,622,276
Philadelphia,Restaurants,0.010075566750629723,4.0,3.5,622,180
Philadelphia,Restaurants,0.01410105757931845,4.0,4.5,622,241
Philadelphia,Restaurants,0.008415147265077139,4.0,3.5,622,97
Philadelphia,Restaurants,0.01164021164021164,4.0,3.0,622,334
Philadelphia,Restaurants,0.009615384615384616,4.0,3.5,622,113
Philadelphia,Restaurants,0.01981981981981982,4.0,4.5,622,510
Philadelphia,Restaurants,0.014192139737991267,4.0,3.5,622,307
Philadelphia,Restaurants,0.011288805268109126,4.0,3.5,622,453
Philadelphia,Restaurants,0.005382131324004306,4.0,3.0,622,312
Philadelphia,Restaurants,0.007062146892655367,4.0,5.0,622,91
Philadelphia,Restaurants,0.006925207756232687,4.0,3.5,622,105
Philadelphia,Restaurants,0.010416666666666666,4.0,4.0,622,154
Philadelphia,Restaurants,0.008187134502923977,4.0,4.0,622,240
Philadelphia,Restaurants,0.04046242774566474,4.0,4.0,622,818
Philadelphia,Restaurants,0.0075282308657465494,4.0,4.0,622,181
Philadelphia,Restaurants,0.012987012987012988,4.0,4.0,622,314
Philadelphia,Restaurants,0.007541478129713424,4.0,4.5,622,46
Philadelphia,Restaurants,0.028921998247151623,4.0,4.0,622,552
Philadelphia,Restaurants,0.013251783893985729,4.0,4.5,622,372
Philadelphia,Restaurants,0.01929824561403509,4.0,4.5,622,1121
Philadelphia,Restaurants,0.008484848484848486,4.0,4.0,622,210
Philadelphia,Restaurants,0.007714561234329798,4.0,4.5,622,423
Philadelphia,Restaurants,0.011419249592169658,4.0,4.0,622,618
Philadelphia,Restaurants,0.01452513966480447,4.0,4.0,622,286
Philadelphia,Restaurants,0.007972665148063782,4.0,4.0,622,263
Philadelphia,Restaurants,0.007352941176470588,4.0,3.5,622,63
Philadelphia,Restaurants,0.010301109350237718,4.0,3.5,622,653
Philadelphia,Restaurants,0.012805587892898719,4.0,4.5,622,248
Philadelphia,Restaurants,0.006648936170212766,4.0,4.5,622,135
Philadelphia,Restaurants,0.007246376811594203,4.0,4.0,622,73
Philadelphia,Restaurants,0.007102272727272727,4.0,3.5,622,87
Philadelphia,Restaurants,0.0059665871121718375,4.0,3.0,622,221
Philadelphia,Restaurants,0.008207934336525308,4.0,2.5,622,115
Philadelphia,Restaurants,0.017311021350259664,4.0,3.5,622,1141
Philadelphia,Restaurants,0.010214504596527068,4.0,3.5,622,367
Philadelphia,Restaurants,0.006105006105006105,4.0,4.5,622,202
Philadelphia,Restaurants,0.011454753722794959,4.0,4.0,622,261
Philadelphia,Restaurants,0.012285012285012284,4.0,4.0,622,614
Philadelphia,Restaurants,0.013071895424836602,4.0,3.5,622,618
Philadelphia,Restaurants,0.009009009009009009,4.0,4.5,622,50
Philadelphia,Restaurants,0.015129682997118156,4.0,3.5,622,787
Philadelphia,Restaurants,0.010436432637571158,4.0,3.5,622,443
Philadelphia,Restaurants,0.008368200836820083,4.0,4.0,622,101
Philadelphia,Restaurants,0.009589041095890411,4.0,4.0,622,115
Philadelphia,Restaurants,0.015817223198594025,4.0,3.5,622,1112
Philadelphia,Restaurants,0.015945330296127564,4.0,4.0,338,108
Philadelphia,Restaurants,0.010327022375215147,4.0,4.0,338,249
Philadelphia,Restaurants,0.010309278350515464,4.0,3.5,338,446
Philadelphia,Restaurants,0.009868421052631578,4.0,2.5,338,276
Philadelphia,Restaurants,0.01768172888015717,4.0,3.5,338,180
Philadelphia,Restaurants,0.01757469244288225,4.0,4.5,338,241
Philadelphia,Restaurants,0.009009009009009009,4.0,3.0,338,334
Philadelphia,Restaurants,0.010727056019070322,4.0,4.5,338,510
Philadelphia,Restaurants,0.016709511568123392,4.0,3.5,338,453
Philadelphia,Restaurants,0.015817223198594025,4.0,4.0,338,818
Philadelphia,Restaurants,0.012468827930174564,4.0,4.5,338,68
Philadelphia,Restaurants,0.0077279752704791345,4.0,4.0,338,314
Philadelphia,Restaurants,0.014823261117445839,4.0,4.0,338,552
Philadelphia,Restaurants,0.00995732574679943,4.0,4.5,338,372
Philadelphia,Restaurants,0.012491325468424705,4.0,4.5,338,1121
Philadelphia,Restaurants,0.012939001848428836,4.0,4.0,338,210
Philadelphia,Restaurants,0.01702127659574468,4.0,4.0,338,618
Philadelphia,Restaurants,0.009708737864077669,4.0,4.0,338,286
Philadelphia,Restaurants,0.008389261744966443,4.0,4.0,338,263
Philadelphia,Restaurants,0.011224489795918367,4.0,3.5,338,653
Philadelphia,Restaurants,0.010344827586206896,4.0,4.5,338,248
Philadelphia,Restaurants,0.01440329218106996,4.0,3.5,338,1141
Philadelphia,Restaurants,0.011235955056179775,4.0,4.5,338,202
Philadelphia,Restaurants,0.01011804384485666,4.0,4.0,338,261
Philadelphia,Restaurants,0.00847457627118644,4.0,4.0,338,614
Philadelphia,Restaurants,0.00631578947368421,4.0,3.5,338,618
Philadelphia,Restaurants,0.006261180679785331,4.0,3.5,338,787
Philadelphia,Restaurants,0.014285714285714285,4.0,3.5,338,443
Philadelphia,Restaurants,0.013277428371767994,4.0,3.5,338,1112
Philadelphia,Restaurants,0.03333333333333333,3.5,3.0,100,334
Philadelphia,Restaurants,0.008791208791208791,3.5,4.0,100,818
Philadelphia,Restaurants,0.03759398496240601,3.5,4.0,100,314
Philadelphia,Restaurants,0.013996889580093312,3.5,4.0,100,552
Philadelphia,Restaurants,0.015053763440860216,3.5,4.5,100,372
Philadelphia,Restaurants,0.0049382716049382715,3.5,4.5,100,1121
Philadelphia,Restaurants,0.0070126227208976155,3.5,4.0,100,618
Philadelphia,Restaurants,0.0066844919786096255,3.5,3.5,100,653
Philadelphia,Restaurants,0.02654867256637168,3.5,4.5,100,248
Philadelphia,Restaurants,0.028846153846153848,3.5,3.0,100,221
Philadelphia,Restaurants,0.03864734299516908,3.5,2.5,100,115
Philadelphia,Restaurants,0.007052186177715092,3.5,4.0,100,614
Philadelphia,Restaurants,0.04895104895104895,3.5,4.5,100,50
Philadelphia,Restaurants,0.010842368640533779,3.5,3.5,100,1112
Philadelphia,Restaurants,0.004173622704507512,3.5,3.5,62,1141
Philadelphia,Restaurants,0.015306122448979591,4.0,3.0,64,334
Philadelphia,Restaurants,0.013404825737265416,4.0,4.0,64,314
Philadelphia,Restaurants,0.01037037037037037,4.0,4.0,64,618
Philadelphia,Restaurants,0.03260869565217391,4.0,3.0,64,221
Philadelphia,Restaurants,0.007429420505200594,4.0,4.0,64,614
Philadelphia,Restaurants,0.007712082262210797,4.0,3.5,64,1112
Philadelphia,Restaurants,0.008741258741258742,4.0,4.5,67,510
Philadelphia,Restaurants,0.027906976744186046,4.0,4.0,67,154
Philadelphia,Restaurants,0.011312217194570135,4.0,4.5,67,380
Philadelphia,Restaurants,0.00422654268808115,4.0,4.5,67,1121
Philadelphia,Restaurants,0.006993006993006993,4.0,3.5,67,653
Philadelphia,Restaurants,0.008433734939759036,3.5,3.5,184,653
Philadelphia,Restaurants,0.003787878787878788,3.5,3.5,184,1141
Philadelphia,Restaurants,0.023809523809523808,3.5,4.5,184,31
Philadelphia,Restaurants,0.010719754977029096,4.0,4.0,108,552
Philadelphia,Restaurants,0.011522633744855968,4.0,4.5,108,1121
Philadelphia,Restaurants,0.00411522633744856,4.0,3.5,108,1112
Philadelphia,Restaurants,0.008361204013377926,4.0,4.5,93,510
Philadelphia,Restaurants,0.029166666666666667,4.0,4.0,93,154
Philadelphia,Restaurants,0.009472259810554804,4.0,3.5,93,653
Philadelphia,Restaurants,0.004885993485342019,4.0,3.5,93,1141
Philadelphia,Restaurants,0.009416195856873822,4.0,3.5,93,443
Philadelphia,Restaurants,0.005843071786310518,4.0,3.5,93,1112
Philadelphia,Restaurants,0.003968253968253968,3.0,3.5,124,1141
Philadelphia,Restaurants,0.013157894736842105,3.0,4.0,124,261
Philadelphia,Restaurants,0.00819672131147541,3.0,4.0,124,614
Philadelphia,Restaurants,0.005518763796909493,3.0,3.5,124,787
Philadelphia,Restaurants,0.014311270125223614,3.0,3.5,124,443
Philadelphia,Restaurants,0.010174418604651164,4.0,3.5,249,446
Philadelphia,Restaurants,0.013888888888888888,4.0,3.5,249,116
Philadelphia,Restaurants,0.011560693641618497,4.0,2.5,249,276
Philadelphia,Restaurants,0.010309278350515464,4.0,4.5,249,241
Philadelphia,Restaurants,0.01466275659824047,4.0,3.5,249,97
Philadelphia,Restaurants,0.00865051903114187,4.0,3.0,249,334
Philadelphia,Restaurants,0.04927536231884058,4.0,3.5,249,113
Philadelphia,Restaurants,0.012,4.0,4.5,249,510
Philadelphia,Restaurants,0.014598540145985401,4.0,3.5,249,307
Philadelphia,Restaurants,0.011527377521613832,4.0,3.5,249,453
Philadelphia,Restaurants,0.012422360248447204,4.0,4.0,249,240
Philadelphia,Restaurants,0.021052631578947368,4.0,4.0,249,818
Philadelphia,Restaurants,0.010771992818671455,4.0,4.0,249,314
Philadelphia,Restaurants,0.013924050632911392,4.0,4.0,249,552
Philadelphia,Restaurants,0.008836524300441826,4.0,4.5,249,1121
Philadelphia,Restaurants,0.017738359201773836,4.0,4.0,249,210
Philadelphia,Restaurants,0.016412661195779603,4.0,4.0,249,618
Philadelphia,Restaurants,0.010526315789473684,4.0,4.0,249,231
Philadelphia,Restaurants,0.015180265654648957,4.0,4.0,249,286
Philadelphia,Restaurants,0.009861932938856016,4.0,4.0,249,263
Philadelphia,Restaurants,0.016286644951140065,4.0,3.5,249,63
Philadelphia,Restaurants,0.005574136008918618,4.0,3.5,249,653
Philadelphia,Restaurants,0.01016260162601626,4.0,4.5,249,248
Philadelphia,Restaurants,0.01511879049676026,4.0,3.0,249,221
Philadelphia,Restaurants,0.013927576601671309,4.0,2.5,249,115
Philadelphia,Restaurants,0.016825164594001463,4.0,3.5,249,1141
Philadelphia,Restaurants,0.008183306055646482,4.0,3.5,249,367
Philadelphia,Restaurants,0.009900990099009901,4.0,4.0,249,261
Philadelphia,Restaurants,0.021301775147928994,4.0,4.0,249,614
Philadelphia,Restaurants,0.011668611435239206,4.0,3.5,249,618
Philadelphia,Restaurants,0.010731707317073172,4.0,3.5,249,787
Philadelphia,Restaurants,0.011695906432748537,4.0,3.5,249,443
Philadelphia,Restaurants,0.014124293785310734,4.0,2.5,249,110
Philadelphia,Restaurants,0.014914243102162566,4.0,3.5,249,1112
Philadelphia,Restaurants,0.012437810945273632,4.0,4.5,27,380
Philadelphia,Restaurants,0.032467532467532464,4.0,4.0,88,71
Philadelphia,Restaurants,0.01079136690647482,3.5,3.5,446,116
Philadelphia,Restaurants,0.012622720897615708,3.5,2.5,446,276
Philadelphia,Restaurants,0.009025270758122744,3.5,3.5,446,113
Philadelphia,Restaurants,0.008438818565400843,3.5,4.5,446,510
Philadelphia,Restaurants,0.0066844919786096255,3.5,3.5,446,307
Philadelphia,Restaurants,0.016968325791855202,3.5,3.5,446,453
Philadelphia,Restaurants,0.006640106241699867,3.5,3.0,446,312
Philadelphia,Restaurants,0.006369426751592357,3.5,4.0,446,818
Philadelphia,Restaurants,0.00808080808080808,3.5,4.0,446,552
Philadelphia,Restaurants,0.003201024327784891,3.5,4.5,446,1121
Philadelphia,Restaurants,0.005787037037037037,3.5,4.5,446,423
Philadelphia,Restaurants,0.020134228187919462,3.5,4.0,446,618
Philadelphia,Restaurants,0.0068775790921595595,3.5,4.0,446,286
Philadelphia,Restaurants,0.01011029411764706,3.5,3.5,446,653
Philadelphia,Restaurants,0.00872093023255814,3.5,4.5,446,248
Philadelphia,Restaurants,0.0075528700906344415,3.5,3.0,446,221
Philadelphia,Restaurants,0.01730769230769231,3.5,3.5,446,1141
Philadelphia,Restaurants,0.008684863523573201,3.5,3.5,446,367
Philadelphia,Restaurants,0.010954616588419406,3.5,2.5,446,200
Philadelphia,Restaurants,0.0076045627376425855,3.5,4.0,446,614
Philadelphia,Restaurants,0.005671077504725898,3.5,3.5,446,618
Philadelphia,Restaurants,0.011484823625922888,3.5,3.5,446,787
Philadelphia,Restaurants,0.014840182648401826,3.5,3.5,446,443
Philadelphia,Restaurants,0.010810810810810811,3.5,4.0,446,115
Philadelphia,Restaurants,0.009721322099805573,3.5,3.5,446,1112
Philadelphia,Restaurants,0.01718213058419244,3.5,3.5,116,180
Philadelphia,Restaurants,0.028985507246376812,3.5,3.5,116,97
Philadelphia,Restaurants,0.022321428571428572,3.5,3.5,116,113
Philadelphia,Restaurants,0.010822510822510822,3.5,4.0,116,818
Philadelphia,Restaurants,0.009628610729023384,3.5,4.0,116,618
Philadelphia,Restaurants,0.024489795918367346,3.5,4.5,116,135
Philadelphia,Restaurants,0.01812688821752266,3.5,3.0,116,221
Philadelphia,Restaurants,0.0056,3.5,3.5,116,1141
Philadelphia,Restaurants,0.005567928730512249,3.5,3.5,116,787
Philadelphia,Restaurants,0.012681159420289856,3.5,3.5,116,443
Philadelphia,Restaurants,0.013201320132013201,3.5,3.5,116,1112
Philadelphia,Restaurants,0.011741682974559686,2.5,4.5,276,241
Philadelphia,Restaurants,0.008264462809917356,2.5,3.0,276,334
Philadelphia,Restaurants,0.010282776349614395,2.5,4.5,276,510
Philadelphia,Restaurants,0.01532033426183844,2.5,3.5,276,453
Philadelphia,Restaurants,0.008576329331046312,2.5,3.0,276,312
Philadelphia,Restaurants,0.011764705882352941,2.5,4.0,276,154
Philadelphia,Restaurants,0.00922509225092251,2.5,4.0,276,818
Philadelphia,Restaurants,0.014705882352941176,2.5,4.0,276,552
Philadelphia,Restaurants,0.0125,2.5,4.5,276,372
Philadelphia,Restaurants,0.005759539236861051,2.5,4.5,276,1121
Philadelphia,Restaurants,0.0125,2.5,4.0,276,210
Philadelphia,Restaurants,0.013605442176870748,2.5,4.0,276,618
Philadelphia,Restaurants,0.012612612612612612,2.5,4.0,276,286
Philadelphia,Restaurants,0.02108433734939759,2.5,3.5,276,63
Philadelphia,Restaurants,0.011982570806100218,2.5,3.5,276,653
Philadelphia,Restaurants,0.009633911368015413,2.5,4.5,276,248
Philadelphia,Restaurants,0.013966480446927373,2.5,3.5,276,87
Philadelphia,Restaurants,0.016359918200409,2.5,3.0,276,221
Philadelphia,Restaurants,0.019424460431654675,2.5,3.5,276,1141
Philadelphia,Restaurants,0.013207547169811321,2.5,4.0,276,261
Philadelphia,Restaurants,0.01021566401816118,2.5,4.0,276,614
Philadelphia,Restaurants,0.011417697431018078,2.5,3.5,276,787
Philadelphia,Restaurants,0.018413597733711047,2.5,3.5,276,443
Philadelphia,Restaurants,0.015789473684210527,2.5,2.5,276,110
Philadelphia,Restaurants,0.010924981791697014,2.5,3.5,276,1112
Philadelphia,Restaurants,0.011013215859030838,4.0,4.5,79,380
Philadelphia,Restaurants,0.007288629737609329,2.5,3.5,38,653
Philadelphia,Restaurants,0.006097560975609756,2.5,3.5,38,787
Philadelphia,Restaurants,0.01838235294117647,3.5,3.5,180,97
Philadelphia,Restaurants,0.019202363367799114,3.5,4.5,180,510
Philadelphia,Restaurants,0.011182108626198083,3.5,3.5,180,453
Philadelphia,Restaurants,0.016293279022403257,3.5,4.0,180,818
Philadelphia,Restaurants,0.014373716632443531,3.5,4.0,180,314
Philadelphia,Restaurants,0.012844036697247707,3.5,4.5,180,372
Philadelphia,Restaurants,0.004633204633204633,3.5,4.5,180,1121
Philadelphia,Restaurants,0.026615969581749048,3.5,3.5,180,90
Philadelphia,Restaurants,0.008849557522123894,3.5,4.0,180,618
Philadelphia,Restaurants,0.017467248908296942,3.5,4.0,180,286
Philadelphia,Restaurants,0.009696969696969697,3.5,3.5,180,653
Philadelphia,Restaurants,0.01904761904761905,3.5,4.5,180,248
Philadelphia,Restaurants,0.01303680981595092,3.5,3.5,180,1141
Philadelphia,Restaurants,0.00922509225092251,3.5,3.5,180,367
Philadelphia,Restaurants,0.0063371356147021544,3.5,4.0,180,614
Philadelphia,Restaurants,0.007291666666666667,3.5,3.5,180,787
Philadelphia,Restaurants,0.014657980456026058,3.5,3.5,180,443
Philadelphia,Restaurants,0.018124507486209612,3.5,3.5,180,1112
Philadelphia,Restaurants,0.004344048653344918,3.5,3.5,15,1141
Philadelphia,Restaurants,0.014864864864864866,4.5,4.5,241,510
Philadelphia,Restaurants,0.00725689404934688,4.5,3.5,241,453
Philadelphia,Restaurants,0.01282051282051282,4.5,4.0,241,154
Philadelphia,Restaurants,0.01263157894736842,4.5,4.0,241,240
Philadelphia,Restaurants,0.01826923076923077,4.5,4.0,241,818
Philadelphia,Restaurants,0.01092896174863388,4.5,4.0,241,314
Philadelphia,Restaurants,0.031209362808842653,4.5,4.0,241,552
Philadelphia,Restaurants,0.008116883116883116,4.5,4.5,241,380
Philadelphia,Restaurants,0.009884678747940691,4.5,4.5,241,372
Philadelphia,Restaurants,0.03416856492027335,4.5,4.5,241,1121
Philadelphia,Restaurants,0.02733485193621868,4.5,4.0,241,210
Philadelphia,Restaurants,0.012971698113207548,4.5,4.0,241,618
Philadelphia,Restaurants,0.015053763440860216,4.5,4.0,241,231
Philadelphia,Restaurants,0.019342359767891684,4.5,4.0,241,286
Philadelphia,Restaurants,0.01818181818181818,4.5,4.0,241,263
Philadelphia,Restaurants,0.006756756756756757,4.5,3.5,241,653
Philadelphia,Restaurants,0.012422360248447204,4.5,4.5,241,248
Philadelphia,Restaurants,0.016181229773462782,4.5,4.0,241,73
Philadelphia,Restaurants,0.01023391812865497,4.5,3.5,241,1141
Philadelphia,Restaurants,0.009966777408637873,4.5,3.5,241,367
Philadelphia,Restaurants,0.013392857142857142,4.5,4.5,241,213
Philadelphia,Restaurants,0.014141414141414142,4.5,4.0,241,261
Philadelphia,Restaurants,0.013033175355450236,4.5,4.0,241,614
Philadelphia,Restaurants,0.009400705052878966,4.5,3.5,241,618
Philadelphia,Restaurants,0.0068560235063663075,4.5,3.5,241,787
Philadelphia,Restaurants,0.007363770250368188,4.5,3.5,241,443
Philadelphia,Restaurants,0.01424287856071964,4.5,3.5,241,1112
Philadelphia,Restaurants,0.008305647840531562,3.5,4.5,97,510
Philadelphia,Restaurants,0.012531328320802004,3.5,3.5,97,307
Philadelphia,Restaurants,0.01289134438305709,3.5,3.5,97,453
Philadelphia,Restaurants,0.008820286659316428,3.5,4.0,97,818
Philadelphia,Restaurants,0.01735357917570499,3.5,4.5,97,372
Philadelphia,Restaurants,0.009887005649717515,3.5,4.0,97,618
Philadelphia,Restaurants,0.015915119363395226,3.5,4.0,97,286
Philadelphia,Restaurants,0.008964955175224124,3.5,3.5,97,1141
Philadelphia,Restaurants,0.01282051282051282,3.5,4.0,97,614
Philadelphia,Restaurants,0.005688282138794084,3.5,3.5,97,787
Philadelphia,Restaurants,0.032504780114722756,3.5,3.5,97,443
Philadelphia,Restaurants,0.008340283569641367,3.5,3.5,97,1112
Philadelphia,Restaurants,0.011312217194570135,3.0,3.5,334,113
Philadelphia,Restaurants,0.011990407673860911,3.0,4.5,334,510
Philadelphia,Restaurants,0.008756567425569177,3.0,4.0,334,818
Philadelphia,Restaurants,0.023696682464454975,3.0,4.0,334,314
Philadelphia,Restaurants,0.007963594994311717,3.0,4.0,334,552
Philadelphia,Restaurants,0.009015256588072122,3.0,4.5,334,1121
Philadelphia,Restaurants,0.00847457627118644,3.0,4.0,334,618
Philadelphia,Restaurants,0.009771986970684038,3.0,4.0,334,286
Philadelphia,Restaurants,0.007142857142857143,3.0,3.5,334,653
Philadelphia,Restaurants,0.01217391304347826,3.0,4.5,334,248
Philadelphia,Restaurants,0.010183299389002037,3.0,3.5,334,162
Philadelphia,Restaurants,0.05714285714285714,3.0,3.0,334,221
Philadelphia,Restaurants,0.02745995423340961,3.0,2.5,334,115
Philadelphia,Restaurants,0.011659807956104253,3.0,3.5,334,1141
Philadelphia,Restaurants,0.00922509225092251,3.0,4.5,334,213
Philadelphia,Restaurants,0.00847457627118644,3.0,4.0,334,261
Philadelphia,Restaurants,0.009584664536741214,3.0,4.0,334,614
Philadelphia,Restaurants,0.015873015873015872,3.0,4.5,334,50
Philadelphia,Restaurants,0.010820559062218215,3.0,3.5,334,787
Philadelphia,Restaurants,0.007782101167315175,3.0,3.5,334,443
Philadelphia,Restaurants,0.019027484143763214,3.0,3.5,334,1112
Philadelphia,Restaurants,0.018867924528301886,4.0,4.0,89,181
Philadelphia,Restaurants,0.01615798922800718,3.5,3.5,113,453
Philadelphia,Restaurants,0.03088803088803089,3.5,4.0,113,154
Philadelphia,Restaurants,0.010857763300760043,3.5,4.0,113,818
Philadelphia,Restaurants,0.007575757575757576,3.5,4.0,113,552
Philadelphia,Restaurants,0.0040683482506102524,3.5,4.5,113,1121
Philadelphia,Restaurants,0.015723270440251572,3.5,4.0,113,210
Philadelphia,Restaurants,0.011065006915629323,3.5,4.0,113,618
Philadelphia,Restaurants,0.018292682926829267,3.5,3.0,113,221
Philadelphia,Restaurants,0.014563106796116505,3.5,3.5,113,1141
Philadelphia,Restaurants,0.016783216783216783,3.5,4.0,113,614
Philadelphia,Restaurants,0.01090909090909091,3.5,3.5,113,443
Philadelphia,Restaurants,0.032407407407407406,3.5,2.5,113,110
Philadelphia,Restaurants,0.007401315789473684,3.5,3.5,113,1112
Philadelphia,Restaurants,0.01616161616161616,4.0,4.5,123,380
Philadelphia,Restaurants,0.012391573729863693,4.5,3.5,510,307
Philadelphia,Restaurants,0.021208907741251327,4.5,3.5,510,453
Philadelphia,Restaurants,0.006119951040391677,4.5,3.0,510,312
Philadelphia,Restaurants,0.011784511784511785,4.5,5.0,510,91
Philadelphia,Restaurants,0.013740458015267175,4.5,4.0,510,154
Philadelphia,Restaurants,0.01048951048951049,4.5,4.5,510,68
Philadelphia,Restaurants,0.008064516129032258,4.5,4.0,510,240
Philadelphia,Restaurants,0.023112480739599383,4.5,4.0,510,818
Philadelphia,Restaurants,0.011042944785276074,4.5,4.0,510,314
Philadelphia,Restaurants,0.021153846153846155,4.5,4.0,510,552
Philadelphia,Restaurants,0.012629161882893225,4.5,4.5,510,372
Philadelphia,Restaurants,0.023854362837413684,4.5,4.5,510,1121
Philadelphia,Restaurants,0.006993006993006993,4.5,4.0,510,210
Philadelphia,Restaurants,0.006472491909385114,4.5,4.5,510,423
Philadelphia,Restaurants,0.026397515527950312,4.5,3.5,510,151
Philadelphia,Restaurants,0.009448818897637795,4.5,3.0,510,131
Philadelphia,Restaurants,0.019891500904159132,4.5,4.0,510,618
Philadelphia,Restaurants,0.01646090534979424,4.5,4.0,510,231
Philadelphia,Restaurants,0.021822849807445442,4.5,4.0,510,286
Philadelphia,Restaurants,0.007822685788787484,4.5,4.0,510,263
Philadelphia,Restaurants,0.013949433304272014,4.5,3.5,510,653
Philadelphia,Restaurants,0.010666666666666666,4.5,4.5,510,248
Philadelphia,Restaurants,0.010398613518197574,4.5,4.0,510,73
Philadelphia,Restaurants,0.009009009009009009,4.5,3.5,510,162
Philadelphia,Restaurants,0.006887052341597796,4.5,3.0,510,221
Philadelphia,Restaurants,0.021026592455163882,4.5,3.5,510,1141
Philadelphia,Restaurants,0.006888633754305396,4.5,3.5,510,367
Philadelphia,Restaurants,0.012802275960170697,4.5,4.5,510,202
Philadelphia,Restaurants,0.014025245441795231,4.5,4.5,510,213
Philadelphia,Restaurants,0.010484927916120577,4.5,4.0,510,261
Philadelphia,Restaurants,0.012612612612612612,4.5,4.0,510,614
Philadelphia,Restaurants,0.0053475935828877,4.5,3.5,510,618
Philadelphia,Restaurants,0.010124610591900311,4.5,3.5,510,787
Philadelphia,Restaurants,0.01167728237791932,4.5,3.5,510,443
Philadelphia,Restaurants,0.011589403973509934,4.5,4.0,510,101
Philadelphia,Restaurants,0.009693053311793215,4.5,4.0,510,115
Philadelphia,Restaurants,0.02269861286254729,4.5,3.5,510,1112
Philadelphia,Restaurants,0.014686248331108143,3.5,3.5,307,453
Philadelphia,Restaurants,0.01160092807424594,3.5,3.5,307,129
Philadelphia,Restaurants,0.014842300556586271,3.5,4.0,307,240
Philadelphia,Restaurants,0.015342960288808664,3.5,4.0,307,818
Philadelphia,Restaurants,0.018032786885245903,3.5,4.0,307,314
Philadelphia,Restaurants,0.008215962441314555,3.5,4.0,307,552
Philadelphia,Restaurants,0.011922503725782414,3.5,4.5,307,372
Philadelphia,Restaurants,0.009900990099009901,3.5,4.5,307,1121
Philadelphia,Restaurants,0.008724100327153763,3.5,4.0,307,618
Philadelphia,Restaurants,0.017152658662092625,3.5,4.0,307,286
Philadelphia,Restaurants,0.006289308176100629,3.5,3.5,307,653
Philadelphia,Restaurants,0.016483516483516484,3.5,4.5,307,248
Philadelphia,Restaurants,0.01808785529715762,3.5,3.5,307,87
Philadelphia,Restaurants,0.009762900976290097,3.5,3.5,307,1141
Philadelphia,Restaurants,0.016100178890876567,3.5,4.0,307,261
Philadelphia,Restaurants,0.019933554817275746,3.5,4.0,307,614
Philadelphia,Restaurants,0.005434782608695652,3.5,3.5,307,618
Philadelphia,Restaurants,0.011090573012939002,3.5,3.5,307,787
Philadelphia,Restaurants,0.012145748987854251,3.5,3.5,307,443
Philadelphia,Restaurants,0.01284796573875803,3.5,3.5,307,1112
Philadelphia,Restaurants,0.009234828496042216,3.5,3.0,453,312
Philadelphia,Restaurants,0.01303538175046555,3.5,5.0,453,91
Philadelphia,Restaurants,0.011666666666666667,3.5,4.0,453,154
Philadelphia,Restaurants,0.021704180064308683,3.5,4.0,453,818
Philadelphia,Restaurants,0.01310483870967742,3.5,4.0,453,552
Philadelphia,Restaurants,0.007255139056831923,3.5,4.5,453,380
Philadelphia,Restaurants,0.009791921664626682,3.5,4.5,453,372
Philadelphia,Restaurants,0.010269576379974325,3.5,4.5,453,1121
Philadelphia,Restaurants,0.013761467889908258,3.5,4.0,453,210
Philadelphia,Restaurants,0.006896551724137931,3.5,4.5,453,423
Philadelphia,Restaurants,0.022922636103151862,3.5,4.0,453,618
Philadelphia,Restaurants,0.01510989010989011,3.5,4.0,453,286
Philadelphia,Restaurants,0.008450704225352112,3.5,4.0,453,263
Philadelphia,Restaurants,0.015610651974288337,3.5,3.5,453,653
Philadelphia,Restaurants,0.008633093525179856,3.5,4.5,453,248
Philadelphia,Restaurants,0.009596928982725527,3.5,4.0,453,73
Philadelphia,Restaurants,0.007473841554559043,3.5,3.0,453,221
Philadelphia,Restaurants,0.008880994671403197,3.5,2.5,453,115
Philadelphia,Restaurants,0.03238341968911917,3.5,3.5,453,1141
Philadelphia,Restaurants,0.017369727047146403,3.5,3.5,453,367
Philadelphia,Restaurants,0.007564296520423601,3.5,4.5,453,213
Philadelphia,Restaurants,0.0113314447592068,3.5,4.0,453,261
Philadelphia,Restaurants,0.014258555133079848,3.5,4.0,453,614
Philadelphia,Restaurants,0.004690431519699813,3.5,3.5,453,618
Philadelphia,Restaurants,0.017227235438884332,3.5,3.5,453,787
Philadelphia,Restaurants,0.015873015873015872,3.5,3.5,453,443
Philadelphia,Restaurants,0.014257939079714841,3.5,3.5,453,1112
Philadelphia,Restaurants,0.0044444444444444444,3.0,4.0,312,818
Philadelphia,Restaurants,0.006993006993006993,3.0,4.0,312,552
Philadelphia,Restaurants,0.004908835904628331,3.0,4.5,312,1121
Philadelphia,Restaurants,0.01171875,3.0,4.5,312,206
Philadelphia,Restaurants,0.020833333333333332,3.0,4.5,312,423
Philadelphia,Restaurants,0.02056555269922879,3.0,3.0,312,85
Philadelphia,Restaurants,0.005208333333333333,3.0,3.5,312,653
Philadelphia,Restaurants,0.005536332179930796,3.0,3.5,312,1141
Philadelphia,Restaurants,0.007332722273143905,3.0,3.5,312,787
Philadelphia,Restaurants,0.009213323883770375,3.0,3.5,312,1112
Philadelphia,Restaurants,0.006644518272425249,5.0,4.0,91,818
Philadelphia,Restaurants,0.012598425196850394,5.0,4.0,91,552
Philadelphia,Restaurants,0.008319467554076539,5.0,4.5,91,1121
Philadelphia,Restaurants,0.007102272727272727,5.0,4.0,91,618
Philadelphia,Restaurants,0.006765899864682003,5.0,3.5,91,653
Philadelphia,Restaurants,0.008183306055646482,5.0,3.5,91,1141
Philadelphia,Restaurants,0.007142857142857143,5.0,4.0,91,614
Philadelphia,Restaurants,0.012738853503184714,3.5,4.5,105,372
Philadelphia,Restaurants,0.02127659574468085,3.5,4.5,105,135
Philadelphia,Restaurants,0.005785123966942148,3.5,3.5,105,1112
Philadelphia,Restaurants,0.007473841554559043,3.5,4.0,56,618
Philadelphia,Restaurants,0.0041946308724832215,3.5,3.5,56,1141
Philadelphia,Restaurants,0.007518796992481203,3.5,4.0,56,614
Philadelphia,Restaurants,0.010121457489878543,3.5,3.5,56,443
Philadelphia,Restaurants,0.014613778705636743,4.0,4.0,154,818
Philadelphia,Restaurants,0.01079913606911447,4.0,4.0,154,314
Philadelphia,Restaurants,0.010014306151645207,4.0,4.0,154,552
Philadelphia,Restaurants,0.01937984496124031,4.0,4.5,154,372
Philadelphia,Restaurants,0.00870253164556962,4.0,4.5,154,1121
Philadelphia,Restaurants,0.017127799736495388,4.0,4.0,154,618
Philadelphia,Restaurants,0.018518518518518517,4.0,4.0,154,286
Philadelphia,Restaurants,0.011278195488721804,4.0,3.5,154,653
Philadelphia,Restaurants,0.009353078721745909,4.0,3.5,154,1141
Philadelphia,Restaurants,0.01715686274509804,4.0,4.0,154,261
Philadelphia,Restaurants,0.010526315789473684,4.0,4.0,154,614
Philadelphia,Restaurants,0.01015228426395939,4.0,3.5,154,443
Philadelphia,Restaurants,0.04081632653061224,4.0,4.0,154,101
Philadelphia,Restaurants,0.019305019305019305,4.0,2.5,154,110
Philadelphia,Restaurants,0.014423076923076924,4.0,3.5,154,1112
Philadelphia,Restaurants,0.007627118644067797,4.5,4.5,68,1121
Philadelphia,Restaurants,0.005967604433077579,4.5,3.5,68,1112
Philadelphia,Restaurants,0.006376195536663124,3.5,4.0,129,818
Philadelphia,Restaurants,0.009140767824497258,3.5,4.5,129,423
Philadelphia,Restaurants,0.008097165991902834,3.5,4.0,129,618
Philadelphia,Restaurants,0.011472275334608031,4.0,4.0,240,818
Philadelphia,Restaurants,0.008917197452229299,4.0,4.0,240,552
Philadelphia,Restaurants,0.006656804733727811,4.0,4.5,240,1121
Philadelphia,Restaurants,0.005861664712778429,4.0,4.0,240,618
Philadelphia,Restaurants,0.01072961373390558,4.0,4.0,240,231
Philadelphia,Restaurants,0.010080645161290322,4.0,4.0,240,261
Philadelphia,Restaurants,0.005889281507656066,4.0,4.0,240,614
Philadelphia,Restaurants,0.011851851851851851,4.0,3.5,240,443
Philadelphia,Restaurants,0.008955223880597015,4.0,3.5,240,1112
Philadelphia,Restaurants,0.01342882721575649,4.0,4.0,818,314
Philadelphia,Restaurants,0.026217228464419477,4.0,4.0,818,552
Philadelphia,Restaurants,0.004191114836546521,4.0,4.5,818,380
Philadelphia,Restaurants,0.03119584055459272,4.0,4.5,818,372
Philadelphia,Restaurants,0.03083466241360978,4.0,4.5,818,1121
Philadelphia,Restaurants,0.009823182711198428,4.0,4.0,818,210
Philadelphia,Restaurants,0.006488240064882401,4.0,4.5,818,423
Philadelphia,Restaurants,0.008501594048884165,4.0,3.0,818,131
Philadelphia,Restaurants,0.011862396204033215,4.0,4.0,818,35
Philadelphia,Restaurants,0.025714285714285714,4.0,4.0,818,618
Philadelphia,Restaurants,0.004725897920604915,4.0,4.5,818,245
Philadelphia,Restaurants,0.011571841851494697,4.0,4.0,818,231
Philadelphia,Restaurants,0.04150943396226415,4.0,4.0,818,286
Philadelphia,Restaurants,0.008395522388059701,4.0,4.0,818,263
Philadelphia,Restaurants,0.005636978579481398,4.0,4.0,818,74
Philadelphia,Restaurants,0.01380897583429229,4.0,3.5,818,63
Philadelphia,Restaurants,0.010996563573883162,4.0,3.5,818,653
Philadelphia,Restaurants,0.018147086914995225,4.0,4.5,818,248
Philadelphia,Restaurants,0.013829787234042552,4.0,4.5,818,135
Philadelphia,Restaurants,0.009060022650056626,4.0,4.0,818,73
Philadelphia,Restaurants,0.006782945736434108,4.0,3.0,818,221
Philadelphia,Restaurants,0.023510971786833857,4.0,3.5,818,1141
Philadelphia,Restaurants,0.01282051282051282,4.0,3.5,818,367
Philadelphia,Restaurants,0.010901883052527254,4.0,4.5,818,202
Philadelphia,Restaurants,0.0068359375,4.0,4.5,818,213
Philadelphia,Restaurants,0.0160075329566855,4.0,4.0,818,261
Philadelphia,Restaurants,0.024320457796852647,4.0,4.0,818,614
Philadelphia,Restaurants,0.011980267794221282,4.0,3.5,818,618
Philadelphia,Restaurants,0.02099236641221374,4.0,3.5,818,787
Philadelphia,Restaurants,0.019401778496362168,4.0,3.5,818,443
Philadelphia,Restaurants,0.007865168539325843,4.0,3.0,818,79
Philadelphia,Restaurants,0.007675438596491228,4.0,4.0,818,101
Philadelphia,Restaurants,0.006472491909385114,4.0,4.0,818,115
Philadelphia,Restaurants,0.035963499731615674,4.0,3.5,818,1112
Philadelphia,Restaurants,0.005046257359125316,4.5,4.5,74,1121
Philadelphia,Restaurants,0.004269854824935952,4.0,4.5,55,1121
Philadelphia,Restaurants,0.008992805755395683,4.0,4.5,181,380
Philadelphia,Restaurants,0.00532319391634981,4.0,3.5,181,1141
Philadelphia,Restaurants,0.005443234836702955,4.0,3.5,181,1112
Philadelphia,Restaurants,0.006896551724137931,3.0,3.5,27,1141
Philadelphia,Restaurants,0.006180469715698393,3.0,3.5,27,787
Philadelphia,Restaurants,0.010501750291715286,4.0,4.0,314,552
Philadelphia,Restaurants,0.011799410029498525,4.0,4.5,314,372
Philadelphia,Restaurants,0.011988716502115656,4.0,4.5,314,1121
Philadelphia,Restaurants,0.0064794816414686825,4.0,4.0,314,618
Philadelphia,Restaurants,0.02040816326530612,4.0,4.0,314,286
Philadelphia,Restaurants,0.0162748643761302,4.0,4.5,314,248
Philadelphia,Restaurants,0.022944550669216062,4.0,3.0,314,221
Philadelphia,Restaurants,0.02877697841726619,4.0,2.5,314,115
Philadelphia,Restaurants,0.009715475364330326,4.0,3.5,314,1141
Philadelphia,Restaurants,0.01054481546572935,4.0,4.0,314,261
Philadelphia,Restaurants,0.013100436681222707,4.0,4.0,314,614
Philadelphia,Restaurants,0.013927576601671309,4.0,4.5,314,50
Philadelphia,Restaurants,0.007319304666056725,4.0,3.5,314,787
Philadelphia,Restaurants,0.012032085561497326,4.0,3.5,314,443
Philadelphia,Restaurants,0.01288659793814433,4.0,3.0,314,79
Philadelphia,Restaurants,0.013503909026297086,4.0,3.5,314,1112
Philadelphia,Restaurants,0.004302925989672977,4.5,4.5,46,1121
Philadelphia,Restaurants,0.0075675675675675675,4.0,4.5,552,380
Philadelphia,Restaurants,0.010940919037199124,4.0,4.5,552,372
Philadelphia,Restaurants,0.03463203463203463,4.0,4.5,552,1121
Philadelphia,Restaurants,0.009271523178807948,4.0,4.0,552,210
Philadelphia,Restaurants,0.009316770186335404,4.0,4.5,552,423
Philadelphia,Restaurants,0.02478134110787172,4.0,3.5,552,151
Philadelphia,Restaurants,0.01636904761904762,4.0,3.0,552,131
Philadelphia,Restaurants,0.03356890459363958,4.0,4.0,552,618
Philadelphia,Restaurants,0.006313131313131313,4.0,4.5,552,245
Philadelphia,Restaurants,0.006426735218508998,4.0,4.0,552,231
Philadelphia,Restaurants,0.02696078431372549,4.0,4.0,552,286
Philadelphia,Restaurants,0.006172839506172839,4.0,4.0,552,263
Philadelphia,Restaurants,0.009852216748768473,4.0,3.5,552,63
Philadelphia,Restaurants,0.007525083612040134,4.0,3.5,552,653
Philadelphia,Restaurants,0.016518424396442185,4.0,4.5,552,248
Philadelphia,Restaurants,0.009693053311793215,4.0,4.0,552,73
Philadelphia,Restaurants,0.009138381201044387,4.0,3.0,552,221
Philadelphia,Restaurants,0.01926550270921132,4.0,3.5,552,1141
Philadelphia,Restaurants,0.015469613259668509,4.0,3.5,552,367
Philadelphia,Restaurants,0.012080536912751677,4.0,4.5,552,202
Philadelphia,Restaurants,0.012269938650306749,4.0,4.0,552,108
Philadelphia,Restaurants,0.013245033112582781,4.0,4.5,552,213
Philadelphia,Restaurants,0.01625,4.0,4.0,552,261
Philadelphia,Restaurants,0.021910604732690624,4.0,4.0,552,614
Philadelphia,Restaurants,0.007751937984496124,4.0,3.5,552,618
Philadelphia,Restaurants,0.012859304084720122,4.0,3.5,552,787
Philadelphia,Restaurants,0.01015228426395939,4.0,3.5,552,443
Philadelphia,Restaurants,0.013975155279503106,4.0,4.0,552,101
Philadelphia,Restaurants,0.0076103500761035,4.0,2.5,552,110
Philadelphia,Restaurants,0.009077155824508321,4.0,4.0,552,115
Philadelphia,Restaurants,0.022113022113022112,4.0,3.5,552,1112
Philadelphia,Restaurants,0.008488964346349746,4.5,4.5,67,1121
Philadelphia,Restaurants,0.011144883485309016,4.5,4.0,380,618
Philadelphia,Restaurants,0.007804878048780488,4.5,3.5,380,653
Philadelphia,Restaurants,0.0066181336863004635,4.5,3.5,380,1141
Philadelphia,Restaurants,0.0098159509202454,4.5,3.5,380,443
Philadelphia,Restaurants,0.012890094979647219,4.5,4.5,372,1121
Philadelphia,Restaurants,0.010416666666666666,4.5,4.0,372,210
Philadelphia,Restaurants,0.0076045627376425855,4.5,4.5,372,423
Philadelphia,Restaurants,0.014344262295081968,4.5,4.0,372,618
Philadelphia,Restaurants,0.03296703296703297,4.5,4.0,372,286
Philadelphia,Restaurants,0.011627906976744186,4.5,3.5,372,63
Philadelphia,Restaurants,0.007866273352999017,4.5,3.5,372,653
Philadelphia,Restaurants,0.01639344262295082,4.5,4.5,372,248
Philadelphia,Restaurants,0.04106776180698152,4.5,4.5,372,135
Philadelphia,Restaurants,0.013333333333333334,4.5,4.0,372,84
Philadelphia,Restaurants,0.008666666666666666,4.5,3.5,372,1141
Philadelphia,Restaurants,0.009569377990430622,4.5,4.0,372,261
Philadelphia,Restaurants,0.0081799591002045,4.5,4.0,372,614
Philadelphia,Restaurants,0.005076142131979695,4.5,3.5,372,618
Philadelphia,Restaurants,0.006076388888888889,4.5,3.5,372,787
Philadelphia,Restaurants,0.012422360248447204,4.5,3.5,372,443
Philadelphia,Restaurants,0.010683760683760684,4.5,4.0,372,101
Philadelphia,Restaurants,0.012474012474012475,4.5,4.0,372,115
Philadelphia,Restaurants,0.02063273727647868,4.5,3.5,372,1112
Philadelphia,Restaurants,0.017584097859327217,4.5,4.0,1121,210
Philadelphia,Restaurants,0.007175472928897586,4.5,4.5,1121,423
Philadelphia,Restaurants,0.007125890736342043,4.5,3.5,1121,151
Philadelphia,Restaurants,0.007240547063555913,4.5,3.0,1121,131
Philadelphia,Restaurants,0.005877413937867338,4.5,4.5,1121,77
Philadelphia,Restaurants,0.018149882903981264,4.5,4.0,1121,618
Philadelphia,Restaurants,0.012734082397003745,4.5,4.0,1121,231
Philadelphia,Restaurants,0.01735357917570499,4.5,4.0,1121,286
Philadelphia,Restaurants,0.008746355685131196,4.5,4.0,1121,263
Philadelphia,Restaurants,0.004201680672268907,4.5,4.0,1121,74
Philadelphia,Restaurants,0.013135351227869789,4.5,3.5,1121,653
Philadelphia,Restaurants,0.009587020648967551,4.5,4.5,1121,248
Philadelphia,Restaurants,0.0048,4.5,4.5,1121,135
Philadelphia,Restaurants,0.013582342954159592,4.5,4.0,1121,73
Philadelphia,Restaurants,0.0050041701417848205,4.5,4.0,1121,84
Philadelphia,Restaurants,0.004991680532445923,4.5,3.5,1121,87
Philadelphia,Restaurants,0.005997001499250375,4.5,3.0,1121,221
Philadelphia,Restaurants,0.012533572068039392,4.5,3.5,1121,1141
Philadelphia,Restaurants,0.006085192697768763,4.5,3.5,1121,367
Philadelphia,Restaurants,0.00684931506849315,4.5,4.5,1121,202
Philadelphia,Restaurants,0.0090311986863711,4.5,4.0,1121,108
Philadelphia,Restaurants,0.026153846153846153,4.5,4.5,1121,213
Philadelphia,Restaurants,0.008023340627279359,4.5,4.0,1121,261
Philadelphia,Restaurants,0.018790369935408103,4.5,4.0,1121,614
Philadelphia,Restaurants,0.00462160600808781,4.5,3.5,1121,618
Philadelphia,Restaurants,0.01597444089456869,4.5,3.5,1121,787
Philadelphia,Restaurants,0.0103359173126615,4.5,3.5,1121,443
Philadelphia,Restaurants,0.006589785831960461,4.5,4.0,1121,101
Philadelphia,Restaurants,0.004878048780487805,4.5,4.0,1121,115
Philadelphia,Restaurants,0.02572347266881029,4.5,3.5,1121,1112
Philadelphia,Restaurants,0.027777777777777776,4.5,4.5,206,423
Philadelphia,Restaurants,0.006875477463712758,4.5,3.5,206,1112
Philadelphia,Restaurants,0.023485784919653894,4.0,4.0,210,618
Philadelphia,Restaurants,0.01639344262295082,4.0,4.0,210,286
Philadelphia,Restaurants,0.007457121551081283,4.0,3.5,210,1141
Philadelphia,Restaurants,0.008741258741258742,4.0,3.5,210,367
Philadelphia,Restaurants,0.006075334143377886,4.0,3.5,210,618
Philadelphia,Restaurants,0.005040322580645161,4.0,3.5,210,787
Philadelphia,Restaurants,0.013975155279503106,4.0,3.5,210,443
Philadelphia,Restaurants,0.0060882800608828,4.0,3.5,210,1112
Philadelphia,Restaurants,0.007744433688286544,4.5,4.0,423,618
Philadelphia,Restaurants,0.008534850640113799,4.5,4.0,423,286
Philadelphia,Restaurants,0.005607476635514018,4.5,3.5,423,653
Philadelphia,Restaurants,0.0075075075075075074,4.5,4.5,423,248
Philadelphia,Restaurants,0.005141388174807198,4.5,3.5,423,1141
Philadelphia,Restaurants,0.01053324555628703,4.5,3.5,423,1112
Philadelphia,Restaurants,0.015957446808510637,3.5,4.0,151,231
Philadelphia,Restaurants,0.007518796992481203,3.5,3.5,151,653
Philadelphia,Restaurants,0.003885003885003885,3.5,3.5,151,1141
Philadelphia,Restaurants,0.005573248407643312,3.5,3.5,151,1112
Philadelphia,Restaurants,0.006720430107526882,3.0,4.0,131,618
Philadelphia,Restaurants,0.005533596837944664,3.0,3.5,131,1141
Philadelphia,Restaurants,0.007683863885839737,3.0,3.5,131,787
Philadelphia,Restaurants,0.01904761904761905,4.0,4.0,35,286
Philadelphia,Restaurants,0.005128205128205128,4.0,3.5,35,1141
Philadelphia,Restaurants,0.010570824524312896,4.0,3.5,35,443
Philadelphia,Restaurants,0.00507185122569738,4.5,3.5,77,1112
Philadelphia,Restaurants,0.01483924154987634,3.5,3.5,90,1141
Philadelphia,Restaurants,0.011061946902654867,3.5,3.5,90,367
Philadelphia,Restaurants,0.00946969696969697,3.5,3.5,90,443
Philadelphia,Restaurants,0.006700167504187605,3.5,3.5,90,1112
Philadelphia,Restaurants,0.011918951132300357,4.0,4.0,618,231
Philadelphia,Restaurants,0.015730337078651686,4.0,4.0,618,286
Philadelphia,Restaurants,0.008009153318077803,4.0,4.0,618,263
Philadelphia,Restaurants,0.011137629276054098,4.0,3.5,618,653
Philadelphia,Restaurants,0.009324009324009324,4.0,4.5,618,248
Philadelphia,Restaurants,0.008032128514056224,4.0,4.5,618,135
Philadelphia,Restaurants,0.013196480938416423,4.0,4.0,618,73
Philadelphia,Restaurants,0.007751937984496124,4.0,3.5,618,162
Philadelphia,Restaurants,0.009626955475330927,4.0,3.0,618,221
Philadelphia,Restaurants,0.02148664343786295,4.0,3.5,618,1141
Philadelphia,Restaurants,0.015463917525773196,4.0,3.5,618,367
Philadelphia,Restaurants,0.011097410604192354,4.0,4.5,618,202
Philadelphia,Restaurants,0.007272727272727273,4.0,4.5,618,213
Philadelphia,Restaurants,0.006150061500615006,4.0,2.5,618,200
Philadelphia,Restaurants,0.010344827586206896,4.0,4.0,618,261
Philadelphia,Restaurants,0.015663643858202802,4.0,4.0,618,614
Philadelphia,Restaurants,0.008156606851549755,4.0,3.5,618,618
Philadelphia,Restaurants,0.018115942028985508,4.0,3.5,618,787
Philadelphia,Restaurants,0.02611218568665377,4.0,3.5,618,443
Philadelphia,Restaurants,0.007331378299120235,4.0,4.0,618,69
Philadelphia,Restaurants,0.009831460674157303,4.0,4.0,618,101
Philadelphia,Restaurants,0.016643550624133148,4.0,4.0,618,115
Philadelphia,Restaurants,0.021251475796930343,4.0,3.5,618,1112
Philadelphia,Restaurants,0.006535947712418301,4.5,3.5,245,1141
Philadelphia,Restaurants,0.00585480093676815,4.5,4.0,245,614
Philadelphia,Restaurants,0.005185185185185185,4.5,3.5,245,1112
Philadelphia,Restaurants,0.005688282138794084,4.0,3.5,231,653
Philadelphia,Restaurants,0.0036576444769568397,4.0,3.5,231,1141
Philadelphia,Restaurants,0.011682242990654205,4.0,4.5,231,202
Philadelphia,Restaurants,0.007151370679380214,4.0,4.0,231,614
Philadelphia,Restaurants,0.005928853754940711,4.0,3.5,231,787
Philadelphia,Restaurants,0.017424242424242425,4.0,3.5,231,1112
Philadelphia,Restaurants,0.03254437869822485,4.0,3.5,286,63
Philadelphia,Restaurants,0.0053533190578158455,4.0,3.5,286,653
Philadelphia,Restaurants,0.021032504780114723,4.0,4.5,286,248
Philadelphia,Restaurants,0.014457831325301205,4.0,4.5,286,135
Philadelphia,Restaurants,0.014124293785310734,4.0,4.0,286,73
Philadelphia,Restaurants,0.010623229461756374,4.0,3.5,286,1141
Philadelphia,Restaurants,0.010835913312693499,4.0,3.5,286,367
Philadelphia,Restaurants,0.014842300556586271,4.0,4.0,286,261
Philadelphia,Restaurants,0.014656144306651634,4.0,4.0,286,614
Philadelphia,Restaurants,0.011185682326621925,4.0,3.5,286,618
Philadelphia,Restaurants,0.011310084825636193,4.0,3.5,286,787
Philadelphia,Restaurants,0.0125,4.0,3.5,286,443
Philadelphia,Restaurants,0.015748031496062992,4.0,4.0,286,101
Philadelphia,Restaurants,0.01820830298616169,4.0,3.5,286,1112
Philadelphia,Restaurants,0.005488474204171241,4.0,3.5,263,653
Philadelphia,Restaurants,0.012552301255230125,4.0,3.0,263,221
Philadelphia,Restaurants,0.012987012987012988,4.0,3.5,263,1141
Philadelphia,Restaurants,0.009615384615384616,4.0,3.5,263,367
Philadelphia,Restaurants,0.025440313111545987,4.0,4.0,263,261
Philadelphia,Restaurants,0.010368663594470046,4.0,4.0,263,614
Philadelphia,Restaurants,0.005707762557077625,4.0,3.5,263,618
Philadelphia,Restaurants,0.005747126436781609,4.0,3.5,263,787
Philadelphia,Restaurants,0.015827338129496403,4.0,3.5,263,443
Philadelphia,Restaurants,0.014760147601476014,4.0,3.5,263,1112
Philadelphia,Restaurants,0.004233700254022015,4.0,3.5,74,1112
Philadelphia,Restaurants,0.007531380753138075,3.5,3.5,63,1141
Philadelphia,Restaurants,0.0073964497041420114,3.5,3.5,63,618
Philadelphia,Restaurants,0.0069124423963133645,3.5,3.0,653,221
Philadelphia,Restaurants,0.00655307994757536,3.5,2.5,653,115
Philadelphia,Restaurants,0.019318181818181818,3.5,3.5,653,1141
Philadelphia,Restaurants,0.008902077151335312,3.5,3.5,653,367
Philadelphia,Restaurants,0.005807200929152149,3.5,4.5,653,213
Philadelphia,Restaurants,0.006607929515418502,3.5,4.0,653,261
Philadelphia,Restaurants,0.007154213036565978,3.5,4.0,653,614
Philadelphia,Restaurants,0.0071315372424722665,3.5,3.5,653,618
Philadelphia,Restaurants,0.011235955056179775,3.5,3.5,653,787
Philadelphia,Restaurants,0.012003693444136657,3.5,3.5,653,443
Philadelphia,Restaurants,0.006596306068601583,3.5,2.5,653,110
Philadelphia,Restaurants,0.007874015748031496,3.5,4.0,653,115
Philadelphia,Restaurants,0.007173601147776184,3.5,3.5,653,49
Philadelphia,Restaurants,0.012041284403669725,3.5,3.5,653,1112
Philadelphia,Restaurants,0.013227513227513227,4.5,4.5,248,135
Philadelphia,Restaurants,0.010775862068965518,4.5,3.0,248,221
Philadelphia,Restaurants,0.022535211267605635,4.5,2.5,248,115
Philadelphia,Restaurants,0.010917030567685589,4.5,3.5,248,1141
Philadelphia,Restaurants,0.020118343195266272,4.5,4.0,248,614
Philadelphia,Restaurants,0.02054794520547945,4.5,4.5,248,50
Philadelphia,Restaurants,0.006809338521400778,4.5,3.5,248,787
Philadelphia,Restaurants,0.01171303074670571,4.5,3.5,248,443
Philadelphia,Restaurants,0.021788129226145755,4.5,3.5,248,1112
Philadelphia,Restaurants,0.008726003490401396,4.5,3.5,135,443
Philadelphia,Restaurants,0.012175324675324676,4.5,3.5,135,1112
Philadelphia,Restaurants,0.0041356492969396195,4.0,3.5,73,1141
Philadelphia,Restaurants,0.009784735812133072,4.0,3.5,73,443
Philadelphia,Restaurants,0.005942275042444821,4.0,3.5,73,1112
Philadelphia,Restaurants,0.013227513227513227,3.5,3.0,162,221
Philadelphia,Restaurants,0.004626060138781804,3.5,3.5,162,1141
Philadelphia,Restaurants,0.01001669449081803,3.5,3.5,162,443
Philadelphia,Restaurants,0.0055248618784530384,3.5,3.5,162,1112
Philadelphia,Restaurants,0.005042016806722689,4.0,3.5,84,1112
Philadelphia,Restaurants,0.007183908045977011,3.5,4.0,87,614
Philadelphia,Restaurants,0.006717044500419815,3.5,3.5,87,1112
Philadelphia,Restaurants,0.027522935779816515,3.0,2.5,221,115
Philadelphia,Restaurants,0.008888888888888889,3.0,3.5,221,1141
Philadelphia,Restaurants,0.010309278350515464,3.0,3.5,221,367
Philadelphia,Restaurants,0.01705237515225335,3.0,4.0,221,614
Philadelphia,Restaurants,0.006993006993006993,3.0,3.5,221,787
Philadelphia,Restaurants,0.013740458015267175,3.0,3.5,221,443
Philadelphia,Restaurants,0.021604938271604937,3.0,2.5,221,110
Philadelphia,Restaurants,0.013688212927756654,3.0,3.5,221,1112
Philadelphia,Restaurants,0.0125,2.5,4.0,115,614
Philadelphia,Restaurants,0.006696428571428571,2.5,3.5,115,787
Philadelphia,Restaurants,0.010869565217391304,2.5,3.5,115,443
Philadelphia,Restaurants,0.008216926869350863,2.5,3.5,115,1112
Philadelphia,Restaurants,0.030054644808743168,3.5,3.5,1141,367
Philadelphia,Restaurants,0.004487658937920718,3.5,4.5,1141,202
Philadelphia,Restaurants,0.0040192926045016075,3.5,4.0,1141,108
Philadelphia,Restaurants,0.005943536404160475,3.5,4.5,1141,213
Philadelphia,Restaurants,0.007513148009015778,3.5,2.5,1141,200
Philadelphia,Restaurants,0.01447178002894356,3.5,4.0,1141,261
Philadelphia,Restaurants,0.017981438515081206,3.5,4.0,1141,614
Philadelphia,Restaurants,0.02089378990133488,3.5,3.5,1141,618
Philadelphia,Restaurants,0.02335456475583864,3.5,3.5,1141,787
Philadelphia,Restaurants,0.02524271844660194,3.5,3.5,1141,443
Philadelphia,Restaurants,0.006482982171799027,3.5,4.0,1141,101
Philadelphia,Restaurants,0.009685230024213076,3.5,2.5,1141,110
Philadelphia,Restaurants,0.008025682182985553,3.5,4.0,1141,115
Philadelphia,Restaurants,0.02923709456372773,3.5,3.5,1141,1112
Philadelphia,Restaurants,0.008025682182985553,3.5,4.0,367,261
Philadelphia,Restaurants,0.005122950819672131,3.5,4.0,367,614
Philadelphia,Restaurants,0.013374485596707819,3.5,3.5,367,618
Philadelphia,Restaurants,0.013169446883230905,3.5,3.5,367,787
Philadelphia,Restaurants,0.011235955056179775,3.5,3.5,367,443
Philadelphia,Restaurants,0.0033921302578018998,3.5,3.5,367,1112
Philadelphia,Restaurants,0.010917030567685589,4.5,4.0,202,261
Philadelphia,Restaurants,0.009389671361502348,4.5,3.5,202,443
Philadelphia,Restaurants,0.009216589861751152,4.5,3.5,202,1112
Philadelphia,Restaurants,0.009768009768009768,4.5,4.0,213,614
Philadelphia,Restaurants,0.007049345417925478,4.5,3.5,213,787
Philadelphia,Restaurants,0.00913937547600914,4.5,3.5,213,1112
Philadelphia,Restaurants,0.0053639846743295016,2.5,3.5,200,1112
Philadelphia,Restaurants,0.018626309662398137,4.0,4.0,261,614
Philadelphia,Restaurants,0.009633911368015413,4.0,3.5,261,787
Philadelphia,Restaurants,0.01881331403762663,4.0,3.5,261,443
Philadelphia,Restaurants,0.011045655375552283,4.0,3.5,261,1112
Philadelphia,Restaurants,0.006535947712418301,4.0,3.5,614,618
Philadelphia,Restaurants,0.008639308855291577,4.0,3.5,614,787
Philadelphia,Restaurants,0.017324350336862367,4.0,3.5,614,443
Philadelphia,Restaurants,0.007267441860465116,4.0,3.0,614,79
Philadelphia,Restaurants,0.0111731843575419,4.0,2.5,614,110
Philadelphia,Restaurants,0.006906077348066298,4.0,4.0,614,115
Philadelphia,Restaurants,0.022511848341232227,4.0,3.5,614,1112
Philadelphia,Restaurants,0.007890961262553802,3.5,3.5,618,787
Philadelphia,Restaurants,0.007597340930674264,3.5,3.5,618,443
Philadelphia,Restaurants,0.0034802784222737818,3.5,3.5,618,1112
Philadelphia,Restaurants,0.01990049751243781,3.5,3.5,787,443
Philadelphia,Restaurants,0.007945516458569807,3.5,4.0,787,101
Philadelphia,Restaurants,0.02041912950026867,3.5,3.5,787,1112
Philadelphia,Restaurants,0.010869565217391304,3.5,4.0,443,115
Philadelphia,Restaurants,0.017004578155657292,3.5,3.5,443,1112
Philadelphia,Restaurants,0.005063291139240506,3.0,3.5,79,1112
Philadelphia,Restaurants,0.007475083056478406,4.0,3.5,101,1112
Philadelphia,Restaurants,0.005761316872427984,2.5,3.5,110,1112
Philadelphia,Restaurants,0.007389162561576354,4.0,3.5,115,1112
Philadelphia,Food,0.007614213197969543,3.5,4.0,65,729
Philadelphia,Food,0.02,3.5,4.5,65,241
Philadelphia,Food,0.010221465076660987,3.5,4.5,65,1121
Philadelphia,Food,0.0165016501650165,3.0,4.0,56,252
Philadelphia,Food,0.030120481927710843,3.0,2.5,56,115
Philadelphia,Food,0.016025641025641024,3.0,4.0,56,261
Philadelphia,Food,0.009036144578313253,3.0,4.0,56,614
Philadelphia,Food,0.006031363088057901,4.0,4.0,105,729
Philadelphia,Food,0.004918032786885246,4.0,4.5,105,1121
Philadelphia,Food,0.014534883720930232,4.5,4.0,183,166
Philadelphia,Food,0.023346303501945526,4.5,4.5,183,80
Philadelphia,Food,0.014583333333333334,4.5,4.0,183,304
Philadelphia,Food,0.008771929824561403,4.5,4.0,183,622
Philadelphia,Food,0.018867924528301886,4.5,4.0,183,249
Philadelphia,Food,0.015060240963855422,4.5,4.0,183,154
Philadelphia,Food,0.01968503937007874,4.5,4.0,183,76
Philadelphia,Food,0.020089285714285716,4.5,4.5,183,274
Philadelphia,Food,0.012170385395537525,4.5,5.0,183,316
Philadelphia,Food,0.007585335018963337,4.5,4.0,183,614
Philadelphia,Food,0.011308562197092083,4.5,3.5,183,443
Philadelphia,Food,0.011583011583011582,4.5,4.5,66,458
Philadelphia,Food,0.024930747922437674,4.5,4.0,66,304
Philadelphia,Food,0.01034928848641656,4.0,3.5,166,615
Philadelphia,Food,0.009485094850948509,4.0,4.5,166,579
Philadelphia,Food,0.007882882882882882,4.0,4.0,166,729
Philadelphia,Food,0.01808785529715762,4.0,4.0,166,622
Philadelphia,Food,0.00468384074941452,4.0,4.5,166,1121
Philadelphia,Food,0.0064516129032258064,4.0,4.0,166,614
Philadelphia,Food,0.016835016835016835,3.5,4.0,50,252
Philadelphia,Food,0.017241379310344827,3.5,4.0,50,304
Philadelphia,Food,0.013927576601671309,3.5,4.0,50,314
Philadelphia,Food,0.03125,3.5,2.5,50,115
Philadelphia,Food,0.012195121951219513,3.5,4.0,50,614
Philadelphia,Food,0.007849293563579277,2.5,4.5,63,579
Philadelphia,Food,0.007352941176470588,2.5,4.0,63,622
Philadelphia,Food,0.016286644951140065,2.5,4.0,63,249
Philadelphia,Food,0.004366812227074236,4.5,4.5,29,1121
Philadelphia,Food,0.01507537688442211,3.5,4.5,148,458
Philadelphia,Food,0.028277634961439587,3.5,4.0,148,252
Philadelphia,Food,0.02262443438914027,3.5,4.0,148,304
Philadelphia,Food,0.008321775312066574,3.5,4.5,148,579
Philadelphia,Food,0.012755102040816327,3.5,4.0,148,249
Philadelphia,Food,0.01953125,3.5,3.5,148,113
Philadelphia,Food,0.016835016835016835,3.5,4.0,148,154
Philadelphia,Food,0.02666666666666667,3.5,4.0,148,314
Philadelphia,Food,0.011990407673860911,3.5,4.5,148,274
Philadelphia,Food,0.039525691699604744,3.5,2.5,148,115
Philadelphia,Food,0.012376237623762377,3.5,4.0,148,261
Philadelphia,Food,0.01195219123505976,3.5,4.0,148,614
Philadelphia,Food,0.02601156069364162,4.5,4.0,458,252
Philadelphia,Food,0.00940733772342427,4.5,3.5,458,615
Philadelphia,Food,0.043835616438356165,4.5,4.0,458,304
Philadelphia,Food,0.010721247563352826,4.5,4.5,458,579
Philadelphia,Food,0.006785411365564037,4.5,4.0,458,729
Philadelphia,Food,0.009345794392523364,4.5,4.0,458,622
Philadelphia,Food,0.01020408163265306,4.5,4.0,458,37
Philadelphia,Food,0.008237232289950576,4.5,4.0,458,154
Philadelphia,Food,0.021164021164021163,4.5,4.0,458,314
Philadelphia,Food,0.008264462809917356,4.5,4.5,458,274
Philadelphia,Food,0.010236724248240563,4.5,4.5,458,1121
Philadelphia,Food,0.005707762557077625,4.5,4.5,458,423
Philadelphia,Food,0.019572953736654804,4.5,2.5,458,115
Philadelphia,Food,0.008415147265077139,4.5,4.0,458,261
Philadelphia,Food,0.013232514177693762,4.5,4.0,458,614
Philadelphia,Food,0.011686143572621035,4.5,4.5,458,148
Philadelphia,Food,0.009940357852882704,4.5,4.5,458,50
Philadelphia,Food,0.01122334455667789,4.5,3.5,458,443
Philadelphia,Food,0.009296148738379814,4.5,4.0,31,729
Philadelphia,Food,0.009174311926605505,4.0,4.5,81,579
Philadelphia,Food,0.01804123711340206,4.0,4.0,81,314
Philadelphia,Food,0.037037037037037035,4.0,2.5,81,115
Philadelphia,Food,0.01707317073170732,4.0,3.5,219,615
Philadelphia,Food,0.01160541586073501,4.0,4.0,219,304
Philadelphia,Food,0.016666666666666666,4.0,4.5,219,86
Philadelphia,Food,0.02570694087403599,4.0,4.5,219,579
Philadelphia,Food,0.009584664536741214,4.0,4.0,219,729
Philadelphia,Food,0.01325301204819277,4.0,4.0,219,622
Philadelphia,Food,0.010889292196007259,4.0,4.0,219,338
Philadelphia,Food,0.024725274725274724,4.0,4.0,219,154
Philadelphia,Food,0.012320328542094456,4.0,4.5,219,274
Philadelphia,Food,0.009796533534287867,4.0,4.5,219,1121
Philadelphia,Food,0.011235955056179775,4.0,4.0,219,231
Philadelphia,Food,0.012658227848101266,4.0,4.0,219,261
Philadelphia,Food,0.009696969696969697,4.0,4.0,219,614
Philadelphia,Food,0.013782542113323124,4.0,3.5,219,443
Philadelphia,Food,0.007518796992481203,2.0,3.5,55,615
Philadelphia,Food,0.03763440860215054,3.0,2.5,80,113
Philadelphia,Food,0.028125,4.5,4.0,80,249
Philadelphia,Food,0.033112582781456956,4.5,4.0,80,76
Philadelphia,Food,0.014326647564469915,4.5,4.5,80,274
Philadelphia,Food,0.00725689404934688,4.5,4.0,80,614
Philadelphia,Food,0.027624309392265192,4.5,4.5,38,148
Philadelphia,Food,0.006872852233676976,4.0,4.5,51,1121
Philadelphia,Food,0.016412661195779603,4.0,3.5,252,615
Philadelphia,Food,0.025830258302583026,4.0,4.0,252,304
Philadelphia,Food,0.017135862913096694,4.0,4.5,252,579
Philadelphia,Food,0.010298661174047374,4.0,4.0,252,729
Philadelphia,Food,0.011574074074074073,4.0,4.0,252,622
Philadelphia,Food,0.012006861063464836,4.0,4.0,252,338
Philadelphia,Food,0.022448979591836733,4.0,4.0,252,249
Philadelphia,Food,0.032846715328467155,4.0,4.0,252,314
Philadelphia,Food,0.009596928982725527,4.0,4.5,252,274
Philadelphia,Food,0.006598240469208211,4.0,4.5,252,1121
Philadelphia,Food,0.04857142857142857,4.0,2.5,252,115
Philadelphia,Food,0.012315270935960592,4.0,3.5,252,159
Philadelphia,Food,0.011834319526627219,4.0,4.0,252,261
Philadelphia,Food,0.02485207100591716,4.0,4.0,252,614
Philadelphia,Food,0.02027027027027027,4.0,4.5,252,50
Philadelphia,Food,0.022058823529411766,4.0,3.5,252,443
Philadelphia,Food,0.013143483023001095,4.5,3.5,310,615
Philadelphia,Food,0.004835589941972921,4.5,4.0,310,729
Philadelphia,Food,0.013043478260869565,4.5,4.0,310,622
Philadelphia,Food,0.01366742596810934,4.5,4.5,310,135
Philadelphia,Food,0.018214936247723135,4.5,4.0,310,249
Philadelphia,Food,0.024163568773234202,4.5,4.5,310,241
Philadelphia,Food,0.012626262626262626,4.5,5.0,310,91
Philadelphia,Food,0.017421602787456445,4.5,4.5,310,274
Philadelphia,Food,0.021413276231263382,4.5,4.5,310,1121
Philadelphia,Food,0.00967741935483871,4.5,5.0,310,316
Philadelphia,Food,0.01415929203539823,4.5,4.0,310,263
Philadelphia,Food,0.0088339222614841,4.5,4.0,310,261
Philadelphia,Food,0.0165016501650165,4.5,4.0,310,614
Philadelphia,Food,0.015521064301552107,4.5,4.5,310,148
Philadelphia,Food,0.017718715393133997,3.5,4.0,615,304
Philadelphia,Food,0.008633093525179856,3.5,4.5,615,86
Philadelphia,Food,0.021037868162692847,3.5,2.5,615,113
Philadelphia,Food,0.008610086100861008,3.5,4.5,615,205
Philadelphia,Food,0.04006968641114982,3.5,4.5,615,579
Philadelphia,Food,0.02361005331302361,3.5,4.0,615,729
Philadelphia,Food,0.018945634266886325,3.5,4.0,615,622
Philadelphia,Food,0.01167728237791932,3.5,4.0,615,338
Philadelphia,Food,0.01527614571092832,3.5,4.0,615,249
Philadelphia,Food,0.008620689655172414,3.5,3.5,615,87
Philadelphia,Food,0.01301775147928994,3.5,4.5,615,241
Philadelphia,Food,0.011111111111111112,3.5,3.5,615,113
Philadelphia,Food,0.007320644216691069,3.5,4.0,615,73
Philadelphia,Food,0.014367816091954023,3.5,5.0,615,91
Philadelphia,Food,0.014511873350923483,3.5,4.0,615,154
Philadelphia,Food,0.01171303074670571,3.5,4.0,615,76
Philadelphia,Food,0.014192139737991267,3.5,4.0,615,314
Philadelphia,Food,0.011376564277588168,3.5,4.5,615,274
Philadelphia,Food,0.01579871269748391,3.5,4.5,615,1121
Philadelphia,Food,0.005813953488372093,3.5,4.5,615,423
Philadelphia,Food,0.005399568034557235,3.5,5.0,615,316
Philadelphia,Food,0.01088646967340591,3.5,4.0,615,35
Philadelphia,Food,0.009681881051175657,3.5,2.5,615,115
Philadelphia,Food,0.017082785808147174,3.5,3.5,615,159
Philadelphia,Food,0.013888888888888888,3.5,4.0,615,261
Philadelphia,Food,0.02331390507910075,3.5,4.0,615,614
Philadelphia,Food,0.010596026490066225,3.5,4.5,615,148
Philadelphia,Food,0.03219512195121951,3.5,3.5,615,443
Philadelphia,Food,0.011299435028248588,3.5,4.0,615,101
Philadelphia,Food,0.015424164524421594,4.0,4.5,304,91
Philadelphia,Food,0.014598540145985401,4.0,2.5,304,113
Philadelphia,Food,0.01611047180667434,4.0,4.5,304,579
Philadelphia,Food,0.013738959764474975,4.0,4.0,304,729
Philadelphia,Food,0.015350877192982455,4.0,4.0,304,622
Philadelphia,Food,0.011023622047244094,4.0,4.0,304,338
Philadelphia,Food,0.014678899082568808,4.0,4.0,304,249
Philadelphia,Food,0.015625,4.0,3.5,304,21
Philadelphia,Food,0.015060240963855422,4.0,3.0,304,33
Philadelphia,Food,0.022321428571428572,4.0,4.0,304,154
Philadelphia,Food,0.013333333333333334,4.0,4.0,304,76
Philadelphia,Food,0.021487603305785124,4.0,4.0,304,314
Philadelphia,Food,0.014035087719298246,4.0,4.5,304,274
Philadelphia,Food,0.007779349363507779,4.0,4.5,304,1121
Philadelphia,Food,0.009433962264150943,4.0,4.0,304,231
Philadelphia,Food,0.008896797153024912,4.0,4.0,304,263
Philadelphia,Food,0.02195121951219512,4.0,2.5,304,115
Philadelphia,Food,0.01618705035971223,4.0,4.0,304,261
Philadelphia,Food,0.017738359201773836,4.0,4.0,304,614
Philadelphia,Food,0.015730337078651686,4.0,4.5,304,148
Philadelphia,Food,0.013568521031207599,4.0,3.5,304,443
Philadelphia,Food,0.013719512195121951,4.5,4.5,86,579
Philadelphia,Food,0.011560693641618497,4.5,4.0,86,614
Philadelphia,Food,0.019267822736030827,4.5,3.5,86,443
Philadelphia,Food,0.009036144578313253,4.5,4.5,91,579
Philadelphia,Food,0.017964071856287425,4.5,4.0,91,249
Philadelphia,Food,0.008583690987124463,4.5,4.0,91,614
Philadelphia,Food,0.011363636363636364,4.5,3.5,91,443
Philadelphia,Food,0.006557377049180328,4.5,4.0,192,729
Philadelphia,Food,0.006180469715698393,4.5,4.0,192,622
Philadelphia,Food,0.01338432122370937,4.5,4.0,192,338
Philadelphia,Food,0.015527950310559006,4.5,4.5,192,135
Philadelphia,Food,0.014683153013910355,4.5,4.5,192,1121
Philadelphia,Food,0.011695906432748537,2.5,4.5,113,579
Philadelphia,Food,0.00684931506849315,2.5,4.0,113,622
Philadelphia,Food,0.014005602240896359,2.5,4.0,113,249
Philadelphia,Food,0.02262443438914027,2.5,3.5,113,113
Philadelphia,Food,0.02717391304347826,2.5,4.0,113,76
Philadelphia,Food,0.018726591760299626,2.5,3.5,113,159
Philadelphia,Food,0.011126564673157162,2.5,4.0,113,614
Philadelphia,Food,0.016453382084095063,2.5,3.5,113,443
Philadelphia,Food,0.007551240560949299,4.5,4.0,205,729
Philadelphia,Food,0.006082725060827251,4.5,4.0,205,622
Philadelphia,Food,0.008365019011406844,4.5,4.5,205,1121
Philadelphia,Food,0.011235955056179775,4.5,4.5,205,245
Philadelphia,Food,0.016611295681063124,2.5,4.0,45,261
Philadelphia,Food,0.02283653846153846,4.0,4.0,122,729
Philadelphia,Food,0.0502092050209205,4.0,3.5,122,129
Philadelphia,Food,0.011131725417439703,4.0,4.5,122,423
Philadelphia,Food,0.027472527472527472,4.0,4.5,122,65
Philadelphia,Food,0.018691588785046728,4.5,4.0,579,729
Philadelphia,Food,0.0075528700906344415,4.5,3.5,579,88
Philadelphia,Food,0.017796610169491526,4.5,4.0,579,622
Philadelphia,Food,0.015503875968992248,4.5,4.0,579,338
Philadelphia,Food,0.026022304832713755,4.5,4.0,579,249
Philadelphia,Food,0.008610086100861008,4.5,4.5,579,241
Philadelphia,Food,0.022156573116691284,4.5,3.5,579,113
Philadelphia,Food,0.009287925696594427,4.5,4.0,579,73
Philadelphia,Food,0.008237232289950576,4.5,3.0,579,33
Philadelphia,Food,0.022315202231520222,4.5,4.0,579,154
Philadelphia,Food,0.012364760432766615,4.5,4.0,579,76
Philadelphia,Food,0.006764374295377677,4.5,4.0,579,314
Philadelphia,Food,0.019115890083632018,4.5,4.5,579,274
Philadelphia,Food,0.009501187648456057,4.5,4.5,579,1121
Philadelphia,Food,0.0050150451354062184,4.5,4.5,579,423
Philadelphia,Food,0.006749156355455568,4.5,5.0,579,316
Philadelphia,Food,0.01487603305785124,4.5,4.0,579,35
Philadelphia,Food,0.005973715651135006,4.5,4.0,579,263
Philadelphia,Food,0.011661807580174927,4.5,2.5,579,115
Philadelphia,Food,0.0221606648199446,4.5,3.5,579,159
Philadelphia,Food,0.020656136087484813,4.5,4.0,579,261
Philadelphia,Food,0.022279348757497857,4.5,4.0,579,614
Philadelphia,Food,0.019635343618513323,4.5,4.5,579,148
Philadelphia,Food,0.028169014084507043,4.5,3.5,579,443
Philadelphia,Food,0.010401188707280832,4.5,4.0,579,101
Philadelphia,Food,0.00429553264604811,4.5,4.5,48,1121
Philadelphia,Food,0.009715994020926755,4.0,4.0,729,622
Philadelphia,Food,0.015223596574690771,4.0,4.0,729,338
Philadelphia,Food,0.010526315789473684,4.0,4.5,729,135
Philadelphia,Food,0.008247422680412371,4.0,4.0,729,249
Philadelphia,Food,0.009900990099009901,4.0,3.5,729,87
Philadelphia,Food,0.009365244536940686,4.0,4.5,729,241
Philadelphia,Food,0.005973715651135006,4.0,3.5,729,113
Philadelphia,Food,0.006273525721455458,4.0,4.0,729,73
Philadelphia,Food,0.007371007371007371,4.0,5.0,729,91
Philadelphia,Food,0.0056947608200455585,4.0,4.0,729,154
Philadelphia,Food,0.03498190591073583,4.0,3.5,729,129
Philadelphia,Food,0.007729468599033816,4.0,4.0,729,314
Philadelphia,Food,0.00501002004008016,4.0,4.5,729,274
Philadelphia,Food,0.02153506350082827,4.0,4.5,729,1121
Philadelphia,Food,0.022182786157941437,4.0,4.5,729,423
Philadelphia,Food,0.008687258687258687,4.0,5.0,729,316
Philadelphia,Food,0.0079155672823219,4.0,4.0,729,35
Philadelphia,Food,0.0063371356147021544,4.0,4.5,729,65
Philadelphia,Food,0.007159904534606206,4.0,2.5,729,115
Philadelphia,Food,0.00909090909090909,4.0,3.5,729,159
Philadelphia,Food,0.006426735218508998,4.0,4.5,729,54
Philadelphia,Food,0.012057272042200452,4.0,4.0,729,614
Philadelphia,Food,0.010344827586206896,4.0,3.5,729,443
Philadelphia,Food,0.014005602240896359,3.5,4.5,88,274
Philadelphia,Food,0.01749271137026239,3.5,4.0,88,261
Philadelphia,Food,0.021645021645021644,3.5,4.5,88,148
Philadelphia,Food,0.012658227848101266,4.0,4.0,622,338
Philadelphia,Food,0.022300469483568074,4.0,4.0,622,249
Philadelphia,Food,0.01410105757931845,4.0,4.5,622,241
Philadelphia,Food,0.009615384615384616,4.0,3.5,622,113
Philadelphia,Food,0.007246376811594203,4.0,4.0,622,73
Philadelphia,Food,0.007062146892655367,4.0,5.0,622,91
Philadelphia,Food,0.010416666666666666,4.0,4.0,622,154
Philadelphia,Food,0.012987012987012988,4.0,4.0,622,314
Philadelphia,Food,0.012429378531073447,4.0,4.5,622,274
Philadelphia,Food,0.01929824561403509,4.0,4.5,622,1121
Philadelphia,Food,0.007714561234329798,4.0,4.5,622,423
Philadelphia,Food,0.00968783638320775,4.0,5.0,622,316
Philadelphia,Food,0.007972665148063782,4.0,4.0,622,263
Philadelphia,Food,0.008207934336525308,4.0,2.5,622,115
Philadelphia,Food,0.011454753722794959,4.0,4.0,622,261
Philadelphia,Food,0.012285012285012284,4.0,4.0,622,614
Philadelphia,Food,0.009009009009009009,4.0,4.5,622,50
Philadelphia,Food,0.010436432637571158,4.0,3.5,622,443
Philadelphia,Food,0.008368200836820083,4.0,4.0,622,101
Philadelphia,Food,0.010327022375215147,4.0,4.0,338,249
Philadelphia,Food,0.01757469244288225,4.0,4.5,338,241
Philadelphia,Food,0.01366120218579235,4.0,3.0,338,33
Philadelphia,Food,0.012468827930174564,4.0,4.5,338,68
Philadelphia,Food,0.0077279752704791345,4.0,4.0,338,314
Philadelphia,Food,0.012491325468424705,4.0,4.5,338,1121
Philadelphia,Food,0.007704160246533128,4.0,5.0,338,316
Philadelphia,Food,0.008389261744966443,4.0,4.0,338,263
Philadelphia,Food,0.01011804384485666,4.0,4.0,338,261
Philadelphia,Food,0.00847457627118644,4.0,4.0,338,614
Philadelphia,Food,0.010395010395010396,4.0,4.5,338,148
Philadelphia,Food,0.014285714285714285,4.0,3.5,338,443
Philadelphia,Food,0.018970189701897018,4.5,4.5,135,241
Philadelphia,Food,0.008835341365461847,4.5,4.5,135,1121
Philadelphia,Food,0.015105740181268883,4.0,3.5,249,87
Philadelphia,Food,0.010309278350515464,4.0,4.5,249,241
Philadelphia,Food,0.04927536231884058,4.0,3.5,249,113
Philadelphia,Food,0.03205128205128205,4.0,4.0,249,73
Philadelphia,Food,0.010771992818671455,4.0,4.0,249,314
Philadelphia,Food,0.01949317738791423,4.0,4.5,249,274
Philadelphia,Food,0.008836524300441826,4.0,4.5,249,1121
Philadelphia,Food,0.01436265709156194,4.0,5.0,249,316
Philadelphia,Food,0.010526315789473684,4.0,4.0,249,231
Philadelphia,Food,0.009861932938856016,4.0,4.0,249,263
Philadelphia,Food,0.013927576601671309,4.0,2.5,249,115
Philadelphia,Food,0.009900990099009901,4.0,4.0,249,261
Philadelphia,Food,0.021301775147928994,4.0,4.0,249,614
Philadelphia,Food,0.012755102040816327,4.0,4.5,249,148
Philadelphia,Food,0.011695906432748537,4.0,3.5,249,443
Philadelphia,Food,0.014044943820224719,3.5,4.5,87,274
Philadelphia,Food,0.02,3.5,4.5,87,423
Philadelphia,Food,0.07575757575757576,3.5,4.5,21,50
Philadelphia,Food,0.020348837209302327,4.0,4.0,37,314
Philadelphia,Food,0.01282051282051282,4.5,4.0,241,154
Philadelphia,Food,0.01092896174863388,4.5,4.0,241,314
Philadelphia,Food,0.019801980198019802,4.5,4.5,241,274
Philadelphia,Food,0.03416856492027335,4.5,4.5,241,1121
Philadelphia,Food,0.014571948998178506,4.5,5.0,241,316
Philadelphia,Food,0.015053763440860216,4.5,4.0,241,231
Philadelphia,Food,0.01818181818181818,4.5,4.0,241,263
Philadelphia,Food,0.014141414141414142,4.5,4.0,241,261
Philadelphia,Food,0.013033175355450236,4.5,4.0,241,614
Philadelphia,Food,0.007363770250368188,4.5,3.5,241,443
Philadelphia,Food,0.0449438202247191,3.5,4.0,113,73
Philadelphia,Food,0.03088803088803089,3.5,4.0,113,154
Philadelphia,Food,0.021108179419525065,3.5,4.5,113,274
Philadelphia,Food,0.0040683482506102524,3.5,4.5,113,1121
Philadelphia,Food,0.016783216783216783,3.5,4.0,113,614
Philadelphia,Food,0.01090909090909091,3.5,3.5,113,443
Philadelphia,Food,0.004205214465937763,4.0,4.5,73,1121
Philadelphia,Food,0.00881057268722467,4.0,4.0,73,614
Philadelphia,Food,0.023148148148148147,4.0,4.5,73,148
Philadelphia,Food,0.008319467554076539,5.0,4.5,91,1121
Philadelphia,Food,0.007142857142857143,5.0,4.0,91,614
Philadelphia,Food,0.01730103806228374,3.0,4.0,33,261
Philadelphia,Food,0.022222222222222223,4.0,4.0,154,76
Philadelphia,Food,0.01079913606911447,4.0,4.0,154,314
Philadelphia,Food,0.023923444976076555,4.0,4.5,154,274
Philadelphia,Food,0.00870253164556962,4.0,4.5,154,1121
Philadelphia,Food,0.016233766233766232,4.0,3.5,154,159
Philadelphia,Food,0.01715686274509804,4.0,4.0,154,261
Philadelphia,Food,0.010526315789473684,4.0,4.0,154,614
Philadelphia,Food,0.037800687285223365,4.0,4.5,154,148
Philadelphia,Food,0.01015228426395939,4.0,3.5,154,443
Philadelphia,Food,0.04081632653061224,4.0,4.0,154,101
Philadelphia,Food,0.007627118644067797,4.5,4.5,68,1121
Philadelphia,Food,0.009140767824497258,3.5,4.5,129,423
Philadelphia,Food,0.014492753623188406,4.0,4.5,76,274
Philadelphia,Food,0.06140350877192982,4.0,4.0,76,45
Philadelphia,Food,0.026200873362445413,4.0,3.5,76,159
Philadelphia,Food,0.01812688821752266,4.0,4.0,76,261
Philadelphia,Food,0.011730205278592375,4.0,4.0,76,614
Philadelphia,Food,0.04186046511627907,4.0,4.5,76,148
Philadelphia,Food,0.011695906432748537,4.0,3.5,76,443
Philadelphia,Food,0.008576329331046312,4.0,4.5,314,274
Philadelphia,Food,0.011988716502115656,4.0,4.5,314,1121
Philadelphia,Food,0.008,4.0,5.0,314,316
Philadelphia,Food,0.02877697841726619,4.0,2.5,314,115
Philadelphia,Food,0.010683760683760684,4.0,3.5,314,159
Philadelphia,Food,0.01054481546572935,4.0,4.0,314,261
Philadelphia,Food,0.013100436681222707,4.0,4.0,314,614
Philadelphia,Food,0.010940919037199124,4.0,4.5,314,148
Philadelphia,Food,0.013927576601671309,4.0,4.5,314,50
Philadelphia,Food,0.012032085561497326,4.0,3.5,314,443
Philadelphia,Food,0.01288659793814433,4.0,3.0,314,79
Philadelphia,Food,0.015283842794759825,4.5,4.5,274,1121
Philadelphia,Food,0.0072254335260115606,4.5,4.5,274,423
Philadelphia,Food,0.017241379310344827,4.5,5.0,274,316
Philadelphia,Food,0.013207547169811321,4.5,4.0,274,263
Philadelphia,Food,0.011682242990654205,4.5,3.5,274,159
Philadelphia,Food,0.01951779563719862,4.5,4.0,274,614
Philadelphia,Food,0.02926829268292683,4.5,4.5,274,148
Philadelphia,Food,0.012711864406779662,4.5,3.5,274,443
Philadelphia,Food,0.013513513513513514,4.5,4.0,274,101
Philadelphia,Food,0.007175472928897586,4.5,4.5,1121,423
Philadelphia,Food,0.009838369641602248,4.5,5.0,1121,316
Philadelphia,Food,0.012734082397003745,4.5,4.0,1121,231
Philadelphia,Food,0.008746355685131196,4.5,4.0,1121,263
Philadelphia,Food,0.006289308176100629,4.5,3.5,1121,159
Philadelphia,Food,0.004273504273504274,4.5,4.5,1121,54
Philadelphia,Food,0.006194690265486726,4.5,4.0,1121,16
Philadelphia,Food,0.008023340627279359,4.5,4.0,1121,261
Philadelphia,Food,0.018790369935408103,4.5,4.0,1121,614
Philadelphia,Food,0.006344171292624901,4.5,4.5,1121,148
Philadelphia,Food,0.0103359173126615,4.5,3.5,1121,443
Philadelphia,Food,0.006589785831960461,4.5,4.0,1121,101
Philadelphia,Food,0.015789473684210527,5.0,4.0,316,263
Philadelphia,Food,0.014059753954305799,5.0,4.0,316,261
Philadelphia,Food,0.010570824524312896,4.0,3.5,35,443
Philadelphia,Food,0.00585480093676815,4.5,4.0,245,614
Philadelphia,Food,0.007151370679380214,4.0,4.0,231,614
Philadelphia,Food,0.011990407673860911,4.0,3.5,263,159
Philadelphia,Food,0.025440313111545987,4.0,4.0,263,261
Philadelphia,Food,0.010368663594470046,4.0,4.0,263,614
Philadelphia,Food,0.015827338129496403,4.0,3.5,263,443
Philadelphia,Food,0.026217228464419477,2.5,3.5,115,159
Philadelphia,Food,0.0125,2.5,4.0,115,614
Philadelphia,Food,0.010869565217391304,2.5,3.5,115,443
Philadelphia,Food,0.028985507246376812,3.5,4.5,159,54
Philadelphia,Food,0.01694915254237288,3.5,4.0,159,261
Philadelphia,Food,0.01045751633986928,3.5,4.0,159,614
Philadelphia,Food,0.016556291390728478,3.5,4.5,159,148
Philadelphia,Food,0.027303754266211604,3.5,3.5,159,443
Philadelphia,Food,0.018626309662398137,4.0,4.0,261,614
Philadelphia,Food,0.01488833746898263,4.0,4.5,261,148
Philadelphia,Food,0.01881331403762663,4.0,3.5,261,443
Philadelphia,Food,0.013297872340425532,4.0,4.5,614,148
Philadelphia,Food,0.017324350336862367,4.0,3.5,614,443
Philadelphia,Food,0.007267441860465116,4.0,3.0,614,79
Philadelphia,Food,0.010256410256410256,4.5,3.5,148,443
Philadelphia,Coffee & Tea,0.0165016501650165,3.0,4.0,56,252
Philadelphia,Coffee & Tea,0.030120481927710843,3.0,2.5,56,115
Philadelphia,Coffee & Tea,0.016025641025641024,3.0,4.0,56,261
Philadelphia,Coffee & Tea,0.009036144578313253,3.0,4.0,56,614
Philadelphia,Coffee & Tea,0.004918032786885246,4.0,4.5,105,1121
Philadelphia,Coffee & Tea,0.023346303501945526,4.5,4.5,183,80
Philadelphia,Coffee & Tea,0.014583333333333334,4.5,4.0,183,304
Philadelphia,Coffee & Tea,0.018867924528301886,4.5,4.0,183,249
Philadelphia,Coffee & Tea,0.007585335018963337,4.5,4.0,183,614
Philadelphia,Coffee & Tea,0.016835016835016835,3.5,4.0,50,252
Philadelphia,Coffee & Tea,0.017241379310344827,3.5,4.0,50,304
Philadelphia,Coffee & Tea,0.03125,3.5,2.5,50,115
Philadelphia,Coffee & Tea,0.012195121951219513,3.5,4.0,50,614
Philadelphia,Coffee & Tea,0.016286644951140065,2.5,4.0,63,249
Philadelphia,Coffee & Tea,0.02601156069364162,4.5,4.0,458,252
Philadelphia,Coffee & Tea,0.043835616438356165,4.5,4.0,458,304
Philadelphia,Coffee & Tea,0.010236724248240563,4.5,4.5,458,1121
Philadelphia,Coffee & Tea,0.019572953736654804,4.5,2.5,458,115
Philadelphia,Coffee & Tea,0.008415147265077139,4.5,4.0,458,261
Philadelphia,Coffee & Tea,0.013232514177693762,4.5,4.0,458,614
Philadelphia,Coffee & Tea,0.028125,4.5,4.0,80,249
Philadelphia,Coffee & Tea,0.00725689404934688,4.5,4.0,80,614
Philadelphia,Coffee & Tea,0.025830258302583026,4.0,4.0,252,304
Philadelphia,Coffee & Tea,0.022448979591836733,4.0,4.0,252,249
Philadelphia,Coffee & Tea,0.006598240469208211,4.0,4.5,252,1121
Philadelphia,Coffee & Tea,0.04857142857142857,4.0,2.5,252,115
Philadelphia,Coffee & Tea,0.011834319526627219,4.0,4.0,252,261
Philadelphia,Coffee & Tea,0.02485207100591716,4.0,4.0,252,614
Philadelphia,Coffee & Tea,0.01366742596810934,4.5,4.5,310,135
Philadelphia,Coffee & Tea,0.018214936247723135,4.5,4.0,310,249
Philadelphia,Coffee & Tea,0.021413276231263382,4.5,4.5,310,1121
Philadelphia,Coffee & Tea,0.0088339222614841,4.5,4.0,310,261
Philadelphia,Coffee & Tea,0.0165016501650165,4.5,4.0,310,614
Philadelphia,Coffee & Tea,0.015424164524421594,4.0,4.5,304,91
Philadelphia,Coffee & Tea,0.014678899082568808,4.0,4.0,304,249
Philadelphia,Coffee & Tea,0.007779349363507779,4.0,4.5,304,1121
Philadelphia,Coffee & Tea,0.02195121951219512,4.0,2.5,304,115
Philadelphia,Coffee & Tea,0.01618705035971223,4.0,4.0,304,261
Philadelphia,Coffee & Tea,0.017738359201773836,4.0,4.0,304,614
Philadelphia,Coffee & Tea,0.017964071856287425,4.5,4.0,91,249
Philadelphia,Coffee & Tea,0.008583690987124463,4.5,4.0,91,614
Philadelphia,Coffee & Tea,0.015527950310559006,4.5,4.5,192,135
Philadelphia,Coffee & Tea,0.014683153013910355,4.5,4.5,192,1121
Philadelphia,Coffee & Tea,0.016611295681063124,2.5,4.0,45,261
Philadelphia,Coffee & Tea,0.008835341365461847,4.5,4.5,135,1121
Philadelphia,Coffee & Tea,0.03205128205128205,4.0,4.0,249,73
Philadelphia,Coffee & Tea,0.008836524300441826,4.0,4.5,249,1121
Philadelphia,Coffee & Tea,0.013927576601671309,4.0,2.5,249,115
Philadelphia,Coffee & Tea,0.009900990099009901,4.0,4.0,249,261
Philadelphia,Coffee & Tea,0.021301775147928994,4.0,4.0,249,614
Philadelphia,Coffee & Tea,0.004205214465937763,4.0,4.5,73,1121
Philadelphia,Coffee & Tea,0.00881057268722467,4.0,4.0,73,614
Philadelphia,Coffee & Tea,0.007627118644067797,4.5,4.5,68,1121
Philadelphia,Coffee & Tea,0.008023340627279359,4.5,4.0,1121,261
Philadelphia,Coffee & Tea,0.018790369935408103,4.5,4.0,1121,614
Philadelphia,Coffee & Tea,0.00585480093676815,4.5,4.0,245,614
Philadelphia,Coffee & Tea,0.0125,2.5,4.0,115,614
Philadelphia,Coffee & Tea,0.018626309662398137,4.0,4.0,261,614
Philadelphia,Coffee & Tea,0.007267441860465116,4.0,3.0,614,79
Philadelphia,Bakeries,0.02,3.5,4.5,65,241
Philadelphia,Bakeries,0.024163568773234202,4.5,4.5,310,241
Philadelphia,Bakeries,0.00967741935483871,4.5,5.0,310,316
Philadelphia,Bakeries,0.01415929203539823,4.5,4.0,310,263
Philadelphia,Bakeries,0.0088339222614841,4.5,4.0,310,261
Philadelphia,Bakeries,0.01749271137026239,3.5,4.0,88,261
Philadelphia,Bakeries,0.01282051282051282,4.5,4.0,241,154
Philadelphia,Bakeries,0.014571948998178506,4.5,5.0,241,316
Philadelphia,Bakeries,0.01818181818181818,4.5,4.0,241,263
Philadelphia,Bakeries,0.014141414141414142,4.5,4.0,241,261
Philadelphia,Bakeries,0.01715686274509804,4.0,4.0,154,261
Philadelphia,Bakeries,0.015789473684210527,5.0,4.0,316,263
Philadelphia,Bakeries,0.014059753954305799,5.0,4.0,316,261
Philadelphia,Bakeries,0.025440313111545987,4.0,4.0,263,261
Philadelphia,Sushi Bars,0.02097902097902098,4.0,4.5,245,193
Philadelphia,Sushi Bars,0.028846153846153848,4.0,3.5,219,209
Philadelphia,Sushi Bars,0.01935483870967742,4.0,3.5,219,97
Philadelphia,Sushi Bars,0.022082018927444796,4.0,3.5,219,105
Philadelphia,Sushi Bars,0.03728813559322034,3.5,3.5,209,97
Philadelphia,Japanese,0.02097902097902098,4.0,4.5,245,193
Philadelphia,Japanese,0.012380952380952381,4.0,4.0,245,818
Philadelphia,Japanese,0.007927519818799546,4.5,4.0,72,818
Philadelphia,Japanese,0.009988901220865706,4.0,4.0,92,818
Philadelphia,Japanese,0.028846153846153848,4.0,3.5,219,209
Philadelphia,Japanese,0.01935483870967742,4.0,3.5,219,97
Philadelphia,Japanese,0.022082018927444796,4.0,3.5,219,105
Philadelphia,Japanese,0.010721247563352826,4.0,4.0,219,818
Philadelphia,Japanese,0.02181818181818182,3.5,3.5,72,209
Philadelphia,Japanese,0.006787330316742082,3.5,4.0,72,818
Philadelphia,Japanese,0.01644736842105263,3.5,3.5,209,100
Philadelphia,Japanese,0.03728813559322034,3.5,3.5,209,97
Philadelphia,Japanese,0.021890547263681594,3.5,4.0,209,818
Philadelphia,Japanese,0.007976071784646061,4.5,4.0,193,818
Philadelphia,Japanese,0.008791208791208791,3.5,4.0,100,818
Philadelphia,Japanese,0.008820286659316428,3.5,4.0,97,818
Philadelphia,Korean,0.029239766081871343,4.5,4.0,205,323
Philadelphia,Korean,0.019940179461615155,4.5,4.0,205,818
Philadelphia,Korean,0.008982035928143712,4.5,4.0,351,323
Philadelphia,Korean,0.024539877300613498,4.5,4.0,351,818
Philadelphia,Korean,0.03539019963702359,4.0,4.0,323,818
Philadelphia,Italian,0.012693935119887164,4.0,3.5,65,653
Philadelphia,Italian,0.01607717041800643,3.5,4.5,111,205
Philadelphia,Italian,0.007194244604316547,3.5,4.0,111,729
Philadelphia,Italian,0.0079155672823219,3.5,3.5,111,653
Philadelphia,Italian,0.01567398119122257,3.5,4.5,111,213
Philadelphia,Italian,0.007551240560949299,4.5,4.0,205,729
Philadelphia,Italian,0.0111731843575419,4.0,4.0,176,729
Philadelphia,Italian,0.00929368029739777,4.0,3.5,176,367
Philadelphia,Italian,0.012437810945273632,4.0,3.0,729,85
Philadelphia,Italian,0.012454212454212455,4.0,3.5,729,653
Philadelphia,Italian,0.010138248847926268,4.0,3.5,729,367
Philadelphia,Italian,0.006476683937823834,4.0,4.0,729,48
Philadelphia,Italian,0.005336179295624333,4.0,4.5,729,213
Philadelphia,Italian,0.006993006993006993,4.0,3.5,67,653
Philadelphia,Italian,0.009472259810554804,4.0,3.5,93,653
Philadelphia,Italian,0.0069124423963133645,3.5,3.0,653,221
Philadelphia,Italian,0.008902077151335312,3.5,3.5,653,367
Philadelphia,Italian,0.005807200929152149,3.5,4.5,653,213
Philadelphia,Italian,0.010309278350515464,3.0,3.5,221,367
Philadelphia,Bars,0.014970059880239521,3.0,2.5,178,161
Philadelphia,Bars,0.009708737864077669,3.0,3.5,178,446
Philadelphia,Bars,0.011217948717948718,3.0,3.5,178,453
Philadelphia,Bars,0.01015228426395939,3.0,4.0,178,618
Philadelphia,Bars,0.005208333333333333,3.0,3.5,178,787
Philadelphia,Bars,0.009234828496042216,2.5,4.0,161,604
Philadelphia,Bars,0.009102730819245773,2.5,3.5,161,615
Philadelphia,Bars,0.010964912280701754,2.5,4.0,161,300
Philadelphia,Bars,0.016260162601626018,2.5,3.5,161,339
Philadelphia,Bars,0.013123359580052493,2.5,3.0,161,225
Philadelphia,Bars,0.007722007722007722,2.5,4.0,161,622
Philadelphia,Bars,0.018456375838926176,2.5,3.5,161,446
Philadelphia,Bars,0.02109704641350211,2.5,3.5,161,81
Philadelphia,Bars,0.019933554817275746,2.5,3.5,161,453
Philadelphia,Bars,0.010376134889753566,2.5,4.0,161,618
Philadelphia,Bars,0.006369426751592357,2.5,3.5,161,787
Philadelphia,Bars,0.0158311345646438,4.0,4.0,604,166
Philadelphia,Bars,0.009887005649717515,4.0,3.5,604,111
Philadelphia,Bars,0.00938337801608579,4.0,3.5,604,149
Philadelphia,Bars,0.023178807947019868,4.0,4.0,604,323
Philadelphia,Bars,0.008373205741626795,4.0,3.5,604,239
Philadelphia,Bars,0.018379281537176273,4.0,3.5,604,615
Philadelphia,Bars,0.01331967213114754,4.0,3.5,604,385
Philadelphia,Bars,0.02727272727272727,4.0,4.0,604,300
Philadelphia,Bars,0.008141112618724558,4.0,3.5,604,139
Philadelphia,Bars,0.008728179551122194,4.0,4.5,604,205
Philadelphia,Bars,0.023887079261672096,4.0,3.5,604,339
Philadelphia,Bars,0.01600609756097561,4.0,4.0,604,729
Philadelphia,Bars,0.01717791411042945,4.0,3.0,604,225
Philadelphia,Bars,0.020815986677768527,4.0,4.0,604,622
Philadelphia,Bars,0.016456921587608905,4.0,3.5,604,446
Philadelphia,Bars,0.006437768240343348,4.0,3.0,604,334
Philadelphia,Bars,0.022243713733075435,4.0,3.5,604,453
Philadelphia,Bars,0.007700770077007701,4.0,3.0,604,312
Philadelphia,Bars,0.007331378299120235,4.0,4.5,604,83
Philadelphia,Bars,0.02132998745294856,4.0,4.0,604,210
Philadelphia,Bars,0.007886435331230283,4.0,4.0,604,35
Philadelphia,Bars,0.02689075630252101,4.0,4.0,604,618
Philadelphia,Bars,0.006570302233902759,4.0,3.5,604,162
Philadelphia,Bars,0.007518796992481203,4.0,2.5,604,200
Philadelphia,Bars,0.01904761904761905,4.0,3.5,604,787
Philadelphia,Bars,0.012422360248447204,4.0,4.0,166,323
Philadelphia,Bars,0.01034928848641656,4.0,3.5,166,615
Philadelphia,Bars,0.016605166051660517,4.0,3.5,166,385
Philadelphia,Bars,0.007882882882882882,4.0,4.0,166,729
Philadelphia,Bars,0.012953367875647668,4.0,3.0,166,225
Philadelphia,Bars,0.01808785529715762,4.0,4.0,166,622
Philadelphia,Bars,0.009787928221859706,4.0,3.5,166,453
Philadelphia,Bars,0.010309278350515464,4.0,4.0,166,618
Philadelphia,Bars,0.02575107296137339,4.0,4.0,166,73
Philadelphia,Bars,0.008465608465608466,4.0,3.5,166,787
Philadelphia,Bars,0.012396694214876033,3.5,3.5,44,446
Philadelphia,Bars,0.026004728132387706,3.5,4.0,111,323
Philadelphia,Bars,0.009735744089012517,3.5,3.5,111,615
Philadelphia,Bars,0.019851116625310174,3.5,4.0,111,300
Philadelphia,Bars,0.01607717041800643,3.5,4.5,111,205
Philadelphia,Bars,0.007194244604316547,3.5,4.0,111,729
Philadelphia,Bars,0.01818181818181818,3.5,3.0,111,225
Philadelphia,Bars,0.02109704641350211,3.5,3.0,111,131
Philadelphia,Bars,0.010123734533183352,3.5,3.5,111,787
Philadelphia,Bars,0.013282732447817837,3.5,3.5,149,385
Philadelphia,Bars,0.013544018058690745,3.5,4.0,149,300
Philadelphia,Bars,0.013550135501355014,3.5,3.0,149,225
Philadelphia,Bars,0.006527415143603133,3.5,4.0,149,622
Philadelphia,Bars,0.011904761904761904,3.5,3.5,149,446
Philadelphia,Bars,0.010067114093959731,3.5,3.5,149,453
Philadelphia,Bars,0.011891891891891892,3.5,3.5,149,787
Philadelphia,Bars,0.049217002237136466,4.0,3.5,323,615
Philadelphia,Bars,0.012875536480686695,4.0,3.5,323,385
Philadelphia,Bars,0.024671052631578948,4.0,4.0,323,300
Philadelphia,Bars,0.011494252873563218,4.0,4.5,323,205
Philadelphia,Bars,0.02476780185758514,4.0,3.5,323,339
Philadelphia,Bars,0.01446480231436837,4.0,4.0,323,729
Philadelphia,Bars,0.014814814814814815,4.0,3.0,323,225
Philadelphia,Bars,0.02717391304347826,4.0,4.0,323,622
Philadelphia,Bars,0.010769230769230769,4.0,3.0,323,334
Philadelphia,Bars,0.01971090670170828,4.0,3.5,323,453
Philadelphia,Bars,0.011385199240986717,4.0,4.0,323,210
Philadelphia,Bars,0.023939064200217627,4.0,4.0,323,618
Philadelphia,Bars,0.023255813953488372,4.0,4.0,323,73
Philadelphia,Bars,0.014625228519195612,4.0,3.5,323,787
Philadelphia,Bars,0.01876675603217158,3.5,3.0,46,334
Philadelphia,Bars,0.017875920084121977,3.5,4.0,239,729
Philadelphia,Bars,0.01126126126126126,3.5,4.0,239,210
Philadelphia,Bars,0.02459016393442623,3.5,3.5,615,385
Philadelphia,Bars,0.030405405405405407,3.5,4.0,615,300
Philadelphia,Bars,0.009370816599732263,3.5,3.5,615,139
Philadelphia,Bars,0.008610086100861008,3.5,4.5,615,205
Philadelphia,Bars,0.03808487486398259,3.5,3.5,615,339
Philadelphia,Bars,0.02361005331302361,3.5,4.0,615,729
Philadelphia,Bars,0.019417475728155338,3.5,3.0,615,225
Philadelphia,Bars,0.018945634266886325,3.5,4.0,615,622
Philadelphia,Bars,0.013717421124828532,3.5,3.0,615,124
Philadelphia,Bars,0.009514747859181731,3.5,3.5,615,446
Philadelphia,Bars,0.008501594048884165,3.5,3.0,615,334
Philadelphia,Bars,0.03488372093023256,3.5,3.5,615,453
Philadelphia,Bars,0.007608695652173913,3.5,3.0,615,312
Philadelphia,Bars,0.016666666666666666,3.5,3.5,615,56
Philadelphia,Bars,0.010130246020260492,3.5,4.5,615,83
Philadelphia,Bars,0.008557457212713936,3.5,4.0,615,210
Philadelphia,Bars,0.01088646967340591,3.5,4.0,615,35
Philadelphia,Bars,0.02921535893155259,3.5,4.0,615,618
Philadelphia,Bars,0.013254786450662739,3.5,4.0,615,73
Philadelphia,Bars,0.006476683937823834,3.5,3.5,615,162
Philadelphia,Bars,0.02112163146394756,3.5,3.5,615,787
Philadelphia,Bars,0.01098901098901099,3.5,3.5,615,121
Philadelphia,Bars,0.014814814814814815,3.5,4.0,385,300
Philadelphia,Bars,0.021156558533145273,3.5,3.5,385,339
Philadelphia,Bars,0.011807447774750226,3.5,4.0,385,729
Philadelphia,Bars,0.02348993288590604,3.5,3.0,385,225
Philadelphia,Bars,0.008008008008008008,3.5,4.0,385,622
Philadelphia,Bars,0.013414634146341463,3.5,3.5,385,446
Philadelphia,Bars,0.013301088270858524,3.5,3.5,385,453
Philadelphia,Bars,0.016210739614994935,3.5,4.0,385,618
Philadelphia,Bars,0.017361111111111112,3.5,3.5,385,787
Philadelphia,Bars,0.01152073732718894,4.0,3.5,300,139
Philadelphia,Bars,0.01609657947686117,4.0,4.5,300,205
Philadelphia,Bars,0.020766773162939296,4.0,3.5,300,339
Philadelphia,Bars,0.014598540145985401,4.0,2.5,300,117
Philadelphia,Bars,0.013793103448275862,4.0,4.0,300,729
Philadelphia,Bars,0.025390625,4.0,3.0,300,225
Philadelphia,Bars,0.013186813186813187,4.0,4.0,300,622
Philadelphia,Bars,0.011933174224343675,4.0,3.0,300,124
Philadelphia,Bars,0.012211668928086838,4.0,3.5,300,446
Philadelphia,Bars,0.0144,4.0,3.0,300,334
Philadelphia,Bars,0.014824797843665768,4.0,3.5,300,453
Philadelphia,Bars,0.02406417112299465,4.0,4.5,300,83
Philadelphia,Bars,0.022044088176352707,4.0,4.0,300,210
Philadelphia,Bars,0.01411764705882353,4.0,3.0,300,131
Philadelphia,Bars,0.018867924528301886,4.0,4.0,300,618
Philadelphia,Bars,0.01912568306010929,4.0,4.0,300,73
Philadelphia,Bars,0.01588785046728972,4.0,3.5,300,787
Philadelphia,Bars,0.014861995753715499,3.5,3.5,139,339
Philadelphia,Bars,0.009302325581395349,3.5,4.0,139,729
Philadelphia,Bars,0.010362694300518135,3.5,3.5,139,446
Philadelphia,Bars,0.015021459227467811,3.5,3.0,139,334
Philadelphia,Bars,0.007989347536617843,3.5,4.0,139,618
Philadelphia,Bars,0.03436426116838488,3.5,3.5,139,162
Philadelphia,Bars,0.007551240560949299,4.5,4.0,205,729
Philadelphia,Bars,0.006082725060827251,4.5,4.0,205,622
Philadelphia,Bars,0.009302325581395349,4.5,3.5,205,446
Philadelphia,Bars,0.00857843137254902,4.5,4.0,205,618
Philadelphia,Bars,0.006085192697768763,4.5,3.5,205,787
Philadelphia,Bars,0.011086474501108648,3.5,2.5,339,117
Philadelphia,Bars,0.016175071360608945,3.5,4.0,339,729
Philadelphia,Bars,0.03296703296703297,3.5,3.0,339,225
Philadelphia,Bars,0.022340425531914895,3.5,4.0,339,622
Philadelphia,Bars,0.014211886304909561,3.5,3.5,339,446
Philadelphia,Bars,0.01355421686746988,3.5,3.0,339,334
Philadelphia,Bars,0.025906735751295335,3.5,3.5,339,453
Philadelphia,Bars,0.020671834625323,3.5,3.5,339,56
Philadelphia,Bars,0.014423076923076924,3.5,4.5,339,83
Philadelphia,Bars,0.016666666666666666,3.5,4.0,339,210
Philadelphia,Bars,0.010752688172043012,3.5,3.0,339,131
Philadelphia,Bars,0.02462526766595289,3.5,4.0,339,618
Philadelphia,Bars,0.012285012285012284,3.5,4.0,339,73
Philadelphia,Bars,0.012589928057553957,3.5,3.5,339,787
Philadelphia,Bars,0.013215859030837005,3.5,3.5,339,121
Philadelphia,Bars,0.017857142857142856,2.5,3.5,117,453
Philadelphia,Bars,0.00823045267489712,2.5,4.0,117,618
Philadelphia,Bars,0.009523809523809525,4.0,3.0,729,225
Philadelphia,Bars,0.009715994020926755,4.0,4.0,729,622
Philadelphia,Bars,0.006345177664974619,4.0,4.0,729,64
Philadelphia,Bars,0.006009615384615385,4.0,4.0,729,108
Philadelphia,Bars,0.009450171821305841,4.0,3.5,729,446
Philadelphia,Bars,0.011417697431018078,4.0,3.0,729,334
Philadelphia,Bars,0.015463917525773196,4.0,3.5,729,453
Philadelphia,Bars,0.014619883040935672,4.0,3.0,729,312
Philadelphia,Bars,0.03498190591073583,4.0,3.5,729,129
Philadelphia,Bars,0.0075107296137339056,4.0,4.0,729,210
Philadelphia,Bars,0.0079155672823219,4.0,4.0,729,35
Philadelphia,Bars,0.017371601208459216,4.0,4.0,729,618
Philadelphia,Bars,0.012016021361815754,4.0,3.5,729,787
Philadelphia,Bars,0.010739856801909307,3.0,4.0,225,622
Philadelphia,Bars,0.0213089802130898,3.0,3.5,225,446
Philadelphia,Bars,0.014970059880239521,3.0,3.5,225,453
Philadelphia,Bars,0.02005730659025788,3.0,3.0,225,131
Philadelphia,Bars,0.019347037484885126,3.0,4.0,225,618
Philadelphia,Bars,0.014028056112224449,3.0,3.5,225,787
Philadelphia,Bars,0.010309278350515464,4.0,4.0,622,64
Philadelphia,Bars,0.00945179584120983,4.0,3.5,622,446
Philadelphia,Bars,0.01164021164021164,4.0,3.0,622,334
Philadelphia,Bars,0.011288805268109126,4.0,3.5,622,453
Philadelphia,Bars,0.005382131324004306,4.0,3.0,622,312
Philadelphia,Bars,0.007142857142857143,4.0,4.5,622,83
Philadelphia,Bars,0.008484848484848486,4.0,4.0,622,210
Philadelphia,Bars,0.011419249592169658,4.0,4.0,622,618
Philadelphia,Bars,0.007246376811594203,4.0,4.0,622,73
Philadelphia,Bars,0.015129682997118156,4.0,3.5,622,787
Philadelphia,Bars,0.008141112618724558,4.0,3.5,622,121
Philadelphia,Bars,0.015306122448979591,4.0,3.0,64,334
Philadelphia,Bars,0.01037037037037037,4.0,4.0,64,618
Philadelphia,Bars,0.005518763796909493,3.0,3.5,124,787
Philadelphia,Bars,0.011516314779270634,3.5,3.5,446,81
Philadelphia,Bars,0.016968325791855202,3.5,3.5,446,453
Philadelphia,Bars,0.006640106241699867,3.5,3.0,446,312
Philadelphia,Bars,0.020134228187919462,3.5,4.0,446,618
Philadelphia,Bars,0.010954616588419406,3.5,2.5,446,200
Philadelphia,Bars,0.011484823625922888,3.5,3.5,446,787
Philadelphia,Bars,0.008896797153024912,3.5,3.5,446,121
Philadelphia,Bars,0.00847457627118644,3.0,4.0,334,618
Philadelphia,Bars,0.010183299389002037,3.0,3.5,334,162
Philadelphia,Bars,0.010820559062218215,3.0,3.5,334,787
Philadelphia,Bars,0.009234828496042216,3.5,3.0,453,312
Philadelphia,Bars,0.011320754716981131,3.5,4.5,453,83
Philadelphia,Bars,0.013761467889908258,3.5,4.0,453,210
Philadelphia,Bars,0.022922636103151862,3.5,4.0,453,618
Philadelphia,Bars,0.009596928982725527,3.5,4.0,453,73
Philadelphia,Bars,0.017227235438884332,3.5,3.5,453,787
Philadelphia,Bars,0.007332722273143905,3.0,3.5,312,787
Philadelphia,Bars,0.007473841554559043,3.5,4.0,56,618
Philadelphia,Bars,0.008097165991902834,3.5,4.0,129,618
Philadelphia,Bars,0.028070175438596492,4.5,4.0,83,210
Philadelphia,Bars,0.04424778761061947,4.5,4.0,83,35
Philadelphia,Bars,0.0188953488372093,4.5,4.0,83,618
Philadelphia,Bars,0.023485784919653894,4.0,4.0,210,618
Philadelphia,Bars,0.005040322580645161,4.0,3.5,210,787
Philadelphia,Bars,0.006720430107526882,3.0,4.0,131,618
Philadelphia,Bars,0.007683863885839737,3.0,3.5,131,787
Philadelphia,Bars,0.013196480938416423,4.0,4.0,618,73
Philadelphia,Bars,0.007751937984496124,4.0,3.5,618,162
Philadelphia,Bars,0.006150061500615006,4.0,2.5,618,200
Philadelphia,Bars,0.018115942028985508,4.0,3.5,618,787
Philadelphia,Bars,0.009562841530054645,4.0,3.5,618,121
Philadelphia,Bars,0.007331378299120235,4.0,4.0,618,69
Philadelphia,Bars,0.0066518847006651885,3.5,3.5,787,121
Philadelphia,Nightlife,0.014970059880239521,3.0,2.5,178,161
Philadelphia,Nightlife,0.009708737864077669,3.0,3.5,178,446
Philadelphia,Nightlife,0.011217948717948718,3.0,3.5,178,453
Philadelphia,Nightlife,0.01015228426395939,3.0,4.0,178,618
Philadelphia,Nightlife,0.005208333333333333,3.0,3.5,178,787
Philadelphia,Nightlife,0.009234828496042216,2.5,4.0,161,604
Philadelphia,Nightlife,0.009102730819245773,2.5,3.5,161,615
Philadelphia,Nightlife,0.010964912280701754,2.5,4.0,161,300
Philadelphia,Nightlife,0.016260162601626018,2.5,3.5,161,339
Philadelphia,Nightlife,0.013123359580052493,2.5,3.0,161,225
Philadelphia,Nightlife,0.007722007722007722,2.5,4.0,161,622
Philadelphia,Nightlife,0.018456375838926176,2.5,3.5,161,446
Philadelphia,Nightlife,0.02109704641350211,2.5,3.5,161,81
Philadelphia,Nightlife,0.019933554817275746,2.5,3.5,161,453
Philadelphia,Nightlife,0.004702194357366771,2.5,4.5,161,1121
Philadelphia,Nightlife,0.010376134889753566,2.5,4.0,161,618
Philadelphia,Nightlife,0.006369426751592357,2.5,3.5,161,787
Philadelphia,Nightlife,0.0158311345646438,4.0,4.0,604,166
Philadelphia,Nightlife,0.009887005649717515,4.0,3.5,604,111
Philadelphia,Nightlife,0.00938337801608579,4.0,3.5,604,149
Philadelphia,Nightlife,0.023178807947019868,4.0,4.0,604,323
Philadelphia,Nightlife,0.008373205741626795,4.0,3.5,604,239
Philadelphia,Nightlife,0.018379281537176273,4.0,3.5,604,615
Philadelphia,Nightlife,0.01331967213114754,4.0,3.5,604,385
Philadelphia,Nightlife,0.02727272727272727,4.0,4.0,604,300
Philadelphia,Nightlife,0.008141112618724558,4.0,3.5,604,139
Philadelphia,Nightlife,0.008728179551122194,4.0,4.5,604,205
Philadelphia,Nightlife,0.023887079261672096,4.0,3.5,604,339
Philadelphia,Nightlife,0.01600609756097561,4.0,4.0,604,729
Philadelphia,Nightlife,0.01717791411042945,4.0,3.0,604,225
Philadelphia,Nightlife,0.020815986677768527,4.0,4.0,604,622
Philadelphia,Nightlife,0.016456921587608905,4.0,3.5,604,446
Philadelphia,Nightlife,0.006437768240343348,4.0,3.0,604,334
Philadelphia,Nightlife,0.022243713733075435,4.0,3.5,604,453
Philadelphia,Nightlife,0.007700770077007701,4.0,3.0,604,312
Philadelphia,Nightlife,0.028622540250447227,4.0,4.5,604,1121
Philadelphia,Nightlife,0.007331378299120235,4.0,4.5,604,83
Philadelphia,Nightlife,0.02132998745294856,4.0,4.0,604,210
Philadelphia,Nightlife,0.007886435331230283,4.0,4.0,604,35
Philadelphia,Nightlife,0.02689075630252101,4.0,4.0,604,618
Philadelphia,Nightlife,0.006570302233902759,4.0,3.5,604,162
Philadelphia,Nightlife,0.0084985835694051,4.0,4.0,604,108
Philadelphia,Nightlife,0.007518796992481203,4.0,2.5,604,200
Philadelphia,Nightlife,0.01904761904761905,4.0,3.5,604,787
Philadelphia,Nightlife,0.012422360248447204,4.0,4.0,166,323
Philadelphia,Nightlife,0.01034928848641656,4.0,3.5,166,615
Philadelphia,Nightlife,0.016605166051660517,4.0,3.5,166,385
Philadelphia,Nightlife,0.007882882882882882,4.0,4.0,166,729
Philadelphia,Nightlife,0.012953367875647668,4.0,3.0,166,225
Philadelphia,Nightlife,0.01808785529715762,4.0,4.0,166,622
Philadelphia,Nightlife,0.009787928221859706,4.0,3.5,166,453
Philadelphia,Nightlife,0.00468384074941452,4.0,4.5,166,1121
Philadelphia,Nightlife,0.010309278350515464,4.0,4.0,166,618
Philadelphia,Nightlife,0.02575107296137339,4.0,4.0,166,73
Philadelphia,Nightlife,0.008465608465608466,4.0,3.5,166,787
Philadelphia,Nightlife,0.012396694214876033,3.5,3.5,44,446
Philadelphia,Nightlife,0.026004728132387706,3.5,4.0,111,323
Philadelphia,Nightlife,0.009735744089012517,3.5,3.5,111,615
Philadelphia,Nightlife,0.019851116625310174,3.5,4.0,111,300
Philadelphia,Nightlife,0.01607717041800643,3.5,4.5,111,205
Philadelphia,Nightlife,0.007194244604316547,3.5,4.0,111,729
Philadelphia,Nightlife,0.01818181818181818,3.5,3.0,111,225
Philadelphia,Nightlife,0.011494252873563218,3.5,4.5,111,1121
Philadelphia,Nightlife,0.02109704641350211,3.5,3.0,111,131
Philadelphia,Nightlife,0.010123734533183352,3.5,3.5,111,787
Philadelphia,Nightlife,0.013282732447817837,3.5,3.5,149,385
Philadelphia,Nightlife,0.013544018058690745,3.5,4.0,149,300
Philadelphia,Nightlife,0.013550135501355014,3.5,3.0,149,225
Philadelphia,Nightlife,0.006527415143603133,3.5,4.0,149,622
Philadelphia,Nightlife,0.011904761904761904,3.5,3.5,149,446
Philadelphia,Nightlife,0.010067114093959731,3.5,3.5,149,453
Philadelphia,Nightlife,0.0055423594615993665,3.5,4.5,149,1121
Philadelphia,Nightlife,0.011891891891891892,3.5,3.5,149,787
Philadelphia,Nightlife,0.004366812227074236,4.5,4.5,29,1121
Philadelphia,Nightlife,0.049217002237136466,4.0,3.5,323,615
Philadelphia,Nightlife,0.012875536480686695,4.0,3.5,323,385
Philadelphia,Nightlife,0.024671052631578948,4.0,4.0,323,300
Philadelphia,Nightlife,0.011494252873563218,4.0,4.5,323,205
Philadelphia,Nightlife,0.02476780185758514,4.0,3.5,323,339
Philadelphia,Nightlife,0.01446480231436837,4.0,4.0,323,729
Philadelphia,Nightlife,0.014814814814814815,4.0,3.0,323,225
Philadelphia,Nightlife,0.02717391304347826,4.0,4.0,323,622
Philadelphia,Nightlife,0.010769230769230769,4.0,3.0,323,334
Philadelphia,Nightlife,0.01971090670170828,4.0,3.5,323,453
Philadelphia,Nightlife,0.038102084831056794,4.0,4.5,323,1121
Philadelphia,Nightlife,0.011385199240986717,4.0,4.0,323,210
Philadelphia,Nightlife,0.023939064200217627,4.0,4.0,323,618
Philadelphia,Nightlife,0.023255813953488372,4.0,4.0,323,73
Philadelphia,Nightlife,0.014625228519195612,4.0,3.5,323,787
Philadelphia,Nightlife,0.006872852233676976,4.0,4.5,51,1121
Philadelphia,Nightlife,0.01876675603217158,3.5,3.0,46,334
Philadelphia,Nightlife,0.017875920084121977,3.5,4.0,239,729
Philadelphia,Nightlife,0.005917159763313609,3.5,4.5,239,1121
Philadelphia,Nightlife,0.01126126126126126,3.5,4.0,239,210
Philadelphia,Nightlife,0.02459016393442623,3.5,3.5,615,385
Philadelphia,Nightlife,0.030405405405405407,3.5,4.0,615,300
Philadelphia,Nightlife,0.009370816599732263,3.5,3.5,615,139
Philadelphia,Nightlife,0.008610086100861008,3.5,4.5,615,205
Philadelphia,Nightlife,0.03808487486398259,3.5,3.5,615,339
Philadelphia,Nightlife,0.02361005331302361,3.5,4.0,615,729
Philadelphia,Nightlife,0.019417475728155338,3.5,3.0,615,225
Philadelphia,Nightlife,0.018945634266886325,3.5,4.0,615,622
Philadelphia,Nightlife,0.013717421124828532,3.5,3.0,615,124
Philadelphia,Nightlife,0.009514747859181731,3.5,3.5,615,446
Philadelphia,Nightlife,0.008501594048884165,3.5,3.0,615,334
Philadelphia,Nightlife,0.03488372093023256,3.5,3.5,615,453
Philadelphia,Nightlife,0.007608695652173913,3.5,3.0,615,312
Philadelphia,Nightlife,0.016666666666666666,3.5,3.5,615,56
Philadelphia,Nightlife,0.01579871269748391,3.5,4.5,615,1121
Philadelphia,Nightlife,0.010130246020260492,3.5,4.5,615,83
Philadelphia,Nightlife,0.008557457212713936,3.5,4.0,615,210
Philadelphia,Nightlife,0.01088646967340591,3.5,4.0,615,35
Philadelphia,Nightlife,0.02921535893155259,3.5,4.0,615,618
Philadelphia,Nightlife,0.013254786450662739,3.5,4.0,615,73
Philadelphia,Nightlife,0.006476683937823834,3.5,3.5,615,162
Philadelphia,Nightlife,0.02112163146394756,3.5,3.5,615,787
Philadelphia,Nightlife,0.01098901098901099,3.5,3.5,615,121
Philadelphia,Nightlife,0.014814814814814815,3.5,4.0,385,300
Philadelphia,Nightlife,0.021156558533145273,3.5,3.5,385,339
Philadelphia,Nightlife,0.011807447774750226,3.5,4.0,385,729
Philadelphia,Nightlife,0.02348993288590604,3.5,3.0,385,225
Philadelphia,Nightlife,0.008008008008008008,3.5,4.0,385,622
Philadelphia,Nightlife,0.013414634146341463,3.5,3.5,385,446
Philadelphia,Nightlife,0.013301088270858524,3.5,3.5,385,453
Philadelphia,Nightlife,0.008032128514056224,3.5,4.5,385,1121
Philadelphia,Nightlife,0.016210739614994935,3.5,4.0,385,618
Philadelphia,Nightlife,0.017361111111111112,3.5,3.5,385,787
Philadelphia,Nightlife,0.01152073732718894,4.0,3.5,300,139
Philadelphia,Nightlife,0.01609657947686117,4.0,4.5,300,205
Philadelphia,Nightlife,0.020766773162939296,4.0,3.5,300,339
Philadelphia,Nightlife,0.014598540145985401,4.0,2.5,300,117
Philadelphia,Nightlife,0.013793103448275862,4.0,4.0,300,729
Philadelphia,Nightlife,0.025390625,4.0,3.0,300,225
Philadelphia,Nightlife,0.013186813186813187,4.0,4.0,300,622
Philadelphia,Nightlife,0.011933174224343675,4.0,3.0,300,124
Philadelphia,Nightlife,0.012211668928086838,4.0,3.5,300,446
Philadelphia,Nightlife,0.0144,4.0,3.0,300,334
Philadelphia,Nightlife,0.014824797843665768,4.0,3.5,300,453
Philadelphia,Nightlife,0.020833333333333332,4.0,4.5,300,1121
Philadelphia,Nightlife,0.02406417112299465,4.0,4.5,300,83
Philadelphia,Nightlife,0.022044088176352707,4.0,4.0,300,210
Philadelphia,Nightlife,0.01411764705882353,4.0,3.0,300,131
Philadelphia,Nightlife,0.018867924528301886,4.0,4.0,300,618
Philadelphia,Nightlife,0.01912568306010929,4.0,4.0,300,73
Philadelphia,Nightlife,0.01588785046728972,4.0,3.5,300,787
Philadelphia,Nightlife,0.014861995753715499,3.5,3.5,139,339
Philadelphia,Nightlife,0.009302325581395349,3.5,4.0,139,729
Philadelphia,Nightlife,0.010362694300518135,3.5,3.5,139,446
Philadelphia,Nightlife,0.015021459227467811,3.5,3.0,139,334
Philadelphia,Nightlife,0.007989347536617843,3.5,4.0,139,618
Philadelphia,Nightlife,0.03436426116838488,3.5,3.5,139,162
Philadelphia,Nightlife,0.007551240560949299,4.5,4.0,205,729
Philadelphia,Nightlife,0.006082725060827251,4.5,4.0,205,622
Philadelphia,Nightlife,0.009302325581395349,4.5,3.5,205,446
Philadelphia,Nightlife,0.008365019011406844,4.5,4.5,205,1121
Philadelphia,Nightlife,0.00857843137254902,4.5,4.0,205,618
Philadelphia,Nightlife,0.006085192697768763,4.5,3.5,205,787
Philadelphia,Nightlife,0.011086474501108648,3.5,2.5,339,117
Philadelphia,Nightlife,0.016175071360608945,3.5,4.0,339,729
Philadelphia,Nightlife,0.03296703296703297,3.5,3.0,339,225
Philadelphia,Nightlife,0.022340425531914895,3.5,4.0,339,622
Philadelphia,Nightlife,0.014211886304909561,3.5,3.5,339,446
Philadelphia,Nightlife,0.01355421686746988,3.5,3.0,339,334
Philadelphia,Nightlife,0.025906735751295335,3.5,3.5,339,453
Philadelphia,Nightlife,0.020671834625323,3.5,3.5,339,56
Philadelphia,Nightlife,0.01178101178101178,3.5,4.5,339,1121
Philadelphia,Nightlife,0.014423076923076924,3.5,4.5,339,83
Philadelphia,Nightlife,0.016666666666666666,3.5,4.0,339,210
Philadelphia,Nightlife,0.010752688172043012,3.5,3.0,339,131
Philadelphia,Nightlife,0.02462526766595289,3.5,4.0,339,618
Philadelphia,Nightlife,0.012285012285012284,3.5,4.0,339,73
Philadelphia,Nightlife,0.012589928057553957,3.5,3.5,339,787
Philadelphia,Nightlife,0.013215859030837005,3.5,3.5,339,121
Philadelphia,Nightlife,0.017857142857142856,2.5,3.5,117,453
Philadelphia,Nightlife,0.00823045267489712,2.5,4.0,117,618
Philadelphia,Nightlife,0.00429553264604811,4.5,4.5,48,1121
Philadelphia,Nightlife,0.009523809523809525,4.0,3.0,729,225
Philadelphia,Nightlife,0.009715994020926755,4.0,4.0,729,622
Philadelphia,Nightlife,0.006345177664974619,4.0,4.0,729,64
Philadelphia,Nightlife,0.006009615384615385,4.0,4.0,729,108
Philadelphia,Nightlife,0.009450171821305841,4.0,3.5,729,446
Philadelphia,Nightlife,0.011417697431018078,4.0,3.0,729,334
Philadelphia,Nightlife,0.015463917525773196,4.0,3.5,729,453
Philadelphia,Nightlife,0.014619883040935672,4.0,3.0,729,312
Philadelphia,Nightlife,0.03498190591073583,4.0,3.5,729,129
Philadelphia,Nightlife,0.02153506350082827,4.0,4.5,729,1121
Philadelphia,Nightlife,0.0075107296137339056,4.0,4.0,729,210
Philadelphia,Nightlife,0.0079155672823219,4.0,4.0,729,35
Philadelphia,Nightlife,0.017371601208459216,4.0,4.0,729,618
Philadelphia,Nightlife,0.006009615384615385,4.0,4.0,729,108
Philadelphia,Nightlife,0.012016021361815754,4.0,3.5,729,787
Philadelphia,Nightlife,0.010739856801909307,3.0,4.0,225,622
Philadelphia,Nightlife,0.0213089802130898,3.0,3.5,225,446
Philadelphia,Nightlife,0.014970059880239521,3.0,3.5,225,453
Philadelphia,Nightlife,0.008995502248875561,3.0,4.5,225,1121
Philadelphia,Nightlife,0.02005730659025788,3.0,3.0,225,131
Philadelphia,Nightlife,0.019347037484885126,3.0,4.0,225,618
Philadelphia,Nightlife,0.014028056112224449,3.0,3.5,225,787
Philadelphia,Nightlife,0.010309278350515464,4.0,4.0,622,64
Philadelphia,Nightlife,0.00945179584120983,4.0,3.5,622,446
Philadelphia,Nightlife,0.01164021164021164,4.0,3.0,622,334
Philadelphia,Nightlife,0.011288805268109126,4.0,3.5,622,453
Philadelphia,Nightlife,0.005382131324004306,4.0,3.0,622,312
Philadelphia,Nightlife,0.01929824561403509,4.0,4.5,622,1121
Philadelphia,Nightlife,0.007142857142857143,4.0,4.5,622,83
Philadelphia,Nightlife,0.008484848484848486,4.0,4.0,622,210
Philadelphia,Nightlife,0.011419249592169658,4.0,4.0,622,618
Philadelphia,Nightlife,0.007246376811594203,4.0,4.0,622,73
Philadelphia,Nightlife,0.015129682997118156,4.0,3.5,622,787
Philadelphia,Nightlife,0.008141112618724558,4.0,3.5,622,121
Philadelphia,Nightlife,0.015306122448979591,4.0,3.0,64,334
Philadelphia,Nightlife,0.01037037037037037,4.0,4.0,64,618
Philadelphia,Nightlife,0.011522633744855968,4.0,4.5,108,1121
Philadelphia,Nightlife,0.005518763796909493,3.0,3.5,124,787
Philadelphia,Nightlife,0.011516314779270634,3.5,3.5,446,81
Philadelphia,Nightlife,0.016968325791855202,3.5,3.5,446,453
Philadelphia,Nightlife,0.006640106241699867,3.5,3.0,446,312
Philadelphia,Nightlife,0.003201024327784891,3.5,4.5,446,1121
Philadelphia,Nightlife,0.020134228187919462,3.5,4.0,446,618
Philadelphia,Nightlife,0.010954616588419406,3.5,2.5,446,200
Philadelphia,Nightlife,0.011484823625922888,3.5,3.5,446,787
Philadelphia,Nightlife,0.008896797153024912,3.5,3.5,446,121
Philadelphia,Nightlife,0.009015256588072122,3.0,4.5,334,1121
Philadelphia,Nightlife,0.00847457627118644,3.0,4.0,334,618
Philadelphia,Nightlife,0.010183299389002037,3.0,3.5,334,162
Philadelphia,Nightlife,0.010820559062218215,3.0,3.5,334,787
Philadelphia,Nightlife,0.009234828496042216,3.5,3.0,453,312
Philadelphia,Nightlife,0.010269576379974325,3.5,4.5,453,1121
Philadelphia,Nightlife,0.011320754716981131,3.5,4.5,453,83
Philadelphia,Nightlife,0.013761467889908258,3.5,4.0,453,210
Philadelphia,Nightlife,0.022922636103151862,3.5,4.0,453,618
Philadelphia,Nightlife,0.009596928982725527,3.5,4.0,453,73
Philadelphia,Nightlife,0.017227235438884332,3.5,3.5,453,787
Philadelphia,Nightlife,0.004908835904628331,3.0,4.5,312,1121
Philadelphia,Nightlife,0.007332722273143905,3.0,3.5,312,787
Philadelphia,Nightlife,0.007473841554559043,3.5,4.0,56,618
Philadelphia,Nightlife,0.008097165991902834,3.5,4.0,129,618
Philadelphia,Nightlife,0.004170141784820684,4.5,4.5,1121,83
Philadelphia,Nightlife,0.017584097859327217,4.5,4.0,1121,210
Philadelphia,Nightlife,0.007240547063555913,4.5,3.0,1121,131
Philadelphia,Nightlife,0.018149882903981264,4.5,4.0,1121,618
Philadelphia,Nightlife,0.013582342954159592,4.5,4.0,1121,73
Philadelphia,Nightlife,0.0090311986863711,4.5,4.0,1121,108
Philadelphia,Nightlife,0.01597444089456869,4.5,3.5,1121,787
Philadelphia,Nightlife,0.028070175438596492,4.5,4.0,83,210
Philadelphia,Nightlife,0.04424778761061947,4.5,4.0,83,35
Philadelphia,Nightlife,0.0188953488372093,4.5,4.0,83,618
Philadelphia,Nightlife,0.023485784919653894,4.0,4.0,210,618
Philadelphia,Nightlife,0.005040322580645161,4.0,3.5,210,787
Philadelphia,Nightlife,0.006720430107526882,3.0,4.0,131,618
Philadelphia,Nightlife,0.007683863885839737,3.0,3.5,131,787
Philadelphia,Nightlife,0.013196480938416423,4.0,4.0,618,73
Philadelphia,Nightlife,0.007751937984496124,4.0,3.5,618,162
Philadelphia,Nightlife,0.006150061500615006,4.0,2.5,618,200
Philadelphia,Nightlife,0.018115942028985508,4.0,3.5,618,787
Philadelphia,Nightlife,0.009562841530054645,4.0,3.5,618,121
Philadelphia,Nightlife,0.007331378299120235,4.0,4.0,618,69
Philadelphia,Nightlife,0.0066518847006651885,3.5,3.5,787,121
Philadelphia,Cocktail Bars,0.012422360248447204,4.0,4.0,166,323
Philadelphia,Cocktail Bars,0.007882882882882882,4.0,4.0,166,729
Philadelphia,Cocktail Bars,0.01808785529715762,4.0,4.0,166,622
Philadelphia,Cocktail Bars,0.02575107296137339,4.0,4.0,166,73
Philadelphia,Cocktail Bars,0.008465608465608466,4.0,3.5,166,787
Philadelphia,Cocktail Bars,0.024671052631578948,4.0,4.0,323,300
Philadelphia,Cocktail Bars,0.01446480231436837,4.0,4.0,323,729
Philadelphia,Cocktail Bars,0.02717391304347826,4.0,4.0,323,622
Philadelphia,Cocktail Bars,0.011385199240986717,4.0,4.0,323,210
Philadelphia,Cocktail Bars,0.023255813953488372,4.0,4.0,323,73
Philadelphia,Cocktail Bars,0.014625228519195612,4.0,3.5,323,787
Philadelphia,Cocktail Bars,0.013793103448275862,4.0,4.0,300,729
Philadelphia,Cocktail Bars,0.013186813186813187,4.0,4.0,300,622
Philadelphia,Cocktail Bars,0.02406417112299465,4.0,4.5,300,83
Philadelphia,Cocktail Bars,0.022044088176352707,4.0,4.0,300,210
Philadelphia,Cocktail Bars,0.01912568306010929,4.0,4.0,300,73
Philadelphia,Cocktail Bars,0.01588785046728972,4.0,3.5,300,787
Philadelphia,Cocktail Bars,0.009715994020926755,4.0,4.0,729,622
Philadelphia,Cocktail Bars,0.0075107296137339056,4.0,4.0,729,210
Philadelphia,Cocktail Bars,0.012016021361815754,4.0,3.5,729,787
Philadelphia,Cocktail Bars,0.007142857142857143,4.0,4.5,622,83
Philadelphia,Cocktail Bars,0.008484848484848486,4.0,4.0,622,210
Philadelphia,Cocktail Bars,0.007246376811594203,4.0,4.0,622,73
Philadelphia,Cocktail Bars,0.015129682997118156,4.0,3.5,622,787
Philadelphia,Cocktail Bars,0.028070175438596492,4.5,4.0,83,210
Philadelphia,Cocktail Bars,0.005040322580645161,4.0,3.5,210,787
Philadelphia,Pizza,0.010298661174047374,4.0,4.0,252,729
Philadelphia,Pizza,0.0350109409190372,4.0,3.0,252,221
Philadelphia,Pizza,0.012062726176115802,3.5,4.0,110,729
Philadelphia,Pizza,0.007551240560949299,4.5,4.0,205,729
Philadelphia,Pizza,0.02283653846153846,4.0,4.0,122,729
Philadelphia,Pizza,0.0111731843575419,4.0,4.0,176,729
Philadelphia,Pizza,0.00929368029739777,4.0,3.5,176,367
Philadelphia,Pizza,0.010138248847926268,4.0,3.5,729,367
Philadelphia,Pizza,0.010309278350515464,3.0,3.5,221,367
Philadelphia,Salad,0.014192139737991267,4.0,3.5,622,307
Philadelphia,Salad,0.010214504596527068,4.0,3.5,622,367
Philadelphia,Salad,0.008368200836820083,4.0,4.0,622,101
Philadelphia,American (Traditional),0.007374631268436578,3.5,4.0,65,618
Philadelphia,American (Traditional),0.005838198498748957,3.5,3.5,65,1141
Philadelphia,American (Traditional),0.01015228426395939,3.0,4.0,178,618
Philadelphia,American (Traditional),0.009181331293037491,3.0,3.5,178,1141
Philadelphia,American (Traditional),0.0176678445229682,3.0,2.5,178,110
Philadelphia,American (Traditional),0.0158311345646438,4.0,4.0,604,166
Philadelphia,American (Traditional),0.00938337801608579,4.0,3.5,604,149
Philadelphia,American (Traditional),0.023178807947019868,4.0,4.0,604,323
Philadelphia,American (Traditional),0.008373205741626795,4.0,3.5,604,239
Philadelphia,American (Traditional),0.0064516129032258064,4.0,4.0,604,176
Philadelphia,American (Traditional),0.020815986677768527,4.0,4.0,604,622
Philadelphia,American (Traditional),0.006437768240343348,4.0,3.0,604,334
Philadelphia,American (Traditional),0.02689075630252101,4.0,4.0,604,618
Philadelphia,American (Traditional),0.012139605462822459,4.0,3.5,604,63
Philadelphia,American (Traditional),0.029498525073746312,4.0,3.5,604,1141
Philadelphia,American (Traditional),0.008641975308641974,4.0,4.5,604,213
Philadelphia,American (Traditional),0.007518796992481203,4.0,2.5,604,200
Philadelphia,American (Traditional),0.011477761836441894,4.0,4.0,604,101
Philadelphia,American (Traditional),0.012422360248447204,4.0,4.0,166,323
Philadelphia,American (Traditional),0.01808785529715762,4.0,4.0,166,622
Philadelphia,American (Traditional),0.010309278350515464,4.0,4.0,166,618
Philadelphia,American (Traditional),0.008487654320987654,4.0,3.5,166,1141
Philadelphia,American (Traditional),0.006527415143603133,3.5,4.0,149,622
Philadelphia,American (Traditional),0.011764705882352941,3.5,3.5,149,1141
Philadelphia,American (Traditional),0.02717391304347826,4.0,4.0,323,622
Philadelphia,American (Traditional),0.010769230769230769,4.0,3.0,323,334
Philadelphia,American (Traditional),0.023939064200217627,4.0,4.0,323,618
Philadelphia,American (Traditional),0.00927643784786642,4.0,3.0,323,221
Philadelphia,American (Traditional),0.013850415512465374,4.0,3.5,323,1141
Philadelphia,American (Traditional),0.0367504835589942,4.0,4.5,323,213
Philadelphia,American (Traditional),0.01876675603217158,3.5,3.0,46,334
Philadelphia,American (Traditional),0.038910505836575876,3.5,3.0,46,221
Philadelphia,American (Traditional),0.004366812227074236,3.5,3.5,239,1141
Philadelphia,American (Traditional),0.006305170239596469,4.0,4.0,176,622
Philadelphia,American (Traditional),0.011464968152866241,4.0,4.0,176,618
Philadelphia,American (Traditional),0.004576659038901602,4.0,3.5,176,1141
Philadelphia,American (Traditional),0.01164021164021164,4.0,3.0,622,334
Philadelphia,American (Traditional),0.011419249592169658,4.0,4.0,622,618
Philadelphia,American (Traditional),0.007352941176470588,4.0,3.5,622,63
Philadelphia,American (Traditional),0.0059665871121718375,4.0,3.0,622,221
Philadelphia,American (Traditional),0.017311021350259664,4.0,3.5,622,1141
Philadelphia,American (Traditional),0.008368200836820083,4.0,4.0,622,101
Philadelphia,American (Traditional),0.004173622704507512,3.5,3.5,62,1141
Philadelphia,American (Traditional),0.004344048653344918,3.5,3.5,15,1141
Philadelphia,American (Traditional),0.00847457627118644,3.0,4.0,334,618
Philadelphia,American (Traditional),0.05714285714285714,3.0,3.0,334,221
Philadelphia,American (Traditional),0.011659807956104253,3.0,3.5,334,1141
Philadelphia,American (Traditional),0.00922509225092251,3.0,4.5,334,213
Philadelphia,American (Traditional),0.009626955475330927,4.0,3.0,618,221
Philadelphia,American (Traditional),0.02148664343786295,4.0,3.5,618,1141
Philadelphia,American (Traditional),0.007272727272727273,4.0,4.5,618,213
Philadelphia,American (Traditional),0.006150061500615006,4.0,2.5,618,200
Philadelphia,American (Traditional),0.009831460674157303,4.0,4.0,618,101
Philadelphia,American (Traditional),0.007531380753138075,3.5,3.5,63,1141
Philadelphia,American (Traditional),0.008888888888888889,3.0,3.5,221,1141
Philadelphia,American (Traditional),0.021604938271604937,3.0,2.5,221,110
Philadelphia,American (Traditional),0.005943536404160475,3.5,4.5,1141,213
Philadelphia,American (Traditional),0.007513148009015778,3.5,2.5,1141,200
Philadelphia,American (Traditional),0.006482982171799027,3.5,4.0,1141,101
Philadelphia,American (Traditional),0.009685230024213076,3.5,2.5,1141,110
Philadelphia,Grocery,0.02717391304347826,2.5,4.0,113,76
Philadelphia,Grocery,0.018726591760299626,2.5,3.5,113,159
Philadelphia,Grocery,0.026200873362445413,4.0,3.5,76,159
Philadelphia,Grocery,0.006289308176100629,4.5,3.5,1121,159
Philadelphia,Grocery,0.004273504273504274,4.5,4.5,1121,54
Philadelphia,Grocery,0.006589785831960461,4.5,4.0,1121,101
Philadelphia,Grocery,0.028985507246376812,3.5,4.5,159,54
Philadelphia,Sandwiches,0.033582089552238806,3.0,3.0,56,221
Philadelphia,Sandwiches,0.030120481927710843,3.0,2.5,56,115
Philadelphia,Sandwiches,0.01652892561983471,4.0,4.0,301,314
Philadelphia,Sandwiches,0.023529411764705882,4.0,3.0,301,221
Philadelphia,Sandwiches,0.014634146341463415,4.0,2.5,301,115
Philadelphia,Sandwiches,0.06666666666666667,4.0,3.5,65,15
Philadelphia,Sandwiches,0.013927576601671309,3.5,4.0,50,314
Philadelphia,Sandwiches,0.050387596899224806,3.5,3.0,50,221
Philadelphia,Sandwiches,0.03125,3.5,2.5,50,115
Philadelphia,Sandwiches,0.018333333333333333,4.5,4.0,116,495
Philadelphia,Sandwiches,0.011406844106463879,2.5,4.0,37,495
Philadelphia,Sandwiches,0.012135922330097087,2.5,4.5,37,380
Philadelphia,Sandwiches,0.018691588785046728,3.5,4.0,50,495
Philadelphia,Sandwiches,0.02219626168224299,4.0,4.5,495,380
Philadelphia,Sandwiches,0.008633093525179856,4.0,4.5,495,206
Philadelphia,Sandwiches,0.011312217194570135,4.0,4.5,67,380
Philadelphia,Sandwiches,0.023809523809523808,3.5,4.5,184,31
Philadelphia,Sandwiches,0.022944550669216062,4.0,3.0,314,221
Philadelphia,Sandwiches,0.02877697841726619,4.0,2.5,314,115
Philadelphia,Sandwiches,0.01288659793814433,4.0,3.0,314,79
Philadelphia,Sandwiches,0.027777777777777776,4.5,4.5,206,423
Philadelphia,Sandwiches,0.027522935779816515,3.0,2.5,221,115
Philadelphia,Sandwiches,0.021604938271604937,3.0,2.5,221,110
Philadelphia,Delis,0.06666666666666667,4.0,3.5,65,15
Philadelphia,Local Services,0.023474178403755867,4.5,3.5,94,124
Philadelphia,Shopping,0.023474178403755867,4.5,3.5,94,124
Philadelphia,Shopping,0.07196969696969698,3.5,3.5,95,188
Philadelphia,Shopping,0.037914691943127965,3.5,3.5,95,124
Philadelphia,Shopping,0.008090614886731391,4.5,4.0,476,147
Philadelphia,Shopping,0.012195121951219513,4.5,3.5,476,188
Philadelphia,Shopping,0.03755868544600939,3.0,3.5,33,188
Philadelphia,Shopping,0.016286644951140065,3.5,3.5,188,124
Philadelphia,Beauty & Spas,0.00984251968503937,4.5,4.0,215,298
Philadelphia,Beauty & Spas,0.01023391812865497,4.5,4.5,215,476
Philadelphia,Beauty & Spas,0.010443864229765013,4.0,4.5,298,476
Philadelphia,Beauty & Spas,0.0125,4.0,3.5,298,188
Philadelphia,Beauty & Spas,0.008090614886731391,4.5,4.0,476,147
Philadelphia,Beauty & Spas,0.012195121951219513,4.5,3.5,476,188
Philadelphia,Chinese,0.0064464141821112,3.0,3.5,137,1112
Philadelphia,Chinese,0.006067961165048544,4.0,4.0,46,783
Philadelphia,Chinese,0.012584704743465635,4.0,4.0,783,263
Philadelphia,Chinese,0.008955223880597015,4.0,4.0,783,231
Philadelphia,Chinese,0.008111239860950173,4.0,3.5,783,87
Philadelphia,Chinese,0.03778751369112815,4.0,3.5,783,1112
Philadelphia,Chinese,0.0043859649122807015,4.5,3.5,33,1112
Philadelphia,Chinese,0.010224948875255624,4.0,4.0,263,231
Philadelphia,Chinese,0.020588235294117647,4.0,4.0,263,84
Philadelphia,Chinese,0.020786933927245732,4.0,3.5,263,1112
Philadelphia,Chinese,0.005967604433077579,4.5,3.5,68,1112
Philadelphia,Chinese,0.017424242424242425,4.0,3.5,231,1112
Philadelphia,Chinese,0.005042016806722689,4.0,3.5,84,1112
Philadelphia,Chinese,0.006717044500419815,3.5,3.5,87,1112
Philadelphia,Hotels & Travel,0.013100436681222707,3.5,4.0,83,381
Philadelphia,Hotels & Travel,0.009174311926605505,4.0,4.0,499,381
Philadelphia,Hotels & Travel,0.014104372355430184,3.0,4.0,338,381
Philadelphia,Hotels & Travel,0.013559322033898305,3.0,4.0,217,381
Philadelphia,Hair Salons,0.01023391812865497,4.5,4.5,215,476
Philadelphia,Hair Salons,0.008090614886731391,4.5,4.0,476,147
Philadelphia,Burgers,0.00904977375565611,4.0,4.0,618,51
Philadelphia,Burgers,0.007239819004524887,4.0,4.0,618,495
Philadelphia,Burgers,0.017227235438884332,4.0,4.0,618,622
Philadelphia,Burgers,0.005393743257820928,4.0,4.0,618,314
Philadelphia,Burgers,0.00911854103343465,4.0,4.0,618,46
Philadelphia,Burgers,0.006641366223908918,4.0,3.5,618,443
Philadelphia,Burgers,0.018691588785046728,3.5,4.0,50,495
Philadelphia,Burgers,0.01085972850678733,4.0,4.0,495,622
Philadelphia,Burgers,0.008602150537634409,4.0,3.5,495,443
Philadelphia,Burgers,0.012987012987012988,4.0,4.0,622,314
Philadelphia,Burgers,0.010436432637571158,4.0,3.5,622,443
Philadelphia,Burgers,0.012032085561497326,4.0,3.5,314,443
Philadelphia,Breakfast & Brunch,0.02244039270687237,4.0,3.5,618,111
Philadelphia,Breakfast & Brunch,0.04671857619577308,4.0,4.0,618,323
Philadelphia,Breakfast & Brunch,0.00904977375565611,4.0,4.0,618,51
Philadelphia,Breakfast & Brunch,0.016210739614994935,4.0,3.5,618,385
Philadelphia,Breakfast & Brunch,0.0125,4.0,4.5,618,192
Philadelphia,Breakfast & Brunch,0.011056511056511056,4.0,4.5,618,205
Philadelphia,Breakfast & Brunch,0.007239819004524887,4.0,4.0,618,495
Philadelphia,Breakfast & Brunch,0.00927487352445194,4.0,4.5,618,579
Philadelphia,Breakfast & Brunch,0.006105006105006105,4.0,4.5,618,206
Philadelphia,Breakfast & Brunch,0.015612161051766639,4.0,4.0,618,618
Philadelphia,Breakfast & Brunch,0.006514657980456026,4.0,3.5,618,618
Philadelphia,Breakfast & Brunch,0.015901060070671377,4.0,4.0,80,495
Philadelphia,Breakfast & Brunch,0.026004728132387706,3.5,4.0,111,323
Philadelphia,Breakfast & Brunch,0.01607717041800643,3.5,4.5,111,205
Philadelphia,Breakfast & Brunch,0.008319467554076539,3.5,4.0,111,495
Philadelphia,Breakfast & Brunch,0.008298755186721992,3.5,3.5,111,618
Philadelphia,Breakfast & Brunch,0.012987012987012988,4.0,4.0,301,323
Philadelphia,Breakfast & Brunch,0.007675438596491228,4.0,4.0,301,618
Philadelphia,Breakfast & Brunch,0.012875536480686695,4.0,3.5,323,385
Philadelphia,Breakfast & Brunch,0.013779527559055118,4.0,4.5,323,192
Philadelphia,Breakfast & Brunch,0.011494252873563218,4.0,4.5,323,205
Philadelphia,Breakfast & Brunch,0.007389162561576354,4.0,4.0,323,495
Philadelphia,Breakfast & Brunch,0.015765765765765764,4.0,4.5,323,579
Philadelphia,Breakfast & Brunch,0.023939064200217627,4.0,4.0,323,618
Philadelphia,Breakfast & Brunch,0.010676156583629894,4.0,4.5,323,245
Philadelphia,Breakfast & Brunch,0.010741138560687433,4.0,3.5,323,618
Philadelphia,Breakfast & Brunch,0.016877637130801686,3.5,4.5,385,579
Philadelphia,Breakfast & Brunch,0.016210739614994935,3.5,4.0,385,618
Philadelphia,Breakfast & Brunch,0.00501002004008016,3.5,3.5,385,618
Philadelphia,Breakfast & Brunch,0.01631116687578419,4.5,4.0,192,618
Philadelphia,Breakfast & Brunch,0.00857843137254902,4.5,4.0,205,618
Philadelphia,Breakfast & Brunch,0.011235955056179775,4.5,4.5,205,245
Philadelphia,Breakfast & Brunch,0.00857843137254902,4.5,3.5,205,618
Philadelphia,Breakfast & Brunch,0.0056179775280898875,4.0,4.5,495,579
Philadelphia,Breakfast & Brunch,0.008633093525179856,4.0,4.5,495,206
Philadelphia,Breakfast & Brunch,0.009981851179673321,4.0,4.0,495,618
Philadelphia,Breakfast & Brunch,0.007239819004524887,4.0,3.5,495,618
Philadelphia,Breakfast & Brunch,0.023076923076923078,4.5,4.0,579,618
Philadelphia,Breakfast & Brunch,0.009433962264150943,4.5,3.5,579,63
Philadelphia,Breakfast & Brunch,0.011834319526627219,4.5,3.5,579,618
Philadelphia,Breakfast & Brunch,0.008156606851549755,4.0,3.5,618,618
Philadelphia,Breakfast & Brunch,0.0073964497041420114,3.5,3.5,63,618
Philadelphia,Vegan,0.019230769230769232,4.5,4.0,163,314
Philadelphia,Active Life,0.00400962309542903,3.0,4.5,131,1121
Philadelphia,Active Life,0.055900621118012424,3.5,4.0,58,112
Philadelphia,Active Life,0.00631911532385466,4.5,5.0,1121,153
Philadelphia,Event Planning & Services,0.01076555023923445,4.0,4.5,604,241
Philadelphia,Event Planning & Services,0.007926023778071334,4.0,3.5,604,159
Philadelphia,Local Flavor,0.01567398119122257,4.0,4.5,50,274
Philadelphia,Asian Fusion,0.03546099290780142,4.0,3.5,46,100
Philadelphia,Asian Fusion,0.008237232289950576,4.5,3.5,159,453
Philadelphia,Asian Fusion,0.006179196704428424,4.5,4.0,159,818
Philadelphia,Asian Fusion,0.01194267515923567,4.5,3.5,159,1112
Philadelphia,Asian Fusion,0.008791208791208791,3.5,4.0,100,818
Philadelphia,Asian Fusion,0.010842368640533779,3.5,3.5,100,1112
Philadelphia,Asian Fusion,0.00411522633744856,4.0,3.5,108,1112
Philadelphia,Asian Fusion,0.021704180064308683,3.5,4.0,453,818
Philadelphia,Asian Fusion,0.014257939079714841,3.5,3.5,453,1112
Philadelphia,Asian Fusion,0.035963499731615674,4.0,3.5,818,1112
Philadelphia,Sports Bars,0.013215859030837005,3.5,3.5,339,121
Philadelphia,Lounges,0.025390625,4.0,3.0,300,225
Philadelphia,Lounges,0.014824797843665768,4.0,3.5,300,453
Philadelphia,Lounges,0.022044088176352707,4.0,4.0,300,210
Philadelphia,Lounges,0.01588785046728972,4.0,3.5,300,787
Philadelphia,Lounges,0.014970059880239521,3.0,3.5,225,453
Philadelphia,Lounges,0.014028056112224449,3.0,3.5,225,787
Philadelphia,Lounges,0.013761467889908258,3.5,4.0,453,210
Philadelphia,Lounges,0.017227235438884332,3.5,3.5,453,787
Philadelphia,Lounges,0.005040322580645161,4.0,3.5,210,787
Philadelphia,Lounges,0.0066518847006651885,3.5,3.5,787,121
Philadelphia,Thai,0.013043478260869565,4.5,3.5,159,307
Philadelphia,Thai,0.01194267515923567,4.5,3.5,159,1112
Philadelphia,Thai,0.010438413361169102,4.0,3.5,304,180
Philadelphia,Thai,0.013266998341625208,4.0,3.5,304,307
Philadelphia,Thai,0.014705882352941176,4.0,4.5,304,248
Philadelphia,Thai,0.022382671480144403,4.0,3.5,304,1112
Philadelphia,Thai,0.01904761904761905,3.5,4.5,180,248
Philadelphia,Thai,0.018124507486209612,3.5,3.5,180,1112
Philadelphia,Thai,0.016483516483516484,3.5,4.5,307,248
Philadelphia,Thai,0.01284796573875803,3.5,3.5,307,1112
Philadelphia,Thai,0.005967604433077579,4.5,3.5,68,1112
Philadelphia,Thai,0.004233700254022015,4.0,3.5,74,1112
Philadelphia,Thai,0.021788129226145755,4.5,3.5,248,1112
Philadelphia,Szechuan,0.006067961165048544,4.0,4.0,46,783
Philadelphia,Szechuan,0.008955223880597015,4.0,4.0,783,231
Philadelphia,Cafes,0.011583011583011582,4.5,4.5,66,458
Philadelphia,Cafes,0.010236724248240563,4.5,4.5,458,1121
Philadelphia,Cafes,0.018214936247723135,4.5,4.0,310,249
Philadelphia,Cafes,0.024163568773234202,4.5,4.5,310,241
Philadelphia,Cafes,0.021413276231263382,4.5,4.5,310,1121
Philadelphia,Cafes,0.014683153013910355,4.5,4.5,192,1121
Philadelphia,Cafes,0.010309278350515464,4.0,4.5,249,241
Philadelphia,Cafes,0.008836524300441826,4.0,4.5,249,1121
Philadelphia,Cafes,0.03416856492027335,4.5,4.5,241,1121
Philadelphia,Cafes,0.008488964346349746,4.5,4.5,67,1121
Philadelphia,Cupcakes,0.014571948998178506,4.5,5.0,241,316
Philadelphia,Specialty Food,0.027624309392265192,4.5,4.5,38,148
Philadelphia,Specialty Food,0.06140350877192982,4.0,4.0,76,45
Philadelphia,Specialty Food,0.026200873362445413,4.0,3.5,76,159
Philadelphia,Specialty Food,0.04186046511627907,4.0,4.5,76,148
Philadelphia,Specialty Food,0.006289308176100629,4.5,3.5,1121,159
Philadelphia,Specialty Food,0.004273504273504274,4.5,4.5,1121,54
Philadelphia,Specialty Food,0.006344171292624901,4.5,4.5,1121,148
Philadelphia,Specialty Food,0.006589785831960461,4.5,4.0,1121,101
Philadelphia,Specialty Food,0.028985507246376812,3.5,4.5,159,54
Philadelphia,Specialty Food,0.016556291390728478,3.5,4.5,159,148
Philadelphia,Southern,0.004366812227074236,3.5,3.5,239,1141
Philadelphia,Southern,0.010623229461756374,4.0,3.5,286,1141
Philadelphia,American (New),0.019182652210175146,4.0,4.0,618,604
Philadelphia,American (New),0.011612903225806452,4.0,4.0,618,166
Philadelphia,American (New),0.00904977375565611,4.0,4.0,618,51
Philadelphia,American (New),0.0059031877213695395,4.0,4.0,618,234
Philadelphia,American (New),0.017326732673267328,4.0,3.5,618,615
Philadelphia,American (New),0.016210739614994935,4.0,3.5,618,385
Philadelphia,American (New),0.007239819004524887,4.0,4.0,618,495
Philadelphia,American (New),0.01592356687898089,4.0,3.5,618,339
Philadelphia,American (New),0.009580838323353293,4.0,3.0,618,225
Philadelphia,American (New),0.017227235438884332,4.0,4.0,618,622
Philadelphia,American (New),0.004721435316336166,4.0,3.5,618,446
Philadelphia,American (New),0.0191625266146203,4.0,4.0,618,818
Philadelphia,American (New),0.056500607533414335,4.0,4.5,618,1121
Philadelphia,American (New),0.006075334143377886,4.0,4.0,618,210
Philadelphia,American (New),0.010796221322537112,4.0,3.0,618,131
Philadelphia,American (New),0.019174041297935103,4.0,4.0,618,73
Philadelphia,American (New),0.017939814814814815,4.0,3.5,618,1141
Philadelphia,American (New),0.006514657980456026,4.0,3.5,618,618
Philadelphia,American (New),0.015173410404624277,4.0,3.5,618,787
Philadelphia,American (New),0.0158311345646438,4.0,4.0,604,166
Philadelphia,American (New),0.009077155824508321,4.0,2.5,604,63
Philadelphia,American (New),0.010856453558504222,4.0,4.0,604,234
Philadelphia,American (New),0.008373205741626795,4.0,3.5,604,239
Philadelphia,American (New),0.018379281537176273,4.0,3.5,604,615
Philadelphia,American (New),0.01331967213114754,4.0,3.5,604,385
Philadelphia,American (New),0.0054894784995425435,4.0,4.0,604,495
Philadelphia,American (New),0.023887079261672096,4.0,3.5,604,339
Philadelphia,American (New),0.01717791411042945,4.0,3.0,604,225
Philadelphia,American (New),0.020815986677768527,4.0,4.0,604,622
Philadelphia,American (New),0.016456921587608905,4.0,3.5,604,446
Philadelphia,American (New),0.030434782608695653,4.0,4.0,604,818
Philadelphia,American (New),0.028622540250447227,4.0,4.5,604,1121
Philadelphia,American (New),0.02132998745294856,4.0,4.0,604,210
Philadelphia,American (New),0.007886435331230283,4.0,4.0,604,35
Philadelphia,American (New),0.006570302233902759,4.0,3.5,604,162
Philadelphia,American (New),0.029498525073746312,4.0,3.5,604,1141
Philadelphia,American (New),0.011589403973509934,4.0,3.5,604,618
Philadelphia,American (New),0.01904761904761905,4.0,3.5,604,787
Philadelphia,American (New),0.012658227848101266,4.0,4.0,166,234
Philadelphia,American (New),0.01034928848641656,4.0,3.5,166,615
Philadelphia,American (New),0.016605166051660517,4.0,3.5,166,385
Philadelphia,American (New),0.012953367875647668,4.0,3.0,166,225
Philadelphia,American (New),0.01808785529715762,4.0,4.0,166,622
Philadelphia,American (New),0.01652892561983471,4.0,4.0,166,818
Philadelphia,American (New),0.00468384074941452,4.0,4.5,166,1121
Philadelphia,American (New),0.02575107296137339,4.0,4.0,166,73
Philadelphia,American (New),0.008487654320987654,4.0,3.5,166,1141
Philadelphia,American (New),0.010309278350515464,4.0,3.5,166,618
Philadelphia,American (New),0.008465608465608466,4.0,3.5,166,787
Philadelphia,American (New),0.007352941176470588,2.5,4.0,63,622
Philadelphia,American (New),0.006857142857142857,2.5,4.0,63,818
Philadelphia,American (New),0.005008347245409015,2.5,3.5,63,1141
Philadelphia,American (New),0.006872852233676976,4.0,4.5,51,1121
Philadelphia,American (New),0.021660649819494584,4.0,3.5,234,615
Philadelphia,American (New),0.006906077348066298,4.0,4.0,234,495
Philadelphia,American (New),0.01415929203539823,4.0,3.5,234,339
Philadelphia,American (New),0.009433962264150943,4.0,4.0,234,622
Philadelphia,American (New),0.023346303501945526,4.0,4.0,234,818
Philadelphia,American (New),0.00818452380952381,4.0,4.5,234,1121
Philadelphia,American (New),0.011029411764705883,4.0,3.5,234,1141
Philadelphia,American (New),0.008893280632411068,4.0,3.5,234,787
Philadelphia,American (New),0.0076263107721639654,3.5,4.0,239,818
Philadelphia,American (New),0.005917159763313609,3.5,4.5,239,1121
Philadelphia,American (New),0.01126126126126126,3.5,4.0,239,210
Philadelphia,American (New),0.004366812227074236,3.5,3.5,239,1141
Philadelphia,American (New),0.02459016393442623,3.5,3.5,615,385
Philadelphia,American (New),0.007259528130671506,3.5,4.0,615,495
Philadelphia,American (New),0.03808487486398259,3.5,3.5,615,339
Philadelphia,American (New),0.019417475728155338,3.5,3.0,615,225
Philadelphia,American (New),0.018945634266886325,3.5,4.0,615,622
Philadelphia,American (New),0.013717421124828532,3.5,3.0,615,124
Philadelphia,American (New),0.009514747859181731,3.5,3.5,615,446
Philadelphia,American (New),0.0301941049604601,3.5,4.0,615,818
Philadelphia,American (New),0.01579871269748391,3.5,4.5,615,1121
Philadelphia,American (New),0.008557457212713936,3.5,4.0,615,210
Philadelphia,American (New),0.01088646967340591,3.5,4.0,615,35
Philadelphia,American (New),0.01002865329512894,3.5,3.5,615,90
Philadelphia,American (New),0.013254786450662739,3.5,4.0,615,73
Philadelphia,American (New),0.006476683937823834,3.5,3.5,615,162
Philadelphia,American (New),0.025102159953298307,3.5,3.5,615,1141
Philadelphia,American (New),0.008176614881439084,3.5,3.5,615,618
Philadelphia,American (New),0.02112163146394756,3.5,3.5,615,787
Philadelphia,American (New),0.021156558533145273,3.5,3.5,385,339
Philadelphia,American (New),0.02348993288590604,3.5,3.0,385,225
Philadelphia,American (New),0.008008008008008008,3.5,4.0,385,622
Philadelphia,American (New),0.013414634146341463,3.5,3.5,385,446
Philadelphia,American (New),0.013479359730412805,3.5,4.0,385,818
Philadelphia,American (New),0.008032128514056224,3.5,4.5,385,1121
Philadelphia,American (New),0.014627659574468085,3.5,3.5,385,1141
Philadelphia,American (New),0.00501002004008016,3.5,3.5,385,618
Philadelphia,American (New),0.017361111111111112,3.5,3.5,385,787
Philadelphia,American (New),0.012135922330097087,4.0,3.5,495,339
Philadelphia,American (New),0.008403361344537815,4.0,3.0,495,225
Philadelphia,American (New),0.01085972850678733,4.0,4.0,495,622
Philadelphia,American (New),0.008448540706605223,4.0,4.0,495,818
Philadelphia,American (New),0.013166144200626959,4.0,4.5,495,1121
Philadelphia,American (New),0.01293103448275862,4.0,4.0,495,210
Philadelphia,American (New),0.008880994671403197,4.0,4.0,495,73
Philadelphia,American (New),0.009380863039399626,4.0,3.5,495,43
Philadelphia,American (New),0.011750154607297465,4.0,3.5,495,1141
Philadelphia,American (New),0.007239819004524887,4.0,3.5,495,618
Philadelphia,American (New),0.03296703296703297,3.5,3.0,339,225
Philadelphia,American (New),0.022340425531914895,3.5,4.0,339,622
Philadelphia,American (New),0.014211886304909561,3.5,3.5,339,446
Philadelphia,American (New),0.016695957820738138,3.5,4.0,339,818
Philadelphia,American (New),0.01178101178101178,3.5,4.5,339,1121
Philadelphia,American (New),0.016666666666666666,3.5,4.0,339,210
Philadelphia,American (New),0.010752688172043012,3.5,3.0,339,131
Philadelphia,American (New),0.012285012285012284,3.5,4.0,339,73
Philadelphia,American (New),0.02849200833912439,3.5,3.5,339,1141
Philadelphia,American (New),0.006309148264984227,3.5,3.5,339,618
Philadelphia,American (New),0.012589928057553957,3.5,3.5,339,787
Philadelphia,American (New),0.010739856801909307,3.0,4.0,225,622
Philadelphia,American (New),0.0213089802130898,3.0,3.5,225,446
Philadelphia,American (New),0.01557935735150925,3.0,4.0,225,818
Philadelphia,American (New),0.008995502248875561,3.0,4.5,225,1121
Philadelphia,American (New),0.02005730659025788,3.0,3.0,225,131
Philadelphia,American (New),0.02245508982035928,3.0,3.5,225,1141
Philadelphia,American (New),0.008373205741626795,3.0,3.5,225,618
Philadelphia,American (New),0.014028056112224449,3.0,3.5,225,787
Philadelphia,American (New),0.00945179584120983,4.0,3.5,622,446
Philadelphia,American (New),0.04046242774566474,4.0,4.0,622,818
Philadelphia,American (New),0.01929824561403509,4.0,4.5,622,1121
Philadelphia,American (New),0.008484848484848486,4.0,4.0,622,210
Philadelphia,American (New),0.007246376811594203,4.0,4.0,622,73
Philadelphia,American (New),0.017311021350259664,4.0,3.5,622,1141
Philadelphia,American (New),0.013071895424836602,4.0,3.5,622,618
Philadelphia,American (New),0.015129682997118156,4.0,3.5,622,787
Philadelphia,American (New),0.003968253968253968,3.0,3.5,124,1141
Philadelphia,American (New),0.005518763796909493,3.0,3.5,124,787
Philadelphia,American (New),0.006369426751592357,3.5,4.0,446,818
Philadelphia,American (New),0.003201024327784891,3.5,4.5,446,1121
Philadelphia,American (New),0.01730769230769231,3.5,3.5,446,1141
Philadelphia,American (New),0.005671077504725898,3.5,3.5,446,618
Philadelphia,American (New),0.011484823625922888,3.5,3.5,446,787
Philadelphia,American (New),0.004344048653344918,3.5,3.5,15,1141
Philadelphia,American (New),0.006376195536663124,3.5,4.0,129,818
Philadelphia,American (New),0.03083466241360978,4.0,4.5,818,1121
Philadelphia,American (New),0.009823182711198428,4.0,4.0,818,210
Philadelphia,American (New),0.008501594048884165,4.0,3.0,818,131
Philadelphia,American (New),0.011862396204033215,4.0,4.0,818,35
Philadelphia,American (New),0.009060022650056626,4.0,4.0,818,73
Philadelphia,American (New),0.023510971786833857,4.0,3.5,818,1141
Philadelphia,American (New),0.011980267794221282,4.0,3.5,818,618
Philadelphia,American (New),0.02099236641221374,4.0,3.5,818,787
Philadelphia,American (New),0.017584097859327217,4.5,4.0,1121,210
Philadelphia,American (New),0.007240547063555913,4.5,3.0,1121,131
Philadelphia,American (New),0.013582342954159592,4.5,4.0,1121,73
Philadelphia,American (New),0.012533572068039392,4.5,3.5,1121,1141
Philadelphia,American (New),0.00462160600808781,4.5,3.5,1121,618
Philadelphia,American (New),0.01597444089456869,4.5,3.5,1121,787
Philadelphia,American (New),0.007457121551081283,4.0,3.5,210,1141
Philadelphia,American (New),0.006075334143377886,4.0,3.5,210,618
Philadelphia,American (New),0.005040322580645161,4.0,3.5,210,787
Philadelphia,American (New),0.005533596837944664,3.0,3.5,131,1141
Philadelphia,American (New),0.007683863885839737,3.0,3.5,131,787
Philadelphia,American (New),0.005128205128205128,4.0,3.5,35,1141
Philadelphia,American (New),0.01483924154987634,3.5,3.5,90,1141
Philadelphia,American (New),0.0041356492969396195,4.0,3.5,73,1141
Philadelphia,American (New),0.004626060138781804,3.5,3.5,162,1141
Philadelphia,American (New),0.02089378990133488,3.5,3.5,1141,618
Philadelphia,American (New),0.02335456475583864,3.5,3.5,1141,787
Philadelphia,American (New),0.009685230024213076,3.5,2.5,1141,110
Philadelphia,American (New),0.007890961262553802,3.5,3.5,618,787
Philadelphia,Beer,0.005973715651135006,4.0,3.5,729,113
Philadelphia,Beer,0.03498190591073583,4.0,3.5,729,129
Philadelphia,Beer,0.0079155672823219,4.0,4.0,729,35
Philadelphia,Wine & Spirits,0.005973715651135006,4.0,3.5,729,113
Philadelphia,Wine & Spirits,0.03498190591073583,4.0,3.5,729,129
Philadelphia,Wine & Spirits,0.0079155672823219,4.0,4.0,729,35
Philadelphia,Pubs,0.009102730819245773,2.5,3.5,161,615
Philadelphia,Pubs,0.016260162601626018,2.5,3.5,161,339
Philadelphia,Pubs,0.018456375838926176,2.5,3.5,161,446
Philadelphia,Pubs,0.012396694214876033,3.5,3.5,44,446
Philadelphia,Pubs,0.009370816599732263,3.5,3.5,615,139
Philadelphia,Pubs,0.03808487486398259,3.5,3.5,615,339
Philadelphia,Pubs,0.009514747859181731,3.5,3.5,615,446
Philadelphia,Pubs,0.014861995753715499,3.5,3.5,139,339
Philadelphia,Pubs,0.010362694300518135,3.5,3.5,139,446
Philadelphia,Pubs,0.014211886304909561,3.5,3.5,339,446
Philadelphia,Pubs,0.010954616588419406,3.5,2.5,446,200
Philadelphia,Cosmetics & Beauty Supply,0.008090614886731391,4.5,4.0,476,147
Philadelphia,Cosmetics & Beauty Supply,0.012195121951219513,4.5,3.5,476,188
Philadelphia,Desserts,0.01092896174863388,4.5,4.0,241,314
Philadelphia,Desserts,0.014571948998178506,4.5,5.0,241,316
Philadelphia,Desserts,0.008,4.0,5.0,314,316
Philadelphia,Indian,0.010479041916167664,4.0,4.5,217,458
Philadelphia,Indian,0.01507537688442211,3.5,4.5,148,458
Philadelphia,Indian,0.015432098765432098,3.5,4.0,148,181
Philadelphia,Indian,0.032467532467532464,4.0,4.0,88,71
Philadelphia,Indian,0.018867924528301886,4.0,4.0,89,181
Philadelphia,Public Services & Government,0.05102040816326531,4.5,4.5,8,95
Philadelphia,Public Services & Government,0.034782608695652174,4.5,4.0,95,381
Philadelphia,Public Services & Government,0.014861995753715499,4.0,4.0,381,97
Philadelphia,Diners,0.004878048780487805,4.0,3.5,301,1141
Philadelphia,Diners,0.007531380753138075,3.5,3.5,63,1141
Philadelphia,Gastropubs,0.011385199240986717,4.0,4.0,323,210
Philadelphia,Gastropubs,0.023939064200217627,4.0,4.0,323,618
Philadelphia,Gastropubs,0.01126126126126126,3.5,4.0,239,210
Philadelphia,Gastropubs,0.023485784919653894,4.0,4.0,210,618
Philadelphia,Hair Removal,0.00984251968503937,4.5,4.0,215,298
Philadelphia,Hair Removal,0.01023391812865497,4.5,4.5,215,476
Philadelphia,Hair Removal,0.010443864229765013,4.0,4.5,298,476
Philadelphia,Hair Removal,0.008090614886731391,4.5,4.0,476,147
Philadelphia,Ramen,0.009988901220865706,4.0,4.0,92,818
Philadelphia,Ramen,0.007976071784646061,4.5,4.0,193,818
Philadelphia,Skin Care,0.010443864229765013,4.0,4.5,298,476
Philadelphia,Skin Care,0.0125,4.0,3.5,298,188
Philadelphia,Skin Care,0.008090614886731391,4.5,4.0,476,147
Philadelphia,Skin Care,0.012195121951219513,4.5,3.5,476,188
Philadelphia,Malaysian,0.01194267515923567,4.5,3.5,159,1112
Philadelphia,Juice Bars & Smoothies,0.005707762557077625,4.5,4.5,458,423
Philadelphia,Juice Bars & Smoothies,0.02,3.5,4.5,87,423
Philadelphia,Pakistani,0.01507537688442211,3.5,4.5,148,458
Philadelphia,Pakistani,0.015432098765432098,3.5,4.0,148,181
Philadelphia,Pakistani,0.018867924528301886,4.0,4.0,89,181
Philadelphia,Halal,0.01507537688442211,3.5,4.5,148,458
Philadelphia,Halal,0.015432098765432098,3.5,4.0,148,181
Philadelphia,Halal,0.018867924528301886,4.0,4.0,89,181
Philadelphia,Cheesesteaks,0.012135922330097087,2.5,4.5,37,380
Philadelphia,Cheesesteaks,0.023809523809523808,3.5,4.5,184,31
Philadelphia,Ice Cream & Frozen Yogurt,0.02601156069364162,4.5,4.0,458,252
Philadelphia,Ice Cream & Frozen Yogurt,0.008264462809917356,4.5,4.5,458,274
Philadelphia,Ice Cream & Frozen Yogurt,0.009596928982725527,4.0,4.5,252,274
Philadelphia,Ice Cream & Frozen Yogurt,0.014044943820224719,3.5,4.5,87,274
Philadelphia,Meat Shops,0.027624309392265192,4.5,4.5,38,148
Philadelphia,Mexican,0.015945330296127564,4.0,4.0,338,108
Philadelphia,Mexican,0.016709511568123392,4.0,3.5,338,453
Philadelphia,Mexican,0.014823261117445839,4.0,4.0,338,552
Philadelphia,Mexican,0.010344827586206896,4.0,4.5,338,248
Philadelphia,Mexican,0.011235955056179775,4.0,4.5,338,202
Philadelphia,Mexican,0.010719754977029096,4.0,4.0,108,552
Philadelphia,Mexican,0.009234828496042216,3.5,3.0,453,312
Philadelphia,Mexican,0.01310483870967742,3.5,4.0,453,552
Philadelphia,Mexican,0.008633093525179856,3.5,4.5,453,248
Philadelphia,Mexican,0.006993006993006993,3.0,4.0,312,552
Philadelphia,Mexican,0.008917197452229299,4.0,4.0,240,552
Philadelphia,Mexican,0.016518424396442185,4.0,4.5,552,248
Philadelphia,Mexican,0.012080536912751677,4.0,4.5,552,202
Philadelphia,Mexican,0.02054794520547945,4.5,4.5,248,50
Philadelphia,Greek,0.0364963503649635,4.0,4.5,273,579
Philadelphia,Greek,0.01032258064516129,4.0,4.5,273,510
Philadelphia,Greek,0.026442307692307692,4.0,4.0,273,154
Philadelphia,Greek,0.03418803418803419,4.5,4.5,579,510
Philadelphia,Greek,0.022315202231520222,4.5,4.0,579,154
Philadelphia,Greek,0.0050150451354062184,4.5,4.5,579,423
Philadelphia,Greek,0.013740458015267175,4.5,4.0,510,154
Philadelphia,Greek,0.006472491909385114,4.5,4.5,510,423
Philadelphia,Latin American,0.016709511568123392,4.0,3.5,338,453
Philadelphia,Latin American,0.011235955056179775,4.0,4.5,338,202
Philadelphia,Vietnamese,0.019417475728155338,4.0,3.5,304,116
Philadelphia,Vietnamese,0.020928116469517744,4.0,4.0,304,818
Philadelphia,Vietnamese,0.010822510822510822,3.5,4.0,116,818
Philadelphia,Mediterranean,0.0364963503649635,4.0,4.5,273,579
Philadelphia,Mediterranean,0.01032258064516129,4.0,4.5,273,510
Philadelphia,Mediterranean,0.026442307692307692,4.0,4.0,273,154
Philadelphia,Mediterranean,0.03418803418803419,4.5,4.5,579,510
Philadelphia,Mediterranean,0.022315202231520222,4.5,4.0,579,154
Philadelphia,Mediterranean,0.0050150451354062184,4.5,4.5,579,423
Philadelphia,Mediterranean,0.013740458015267175,4.5,4.0,510,154
Philadelphia,Mediterranean,0.006472491909385114,4.5,4.5,510,423
Philadelphia,Day Spas,0.01023391812865497,4.5,4.5,215,476
Philadelphia,Day Spas,0.008090614886731391,4.5,4.0,476,147
Philadelphia,Noodles,0.013120899718837863,4.0,4.0,263,818
Philadelphia,Noodles,0.020588235294117647,4.0,4.0,263,84
Philadelphia,Gun/Rifle Ranges,0.055900621118012424,3.5,4.0,58,112
Philadelphia,Health Markets,0.028985507246376812,3.5,4.5,159,54
Philadelphia,Landmarks & Historical Buildings,0.05102040816326531,4.5,4.5,8,95
Philadelphia,Tacos,0.015945330296127564,4.0,4.0,338,108
Philadelphia,Tacos,0.014823261117445839,4.0,4.0,338,552
Philadelphia,Tacos,0.010719754977029096,4.0,4.0,108,552
Philadelphia,Tacos,0.008917197452229299,4.0,4.0,240,552
Philadelphia,Middle Eastern,0.00870253164556962,4.0,4.5,154,1121
Philadelphia,Middle Eastern,0.004878048780487805,4.5,4.0,1121,115
Philadelphia,Tapas/Small Plates,0.025714285714285714,4.0,4.0,818,618
Philadelphia,Tapas/Small Plates,0.04150943396226415,4.0,4.0,818,286
Philadelphia,Tapas/Small Plates,0.009060022650056626,4.0,4.0,818,73
Philadelphia,Tapas/Small Plates,0.015730337078651686,4.0,4.0,618,286
Philadelphia,Tapas/Small Plates,0.013196480938416423,4.0,4.0,618,73
Philadelphia,Tapas/Small Plates,0.014124293785310734,4.0,4.0,286,73
Philadelphia,Cambodian,0.02063273727647868,4.5,3.5,372,1112
Tucson,Shopping,0.05747126436781609,4.0,2.0,76,16
Tucson,Shopping,0.049019607843137254,4.5,4.0,19,88
Tucson,Shopping,0.04504504504504504,4.5,4.0,28,88
Tucson,Shopping,0.09836065573770492,2.5,4.0,46,88
Tucson,Shopping,0.04201680672268908,3.5,4.0,36,88
Tucson,Restaurants,0.013677811550151976,3.5,4.0,56,611
Tucson,Restaurants,0.012578616352201259,3.5,3.5,56,427
Tucson,Restaurants,0.013404825737265416,3.5,4.5,56,322
Tucson,Restaurants,0.00911854103343465,3.5,4.0,56,608
Tucson,Restaurants,0.011547344110854504,3.5,3.5,56,381
Tucson,Restaurants,0.020581113801452784,4.0,4.0,446,397
Tucson,Restaurants,0.007911392405063292,4.0,3.5,446,191
Tucson,Restaurants,0.008595988538681949,4.0,4.5,446,258
Tucson,Restaurants,0.014010507880910683,4.0,4.0,446,133
Tucson,Restaurants,0.025518341307814992,4.0,4.5,446,2126
Tucson,Restaurants,0.00980392156862745,4.0,4.0,446,69
Tucson,Restaurants,0.02521823472356935,4.0,4.0,446,611
Tucson,Restaurants,0.008333333333333333,4.0,4.5,446,159
Tucson,Restaurants,0.015873015873015872,4.0,4.0,446,258
Tucson,Restaurants,0.03110419906687403,4.0,4.0,446,217
Tucson,Restaurants,0.010619469026548672,4.0,3.0,446,125
Tucson,Restaurants,0.034360189573459717,4.0,3.5,446,427
Tucson,Restaurants,0.009208103130755065,4.0,4.5,446,102
Tucson,Restaurants,0.009497964721845319,4.0,3.0,446,298
Tucson,Restaurants,0.02181818181818182,4.0,3.5,446,116
Tucson,Restaurants,0.025136612021857924,4.0,4.0,446,492
Tucson,Restaurants,0.020463847203274217,4.0,3.5,446,302
Tucson,Restaurants,0.013192612137203167,4.0,4.5,446,322
Tucson,Restaurants,0.017973856209150325,4.0,3.5,446,177
Tucson,Restaurants,0.012121212121212121,4.0,3.5,446,55
Tucson,Restaurants,0.029296875,4.0,4.0,446,608
Tucson,Restaurants,0.02132435465768799,4.0,3.5,446,464
Tucson,Restaurants,0.012024048096192385,4.0,4.0,446,59
Tucson,Restaurants,0.022894521668029435,4.0,4.5,446,805
Tucson,Restaurants,0.0109204368174727,4.0,4.0,446,202
Tucson,Restaurants,0.010676156583629894,4.0,3.5,446,122
Tucson,Restaurants,0.013157894736842105,4.0,3.5,446,93
Tucson,Restaurants,0.008976660682226212,4.0,3.0,446,116
Tucson,Restaurants,0.022222222222222223,4.0,3.5,446,381
Tucson,Restaurants,0.011811023622047244,4.0,2.5,446,325
Tucson,Restaurants,0.02305159165751921,4.0,3.5,446,486
Tucson,Restaurants,0.00909090909090909,4.0,4.0,446,109
Tucson,Restaurants,0.011272141706924315,4.0,3.5,446,182
Tucson,Restaurants,0.0022593764121102574,4.0,4.5,92,2126
Tucson,Restaurants,0.0071633237822349575,4.0,4.0,92,611
Tucson,Restaurants,0.002329916123019571,5.0,4.5,25,2126
Tucson,Restaurants,0.0125,4.5,4.0,89,397
Tucson,Restaurants,0.014619883040935672,4.5,4.5,89,258
Tucson,Restaurants,0.009111617312072893,4.5,4.5,89,2126
Tucson,Restaurants,0.016611295681063124,4.5,4.0,89,217
Tucson,Restaurants,0.009784735812133072,4.5,3.5,89,427
Tucson,Restaurants,0.010434782608695653,4.5,4.0,89,492
Tucson,Restaurants,0.009029345372460496,4.5,4.5,89,805
Tucson,Restaurants,0.008771929824561403,4.5,3.5,89,486
Tucson,Restaurants,0.018134715025906734,2.5,4.5,71,322
Tucson,Restaurants,0.017338709677419354,4.0,4.5,397,2126
Tucson,Restaurants,0.0296220633299285,4.0,4.0,397,611
Tucson,Restaurants,0.01393188854489164,4.0,4.0,397,258
Tucson,Restaurants,0.019933554817275746,4.0,4.0,397,217
Tucson,Restaurants,0.011627906976744186,4.0,3.0,397,125
Tucson,Restaurants,0.019801980198019802,4.0,3.5,397,427
Tucson,Restaurants,0.010845986984815618,4.0,4.0,397,69
Tucson,Restaurants,0.02044989775051125,4.0,4.5,397,102
Tucson,Restaurants,0.023952095808383235,4.0,3.5,397,116
Tucson,Restaurants,0.02066590126291619,4.0,4.0,397,492
Tucson,Restaurants,0.01451378809869376,4.0,3.5,397,302
Tucson,Restaurants,0.016973125884016973,4.0,4.5,397,322
Tucson,Restaurants,0.025510204081632654,4.0,4.0,397,608
Tucson,Restaurants,0.00819672131147541,4.0,3.5,397,464
Tucson,Restaurants,0.016060862214708368,4.0,4.5,397,805
Tucson,Restaurants,0.01870748299319728,4.0,4.0,397,202
Tucson,Restaurants,0.016971279373368148,4.0,3.5,397,381
Tucson,Restaurants,0.008379888268156424,4.0,2.5,397,325
Tucson,Restaurants,0.020809248554913295,4.0,3.5,397,486
Tucson,Restaurants,0.01936619718309859,4.0,3.5,397,182
Tucson,Restaurants,0.004770164787510842,3.5,4.5,191,2126
Tucson,Restaurants,0.011349306431273645,3.5,4.0,191,611
Tucson,Restaurants,0.014778325123152709,3.5,3.5,191,427
Tucson,Restaurants,0.010113780025284451,3.5,4.0,191,608
Tucson,Restaurants,0.006060606060606061,3.5,4.5,191,805
Tucson,Restaurants,0.0234375,3.5,4.0,191,202
Tucson,Restaurants,0.010582010582010581,3.5,3.5,191,381
Tucson,Restaurants,0.01838235294117647,3.5,2.0,191,86
Tucson,Restaurants,0.002321262766945218,4.0,4.5,33,2126
Tucson,Restaurants,0.015584415584415584,4.5,4.0,258,133
Tucson,Restaurants,0.011455239711497667,4.5,4.5,258,2126
Tucson,Restaurants,0.017130620985010708,4.5,4.0,258,217
Tucson,Restaurants,0.027777777777777776,4.5,3.5,258,149
Tucson,Restaurants,0.014814814814814815,4.5,3.5,258,427
Tucson,Restaurants,0.009421265141318977,4.5,4.0,258,492
Tucson,Restaurants,0.008695652173913044,4.5,4.5,258,322
Tucson,Restaurants,0.02364864864864865,4.5,4.5,258,45
Tucson,Restaurants,0.011627906976744186,4.5,3.5,258,177
Tucson,Restaurants,0.01405152224824356,4.5,4.0,258,608
Tucson,Restaurants,0.011417697431018078,4.5,4.5,258,805
Tucson,Restaurants,0.01098901098901099,4.5,4.0,258,202
Tucson,Restaurants,0.015006821282401092,4.5,3.5,258,486
Tucson,Restaurants,0.00938337801608579,4.0,4.5,133,2126
Tucson,Restaurants,0.030612244897959183,4.0,4.0,133,69
Tucson,Restaurants,0.026392961876832845,4.0,4.0,133,217
Tucson,Restaurants,0.012658227848101266,4.0,3.5,133,427
Tucson,Restaurants,0.012965964343598054,4.0,4.0,133,492
Tucson,Restaurants,0.028901734104046242,4.0,4.5,133,45
Tucson,Restaurants,0.019417475728155338,4.0,3.5,133,182
Tucson,Restaurants,0.002805049088359046,4.5,4.5,19,2126
Tucson,Restaurants,0.02214022140221402,4.5,4.0,19,258
Tucson,Restaurants,0.011337868480725623,4.5,3.5,19,427
Tucson,Restaurants,0.009881422924901186,4.5,4.0,19,492
Tucson,Restaurants,0.012924071082390954,4.5,4.0,19,608
Tucson,Restaurants,0.004576659038901602,4.5,4.0,2126,69
Tucson,Restaurants,0.004043126684636119,4.5,3.5,2126,109
Tucson,Restaurants,0.0189873417721519,4.5,4.0,2126,611
Tucson,Restaurants,0.004837291116974494,4.5,4.5,2126,159
Tucson,Restaurants,0.018803418803418803,4.5,4.0,2126,258
Tucson,Restaurants,0.013846819558632626,4.5,4.0,2126,217
Tucson,Restaurants,0.002321262766945218,4.5,3.0,2126,33
Tucson,Restaurants,0.0030864197530864196,4.5,3.5,2126,149
Tucson,Restaurants,0.0027829313543599257,4.5,4.5,2126,36
Tucson,Restaurants,0.00580875781948168,4.5,3.0,2126,125
Tucson,Restaurants,0.024067388688327317,4.5,3.5,2126,427
Tucson,Restaurants,0.00228310502283105,4.5,4.0,2126,69
Tucson,Restaurants,0.005869074492099322,4.5,4.5,2126,102
Tucson,Restaurants,0.0037267080745341614,4.5,3.0,2126,298
Tucson,Restaurants,0.004930524428507396,4.5,3.5,2126,116
Tucson,Restaurants,0.023055881203595155,4.5,4.0,2126,492
Tucson,Restaurants,0.010824313072439634,4.5,3.5,2126,302
Tucson,Restaurants,0.002785515320334262,4.5,3.5,2126,34
Tucson,Restaurants,0.01703365184877441,4.5,4.5,2126,322
Tucson,Restaurants,0.006024096385542169,4.5,4.5,2126,45
Tucson,Restaurants,0.0031934306569343066,4.5,4.0,2126,73
Tucson,Restaurants,0.0023084025854108957,4.5,4.0,2126,45
Tucson,Restaurants,0.009644892590968873,4.5,3.5,2126,177
Tucson,Restaurants,0.003219871205151794,4.5,3.5,2126,55
Tucson,Restaurants,0.03325774754346183,4.5,4.0,2126,608
Tucson,Restaurants,0.0037054191755442334,4.5,4.5,2126,41
Tucson,Restaurants,0.01928374655647383,4.5,3.5,2126,464
Tucson,Restaurants,0.0031890660592255125,4.5,4.0,2126,76
Tucson,Restaurants,0.0027014858171994596,4.5,3.0,2126,101
Tucson,Restaurants,0.0036231884057971015,4.5,3.5,2126,90
Tucson,Restaurants,0.006448641179180101,4.5,4.0,2126,59
Tucson,Restaurants,0.03862508858965273,4.5,4.5,2126,805
Tucson,Restaurants,0.0038809831824062097,4.5,4.0,2126,202
Tucson,Restaurants,0.0023148148148148147,4.5,3.5,2126,39
Tucson,Restaurants,0.006717420510523959,4.5,3.5,2126,122
Tucson,Restaurants,0.00228310502283105,4.5,2.0,2126,69
Tucson,Restaurants,0.0037054191755442334,4.5,3.5,2126,41
Tucson,Restaurants,0.004963898916967509,4.5,4.0,2126,101
Tucson,Restaurants,0.009095043201455207,4.5,3.5,2126,93
Tucson,Restaurants,0.0027472527472527475,4.5,4.0,2126,64
Tucson,Restaurants,0.0035810205908683975,4.5,3.0,2126,116
Tucson,Restaurants,0.015795868772782502,4.5,3.5,2126,381
Tucson,Restaurants,0.006349206349206349,4.5,4.0,2126,93
Tucson,Restaurants,0.0128099173553719,4.5,2.5,2126,325
Tucson,Restaurants,0.027941755214482486,4.5,3.5,2126,486
Tucson,Restaurants,0.002798507462686567,4.5,3.5,2126,24
Tucson,Restaurants,0.004043126684636119,4.5,4.0,2126,109
Tucson,Restaurants,0.0036330608537693005,4.5,2.5,2126,84
Tucson,Restaurants,0.013169446883230905,4.5,3.5,2126,182
Tucson,Restaurants,0.003669724770642202,4.5,3.0,2126,62
Tucson,Restaurants,0.004627487274409995,4.5,4.5,2126,45
Tucson,Restaurants,0.0022655188038060714,4.5,2.0,2126,86
Tucson,Restaurants,0.02142857142857143,4.0,4.0,69,217
Tucson,Restaurants,0.01639344262295082,4.0,3.5,69,427
Tucson,Restaurants,0.014466546112115732,4.0,4.0,69,492
Tucson,Restaurants,0.015584415584415584,4.0,4.5,69,322
Tucson,Restaurants,0.06542056074766354,4.0,4.5,69,45
Tucson,Restaurants,0.00894187779433681,4.0,4.0,69,608
Tucson,Restaurants,0.008073817762399077,4.0,4.5,69,805
Tucson,Restaurants,0.00909090909090909,4.0,3.5,69,486
Tucson,Restaurants,0.012437810945273632,3.5,3.0,109,298
Tucson,Restaurants,0.012367491166077738,3.5,3.5,109,464
Tucson,Restaurants,0.0102880658436214,3.5,3.5,109,381
Tucson,Restaurants,0.009174311926605505,4.0,4.5,611,159
Tucson,Restaurants,0.01875732708089097,4.0,4.0,611,258
Tucson,Restaurants,0.01098901098901099,4.0,4.0,611,217
Tucson,Restaurants,0.006622516556291391,4.0,3.5,611,149
Tucson,Restaurants,0.01098901098901099,4.0,3.0,611,125
Tucson,Restaurants,0.018645731108930325,4.0,3.5,611,427
Tucson,Restaurants,0.008902077151335312,4.0,4.0,611,69
Tucson,Restaurants,0.0078003120124804995,4.0,3.0,611,35
Tucson,Restaurants,0.01278409090909091,4.0,4.5,611,102
Tucson,Restaurants,0.01791713325867861,4.0,3.0,611,298
Tucson,Restaurants,0.012534818941504178,4.0,3.5,611,116
Tucson,Restaurants,0.02414113277623027,4.0,4.0,611,492
Tucson,Restaurants,0.023542600896860985,4.0,3.5,611,302
Tucson,Restaurants,0.016339869281045753,4.0,4.5,611,322
Tucson,Restaurants,0.006385696040868455,4.0,3.5,611,177
Tucson,Restaurants,0.010622154779969651,4.0,3.5,611,55
Tucson,Restaurants,0.0374468085106383,4.0,4.0,611,608
Tucson,Restaurants,0.010852713178294573,4.0,4.5,611,41
Tucson,Restaurants,0.026743075453677174,4.0,3.5,611,464
Tucson,Restaurants,0.012084592145015106,4.0,4.0,611,59
Tucson,Restaurants,0.02386117136659436,4.0,4.5,611,805
Tucson,Restaurants,0.0149812734082397,4.0,4.0,611,202
Tucson,Restaurants,0.006868131868131868,4.0,3.5,611,122
Tucson,Restaurants,0.0077279752704791345,4.0,3.5,611,41
Tucson,Restaurants,0.009929078014184398,4.0,4.0,611,101
Tucson,Restaurants,0.008595988538681949,4.0,3.5,611,93
Tucson,Restaurants,0.006925207756232687,4.0,3.0,611,116
Tucson,Restaurants,0.02688728024819028,4.0,3.5,611,381
Tucson,Restaurants,0.014084507042253521,4.0,2.5,611,325
Tucson,Restaurants,0.025233644859813085,4.0,3.5,611,486
Tucson,Restaurants,0.011146496815286623,4.0,3.5,611,24
Tucson,Restaurants,0.008708272859216255,4.0,2.5,611,84
Tucson,Restaurants,0.01019108280254777,4.0,3.5,611,182
Tucson,Restaurants,0.010144927536231883,4.0,2.0,611,86
Tucson,Restaurants,0.01818181818181818,4.5,3.5,159,177
Tucson,Restaurants,0.01455026455026455,4.5,4.0,159,608
Tucson,Restaurants,0.013008130081300813,4.5,3.5,159,464
Tucson,Restaurants,0.019011406844106463,4.5,4.0,159,109
Tucson,Restaurants,0.017130620985010708,4.0,4.0,258,217
Tucson,Restaurants,0.021333333333333333,4.0,3.0,258,125
Tucson,Restaurants,0.03787878787878788,4.0,3.5,258,427
Tucson,Restaurants,0.018691588785046728,4.0,4.0,258,69
Tucson,Restaurants,0.01090909090909091,4.0,3.0,258,298
Tucson,Restaurants,0.0273972602739726,4.0,4.0,258,492
Tucson,Restaurants,0.01818181818181818,4.0,3.5,258,302
Tucson,Restaurants,0.02292768959435626,4.0,4.5,258,322
Tucson,Restaurants,0.016778523489932886,4.0,4.5,258,45
Tucson,Restaurants,0.018461538461538463,4.0,4.0,258,73
Tucson,Restaurants,0.020689655172413793,4.0,3.0,258,38
Tucson,Restaurants,0.016355140186915886,4.0,3.5,258,177
Tucson,Restaurants,0.019543973941368076,4.0,3.5,258,55
Tucson,Restaurants,0.03464755077658303,4.0,4.0,258,608
Tucson,Restaurants,0.021216407355021217,4.0,3.5,258,464
Tucson,Restaurants,0.01431297709923664,4.0,4.5,258,805
Tucson,Restaurants,0.013333333333333334,4.0,3.5,258,122
Tucson,Restaurants,0.017006802721088437,4.0,3.5,258,41
Tucson,Restaurants,0.014450867052023121,4.0,3.5,258,93
Tucson,Restaurants,0.015873015873015872,4.0,3.5,258,381
Tucson,Restaurants,0.021015761821366025,4.0,2.5,258,325
Tucson,Restaurants,0.024793388429752067,4.0,3.5,258,486
Tucson,Restaurants,0.017857142857142856,4.0,2.5,258,84
Tucson,Restaurants,0.015873015873015872,4.0,3.0,258,62
Tucson,Restaurants,0.015772870662460567,4.0,3.5,217,427
Tucson,Restaurants,0.023088023088023088,4.0,4.0,217,492
Tucson,Restaurants,0.015065913370998116,4.0,4.5,217,322
Tucson,Restaurants,0.01808785529715762,4.0,3.5,217,177
Tucson,Restaurants,0.011029411764705883,4.0,4.0,217,608
Tucson,Restaurants,0.010385756676557863,4.0,3.5,217,464
Tucson,Restaurants,0.017361111111111112,4.0,4.0,217,76
Tucson,Restaurants,0.017928286852589643,4.0,4.5,217,805
Tucson,Restaurants,0.008417508417508417,4.0,3.5,217,381
Tucson,Restaurants,0.020319303338171262,4.0,3.5,217,486
Tucson,Restaurants,0.0390625,4.0,3.5,217,182
Tucson,Restaurants,0.010680907877169559,3.5,4.0,149,608
Tucson,Restaurants,0.007936507936507936,3.5,3.5,149,486
Tucson,Restaurants,0.013136288998357963,3.0,4.0,125,492
Tucson,Restaurants,0.011312217194570135,3.0,4.5,125,322
Tucson,Restaurants,0.011034482758620689,3.0,4.0,125,608
Tucson,Restaurants,0.008561643835616438,3.0,3.5,125,464
Tucson,Restaurants,0.005405405405405406,3.0,4.5,125,805
Tucson,Restaurants,0.015527950310559006,3.0,4.0,125,202
Tucson,Restaurants,0.0211864406779661,3.0,3.0,125,116
Tucson,Restaurants,0.02217741935483871,3.0,3.5,125,381
Tucson,Restaurants,0.011235955056179775,3.0,2.5,125,325
Tucson,Restaurants,0.009917355371900827,3.0,3.5,125,486
Tucson,Restaurants,0.014314928425357873,3.5,4.0,427,69
Tucson,Restaurants,0.01876172607879925,3.5,3.5,427,116
Tucson,Restaurants,0.026815642458100558,3.5,4.0,427,492
Tucson,Restaurants,0.016736401673640166,3.5,3.5,427,302
Tucson,Restaurants,0.016282225237449117,3.5,4.5,427,322
Tucson,Restaurants,0.010033444816053512,3.5,3.5,427,177
Tucson,Restaurants,0.014736842105263158,3.5,3.5,427,55
Tucson,Restaurants,0.0391566265060241,3.5,4.0,427,608
Tucson,Restaurants,0.020618556701030927,3.5,3.5,427,464
Tucson,Restaurants,0.011741682974559686,3.5,3.5,427,90
Tucson,Restaurants,0.017341040462427744,3.5,4.5,427,805
Tucson,Restaurants,0.008012820512820512,3.5,4.0,427,202
Tucson,Restaurants,0.011049723756906077,3.5,3.5,427,122
Tucson,Restaurants,0.014953271028037384,3.5,3.0,427,116
Tucson,Restaurants,0.012515644555694618,3.5,3.5,427,381
Tucson,Restaurants,0.016216216216216217,3.5,2.5,427,325
Tucson,Restaurants,0.025842696629213482,3.5,3.5,427,486
Tucson,Restaurants,0.011320754716981131,3.5,4.0,427,109
Tucson,Restaurants,0.011627906976744186,3.5,3.5,427,182
Tucson,Restaurants,0.014522821576763486,3.5,3.0,427,62
Tucson,Restaurants,0.00984251968503937,3.5,2.0,427,86
Tucson,Restaurants,0.01347305389221557,4.0,4.0,69,608
Tucson,Restaurants,0.01092896174863388,4.0,3.5,69,486
Tucson,Restaurants,0.00995732574679943,4.5,4.0,102,608
Tucson,Restaurants,0.008898776418242492,4.5,4.5,102,805
Tucson,Restaurants,0.016722408026755852,4.5,4.0,102,202
Tucson,Restaurants,0.010438413361169102,4.5,3.5,102,381
Tucson,Restaurants,0.013793103448275862,4.5,3.5,102,486
Tucson,Restaurants,0.010230179028132993,3.0,4.0,298,492
Tucson,Restaurants,0.008403361344537815,3.0,3.5,298,302
Tucson,Restaurants,0.019122609673790775,3.0,4.0,298,608
Tucson,Restaurants,0.0054694621695533276,3.0,4.5,298,805
Tucson,Restaurants,0.012224938875305624,3.0,3.0,298,116
Tucson,Restaurants,0.014925373134328358,3.0,3.5,298,381
Tucson,Restaurants,0.013008130081300813,3.0,2.5,298,325
Tucson,Restaurants,0.009009009009009009,3.0,3.5,298,486
Tucson,Restaurants,0.01557632398753894,3.0,1.5,298,28
Tucson,Restaurants,0.018425460636515914,3.5,4.0,116,492
Tucson,Restaurants,0.022004889975550123,3.5,3.5,116,302
Tucson,Restaurants,0.012587412587412588,3.5,4.0,116,608
Tucson,Restaurants,0.010452961672473868,3.5,3.5,116,464
Tucson,Restaurants,0.03550295857988166,3.5,4.0,116,59
Tucson,Restaurants,0.007658643326039387,3.5,4.5,116,805
Tucson,Restaurants,0.014256619144602852,3.5,3.5,116,381
Tucson,Restaurants,0.011467889908256881,3.5,2.5,116,325
Tucson,Restaurants,0.013468013468013467,3.5,3.5,116,486
Tucson,Restaurants,0.025380710659898477,3.5,2.0,116,86
Tucson,Restaurants,0.012755102040816327,4.0,3.5,492,302
Tucson,Restaurants,0.02132998745294856,4.0,4.5,492,322
Tucson,Restaurants,0.013207547169811321,4.0,4.5,492,45
Tucson,Restaurants,0.01073345259391771,4.0,4.0,492,73
Tucson,Restaurants,0.021374045801526718,4.0,3.5,492,177
Tucson,Restaurants,0.02516309412861137,4.0,4.0,492,608
Tucson,Restaurants,0.013785790031813362,4.0,3.5,492,464
Tucson,Restaurants,0.029365079365079365,4.0,4.5,492,805
Tucson,Restaurants,0.00872093023255814,4.0,4.0,492,202
Tucson,Restaurants,0.01487603305785124,4.0,3.5,492,122
Tucson,Restaurants,0.010221465076660987,4.0,4.0,492,101
Tucson,Restaurants,0.013333333333333334,4.0,3.0,492,116
Tucson,Restaurants,0.013921113689095127,4.0,3.5,492,381
Tucson,Restaurants,0.01616915422885572,4.0,2.5,492,325
Tucson,Restaurants,0.016632016632016633,4.0,3.5,492,486
Tucson,Restaurants,0.012012012012012012,4.0,3.5,492,182
Tucson,Restaurants,0.009398496240601503,4.0,4.5,492,45
Tucson,Restaurants,0.012259194395796848,4.0,2.0,492,86
Tucson,Restaurants,0.023504273504273504,3.5,3.5,302,177
Tucson,Restaurants,0.017094017094017096,3.5,3.5,302,55
Tucson,Restaurants,0.02247191011235955,3.5,4.0,302,608
Tucson,Restaurants,0.02956989247311828,3.5,3.5,302,464
Tucson,Restaurants,0.009115770282588878,3.5,4.5,302,805
Tucson,Restaurants,0.014354066985645933,3.5,3.5,302,122
Tucson,Restaurants,0.01634472511144131,3.5,3.5,302,381
Tucson,Restaurants,0.022838499184339316,3.5,2.5,302,325
Tucson,Restaurants,0.011553273427471117,3.5,3.5,302,486
Tucson,Restaurants,0.014675052410901468,3.5,3.5,302,182
Tucson,Restaurants,0.009708737864077669,3.5,3.5,34,486
Tucson,Restaurants,0.015424164524421594,4.5,4.0,322,73
Tucson,Restaurants,0.024229074889867842,4.5,4.0,322,608
Tucson,Restaurants,0.008985879332477536,4.5,3.5,322,464
Tucson,Restaurants,0.012285012285012284,4.5,3.5,322,90
Tucson,Restaurants,0.018066847335140017,4.5,4.5,322,805
Tucson,Restaurants,0.009633911368015413,4.5,4.0,322,202
Tucson,Restaurants,0.012949640287769784,4.5,3.5,322,381
Tucson,Restaurants,0.017632241813602016,4.5,3.5,322,486
Tucson,Restaurants,0.01002004008016032,4.5,3.5,322,182
Tucson,Restaurants,0.013812154696132596,4.5,4.5,322,45
Tucson,Restaurants,0.0071090047393364926,4.5,4.5,45,805
Tucson,Restaurants,0.006009615384615385,3.0,4.5,32,805
Tucson,Restaurants,0.01366120218579235,3.0,2.5,46,325
Tucson,Restaurants,0.00641025641025641,3.5,4.0,177,608
Tucson,Restaurants,0.019077901430842606,3.5,3.5,177,464
Tucson,Restaurants,0.014462809917355372,3.5,4.5,177,805
Tucson,Restaurants,0.012681159420289856,3.5,3.5,177,381
Tucson,Restaurants,0.010670731707317074,3.5,3.5,177,486
Tucson,Restaurants,0.027559055118110236,3.5,2.5,177,84
Tucson,Restaurants,0.0091324200913242,3.5,4.0,55,608
Tucson,Restaurants,0.013671875,3.5,3.5,55,464
Tucson,Restaurants,0.011574074074074073,3.5,3.5,55,381
Tucson,Restaurants,0.01876675603217158,3.5,2.5,55,325
Tucson,Restaurants,0.009328358208955223,3.5,3.5,55,486
Tucson,Restaurants,0.044642857142857144,3.5,3.0,55,62
Tucson,Restaurants,0.01564945226917058,4.0,4.5,608,41
Tucson,Restaurants,0.022900763358778626,4.0,3.5,608,464
Tucson,Restaurants,0.009077155824508321,4.0,4.0,608,59
Tucson,Restaurants,0.02988338192419825,4.0,4.5,608,805
Tucson,Restaurants,0.006211180124223602,4.0,4.0,608,202
Tucson,Restaurants,0.015299026425591099,4.0,3.5,608,122
Tucson,Restaurants,0.0140625,4.0,3.5,608,41
Tucson,Restaurants,0.007102272727272727,4.0,4.0,608,101
Tucson,Restaurants,0.011544011544011544,4.0,3.5,608,93
Tucson,Restaurants,0.009762900976290097,4.0,3.0,608,116
Tucson,Restaurants,0.029106029106029108,4.0,3.5,608,381
Tucson,Restaurants,0.007183908045977011,4.0,4.0,608,93
Tucson,Restaurants,0.017448200654307525,4.0,2.5,608,325
Tucson,Restaurants,0.04990403071017274,4.0,3.5,608,486
Tucson,Restaurants,0.0112,4.0,3.5,608,24
Tucson,Restaurants,0.01282051282051282,4.0,3.5,608,182
Tucson,Restaurants,0.00725689404934688,4.0,2.0,608,86
Tucson,Restaurants,0.00954653937947494,4.5,4.5,41,805
Tucson,Restaurants,0.015414258188824663,4.5,3.5,41,486
Tucson,Restaurants,0.012797074954296161,3.5,3.5,464,90
Tucson,Restaurants,0.014388489208633094,3.5,4.5,464,805
Tucson,Restaurants,0.012089810017271158,3.5,3.5,464,122
Tucson,Restaurants,0.009057971014492754,3.5,3.5,464,93
Tucson,Restaurants,0.018050541516245487,3.5,3.5,464,381
Tucson,Restaurants,0.028683181225554105,3.5,2.5,464,325
Tucson,Restaurants,0.02481121898597627,3.5,3.5,464,486
Tucson,Restaurants,0.010582010582010581,3.5,4.0,464,109
Tucson,Restaurants,0.009208103130755065,3.5,2.5,464,84
Tucson,Restaurants,0.0141287284144427,3.5,3.5,464,182
Tucson,Restaurants,0.009596928982725527,3.5,3.0,464,62
Tucson,Restaurants,0.005707762557077625,4.0,4.5,76,805
Tucson,Restaurants,0.0056179775280898875,3.5,4.5,90,805
Tucson,Restaurants,0.01715686274509804,3.5,2.5,90,325
Tucson,Restaurants,0.005820721769499418,4.0,4.5,59,805
Tucson,Restaurants,0.006666666666666667,4.5,4.0,805,101
Tucson,Restaurants,0.005599104143337066,4.5,3.5,805,93
Tucson,Restaurants,0.015397775876817793,4.5,3.5,805,381
Tucson,Restaurants,0.007042253521126761,4.5,4.0,805,53
Tucson,Restaurants,0.005599104143337066,4.5,4.0,805,93
Tucson,Restaurants,0.01073345259391771,4.5,2.5,805,325
Tucson,Restaurants,0.0328,4.5,3.5,805,486
Tucson,Restaurants,0.01023541453428864,4.5,3.5,805,182
Tucson,Restaurants,0.005917159763313609,4.5,4.5,805,45
Tucson,Restaurants,0.0056433408577878106,4.5,2.0,805,86
Tucson,Restaurants,0.013254786450662739,4.0,3.5,202,486
Tucson,Restaurants,0.012048192771084338,3.5,3.5,122,381
Tucson,Restaurants,0.03365384615384615,3.5,4.0,122,93
Tucson,Restaurants,0.015909090909090907,3.5,2.5,122,325
Tucson,Restaurants,0.008291873963515755,3.5,3.5,122,486
Tucson,Restaurants,0.009578544061302681,3.5,3.5,41,486
Tucson,Restaurants,0.014010507880910683,3.5,3.5,93,486
Tucson,Restaurants,0.013793103448275862,3.0,2.5,116,325
Tucson,Restaurants,0.020202020202020204,3.5,2.5,381,325
Tucson,Restaurants,0.017584994138335287,3.5,3.5,381,486
Tucson,Restaurants,0.012484394506866416,2.5,3.5,325,486
Tucson,Restaurants,0.02506265664160401,2.5,2.5,325,84
Tucson,Restaurants,0.01059001512859304,3.5,3.5,486,182
Tucson,Chinese,0.026392961876832845,4.0,4.0,133,217
Tucson,Food,0.011627906976744186,4.0,4.0,446,76
Tucson,Food,0.014010507880910683,4.0,4.0,446,133
Tucson,Food,0.0091324200913242,4.0,4.5,446,217
Tucson,Food,0.02521823472356935,4.0,4.0,446,611
Tucson,Food,0.015873015873015872,4.0,4.0,446,258
Tucson,Food,0.034360189573459717,4.0,3.5,446,427
Tucson,Food,0.019969278033794162,4.0,4.0,446,218
Tucson,Food,0.01948051948051948,4.0,4.0,446,182
Tucson,Food,0.029296875,4.0,4.0,446,608
Tucson,Food,0.01772525849335303,4.0,4.5,446,243
Tucson,Food,0.011272141706924315,4.0,3.5,446,182
Tucson,Food,0.009375,4.5,4.0,35,611
Tucson,Food,0.040498442367601244,4.0,4.0,76,258
Tucson,Food,0.010040160642570281,4.0,3.5,76,427
Tucson,Food,0.011834319526627219,4.0,4.0,76,608
Tucson,Food,0.05747126436781609,4.0,2.0,76,16
Tucson,Food,0.01592356687898089,4.0,4.5,76,243
Tucson,Food,0.009784735812133072,4.5,3.5,89,427
Tucson,Food,0.012658227848101266,4.0,3.5,133,427
Tucson,Food,0.023323615160349854,4.0,4.0,133,218
Tucson,Food,0.016129032258064516,4.0,4.0,133,182
Tucson,Food,0.019417475728155338,4.0,3.5,133,182
Tucson,Food,0.015950920245398775,4.5,4.0,217,611
Tucson,Food,0.03938730853391685,4.5,4.0,217,258
Tucson,Food,0.015772870662460567,4.5,3.5,217,427
Tucson,Food,0.0390625,4.5,4.0,217,182
Tucson,Food,0.01858736059479554,4.5,3.0,217,57
Tucson,Food,0.0273972602739726,4.5,4.0,217,608
Tucson,Food,0.01875732708089097,4.0,4.0,611,258
Tucson,Food,0.006622516556291391,4.0,3.5,611,149
Tucson,Food,0.018645731108930325,4.0,3.5,611,427
Tucson,Food,0.008902077151335312,4.0,4.0,611,69
Tucson,Food,0.0078003120124804995,4.0,3.0,611,35
Tucson,Food,0.00851581508515815,4.0,4.0,611,218
Tucson,Food,0.0374468085106383,4.0,4.0,611,608
Tucson,Food,0.00778816199376947,4.0,3.5,611,36
Tucson,Food,0.010309278350515464,4.0,4.5,611,173
Tucson,Food,0.009389671361502348,4.0,4.5,611,34
Tucson,Food,0.013910355486862442,4.0,3.0,611,45
Tucson,Food,0.010650887573964497,4.0,4.5,611,243
Tucson,Food,0.01019108280254777,4.0,3.5,611,182
Tucson,Food,0.010144927536231883,4.0,2.0,611,86
Tucson,Food,0.03787878787878788,4.0,3.5,258,427
Tucson,Food,0.018691588785046728,4.0,4.0,258,69
Tucson,Food,0.018518518518518517,4.0,4.0,258,182
Tucson,Food,0.01639344262295082,4.0,3.0,258,52
Tucson,Food,0.03464755077658303,4.0,4.0,258,608
Tucson,Food,0.020833333333333332,4.0,3.5,258,36
Tucson,Food,0.011737089201877934,4.0,4.5,258,173
Tucson,Food,0.018050541516245487,4.0,3.0,258,24
Tucson,Food,0.01858736059479554,4.0,2.0,258,16
Tucson,Food,0.02711864406779661,4.0,3.0,258,45
Tucson,Food,0.03512396694214876,4.0,4.5,258,243
Tucson,Food,0.015873015873015872,4.0,3.0,258,62
Tucson,Food,0.010680907877169559,3.5,4.0,149,608
Tucson,Food,0.014314928425357873,3.5,4.0,427,69
Tucson,Food,0.015748031496062992,3.5,4.0,427,218
Tucson,Food,0.015,3.5,4.0,427,182
Tucson,Food,0.0391566265060241,3.5,4.0,427,608
Tucson,Food,0.011741682974559686,3.5,3.5,427,90
Tucson,Food,0.008403361344537815,3.5,4.5,427,173
Tucson,Food,0.012084592145015106,3.5,4.5,427,243
Tucson,Food,0.011627906976744186,3.5,3.5,427,182
Tucson,Food,0.014522821576763486,3.5,3.0,427,62
Tucson,Food,0.00984251968503937,3.5,2.0,427,86
Tucson,Food,0.01347305389221557,4.0,4.0,69,608
Tucson,Food,0.007374631268436578,3.5,4.0,75,608
Tucson,Food,0.041666666666666664,4.0,4.0,218,182
Tucson,Food,0.019753086419753086,4.0,4.0,218,608
Tucson,Food,0.013186813186813187,4.0,4.5,218,243
Tucson,Food,0.04712041884816754,4.0,3.5,218,182
Tucson,Food,0.015424164524421594,4.0,4.0,182,608
Tucson,Food,0.037037037037037035,4.0,3.5,182,182
Tucson,Food,0.012618296529968454,4.5,4.0,34,608
Tucson,Food,0.009174311926605505,3.0,4.0,52,608
Tucson,Food,0.01297016861219196,4.0,4.5,608,173
Tucson,Food,0.007183908045977011,4.0,4.0,608,93
Tucson,Food,0.014302741358760428,4.0,4.5,608,243
Tucson,Food,0.01282051282051282,4.0,3.5,608,182
Tucson,Food,0.00725689404934688,4.0,2.0,608,86
Tucson,Food,0.01524390243902439,3.5,4.5,90,243
Tucson,Food,0.016181229773462782,4.5,4.5,71,243
Tucson,Food,0.0196078431372549,4.5,4.5,173,243
Tucson,Ice Cream & Frozen Yogurt,0.0196078431372549,4.5,4.5,173,243
Tucson,Juice Bars & Smoothies,0.041666666666666664,4.0,4.0,218,182
Tucson,Juice Bars & Smoothies,0.04712041884816754,4.0,3.5,218,182
Tucson,Juice Bars & Smoothies,0.037037037037037035,4.0,3.5,182,182
Tucson,Hotels & Travel,0.0106951871657754,3.0,4.5,298,269
Tucson,Bars,0.013677811550151976,3.5,4.0,56,611
Tucson,Bars,0.00911854103343465,3.5,4.0,56,608
Tucson,Bars,0.02434782608695652,4.0,4.5,446,143
Tucson,Bars,0.025518341307814992,4.0,4.5,446,2126
Tucson,Bars,0.02521823472356935,4.0,4.0,446,611
Tucson,Bars,0.011472275334608031,4.0,3.5,446,83
Tucson,Bars,0.029296875,4.0,4.0,446,608
Tucson,Bars,0.012024048096192385,4.0,4.0,446,59
Tucson,Bars,0.022894521668029435,4.0,4.5,446,805
Tucson,Bars,0.011811023622047244,4.0,2.5,446,325
Tucson,Bars,0.02305159165751921,4.0,3.5,446,486
Tucson,Bars,0.009375,4.5,4.0,35,611
Tucson,Bars,0.018402154398563735,4.5,4.5,143,2126
Tucson,Bars,0.03287671232876712,4.5,4.0,143,611
Tucson,Bars,0.029069767441860465,4.5,4.5,143,34
Tucson,Bars,0.04888268156424581,4.5,4.0,143,608
Tucson,Bars,0.06976744186046512,4.5,4.5,143,41
Tucson,Bars,0.030612244897959183,4.5,4.0,143,59
Tucson,Bars,0.025974025974025976,4.5,4.5,143,805
Tucson,Bars,0.05008347245409015,4.5,3.5,143,486
Tucson,Bars,0.030864197530864196,4.5,3.5,143,24
Tucson,Bars,0.004043126684636119,4.5,3.5,2126,109
Tucson,Bars,0.0189873417721519,4.5,4.0,2126,611
Tucson,Bars,0.0027235587834770767,4.5,3.5,2126,83
Tucson,Bars,0.0030864197530864196,4.5,3.5,2126,149
Tucson,Bars,0.002785515320334262,4.5,4.5,2126,34
Tucson,Bars,0.03325774754346183,4.5,4.0,2126,608
Tucson,Bars,0.0037054191755442334,4.5,4.5,2126,41
Tucson,Bars,0.006448641179180101,4.5,4.0,2126,59
Tucson,Bars,0.03862508858965273,4.5,4.5,2126,805
Tucson,Bars,0.0128099173553719,4.5,2.5,2126,325
Tucson,Bars,0.027941755214482486,4.5,3.5,2126,486
Tucson,Bars,0.002798507462686567,4.5,3.5,2126,24
Tucson,Bars,0.0022655188038060714,4.5,2.0,2126,86
Tucson,Bars,0.022091310751104567,4.0,3.5,611,83
Tucson,Bars,0.006622516556291391,4.0,3.5,611,149
Tucson,Bars,0.0374468085106383,4.0,4.0,611,608
Tucson,Bars,0.010852713178294573,4.0,4.5,611,41
Tucson,Bars,0.012084592145015106,4.0,4.0,611,59
Tucson,Bars,0.02386117136659436,4.0,4.5,611,805
Tucson,Bars,0.014084507042253521,4.0,2.5,611,325
Tucson,Bars,0.025233644859813085,4.0,3.5,611,486
Tucson,Bars,0.011146496815286623,4.0,3.5,611,24
Tucson,Bars,0.010144927536231883,4.0,2.0,611,86
Tucson,Bars,0.014684287812041116,3.5,4.0,83,608
Tucson,Bars,0.010657193605683837,3.5,3.5,83,486
Tucson,Bars,0.010680907877169559,3.5,4.0,149,608
Tucson,Bars,0.007936507936507936,3.5,3.5,149,486
Tucson,Bars,0.012618296529968454,4.5,4.0,34,608
Tucson,Bars,0.005995203836930456,4.5,4.5,34,805
Tucson,Bars,0.01564945226917058,4.0,4.5,608,41
Tucson,Bars,0.009077155824508321,4.0,4.0,608,59
Tucson,Bars,0.02988338192419825,4.0,4.5,608,805
Tucson,Bars,0.017448200654307525,4.0,2.5,608,325
Tucson,Bars,0.04990403071017274,4.0,3.5,608,486
Tucson,Bars,0.0112,4.0,3.5,608,24
Tucson,Bars,0.00725689404934688,4.0,2.0,608,86
Tucson,Bars,0.00954653937947494,4.5,4.5,41,805
Tucson,Bars,0.015414258188824663,4.5,3.5,41,486
Tucson,Bars,0.005820721769499418,4.0,4.5,59,805
Tucson,Bars,0.01073345259391771,4.5,2.5,805,325
Tucson,Bars,0.0328,4.5,3.5,805,486
Tucson,Bars,0.0056433408577878106,4.5,2.0,805,86
Tucson,Bars,0.012484394506866416,2.5,3.5,325,486
Tucson,Nightlife,0.013677811550151976,3.5,4.0,56,611
Tucson,Nightlife,0.00911854103343465,3.5,4.0,56,608
Tucson,Nightlife,0.02434782608695652,4.0,4.5,446,143
Tucson,Nightlife,0.025518341307814992,4.0,4.5,446,2126
Tucson,Nightlife,0.02521823472356935,4.0,4.0,446,611
Tucson,Nightlife,0.011472275334608031,4.0,3.5,446,83
Tucson,Nightlife,0.029296875,4.0,4.0,446,608
Tucson,Nightlife,0.012024048096192385,4.0,4.0,446,59
Tucson,Nightlife,0.022894521668029435,4.0,4.5,446,805
Tucson,Nightlife,0.011811023622047244,4.0,2.5,446,325
Tucson,Nightlife,0.02305159165751921,4.0,3.5,446,486
Tucson,Nightlife,0.009375,4.5,4.0,35,611
Tucson,Nightlife,0.018402154398563735,4.5,4.5,143,2126
Tucson,Nightlife,0.03287671232876712,4.5,4.0,143,611
Tucson,Nightlife,0.029069767441860465,4.5,4.5,143,34
Tucson,Nightlife,0.04888268156424581,4.5,4.0,143,608
Tucson,Nightlife,0.06976744186046512,4.5,4.5,143,41
Tucson,Nightlife,0.030612244897959183,4.5,4.0,143,59
Tucson,Nightlife,0.025974025974025976,4.5,4.5,143,805
Tucson,Nightlife,0.05008347245409015,4.5,3.5,143,486
Tucson,Nightlife,0.030864197530864196,4.5,3.5,143,24
Tucson,Nightlife,0.002805049088359046,4.5,4.5,19,2126
Tucson,Nightlife,0.012924071082390954,4.5,4.0,19,608
Tucson,Nightlife,0.004043126684636119,4.5,3.5,2126,109
Tucson,Nightlife,0.0189873417721519,4.5,4.0,2126,611
Tucson,Nightlife,0.0027235587834770767,4.5,3.5,2126,83
Tucson,Nightlife,0.0030864197530864196,4.5,3.5,2126,149
Tucson,Nightlife,0.002785515320334262,4.5,4.5,2126,34
Tucson,Nightlife,0.03325774754346183,4.5,4.0,2126,608
Tucson,Nightlife,0.0037054191755442334,4.5,4.5,2126,41
Tucson,Nightlife,0.006448641179180101,4.5,4.0,2126,59
Tucson,Nightlife,0.03862508858965273,4.5,4.5,2126,805
Tucson,Nightlife,0.0128099173553719,4.5,2.5,2126,325
Tucson,Nightlife,0.027941755214482486,4.5,3.5,2126,486
Tucson,Nightlife,0.002798507462686567,4.5,3.5,2126,24
Tucson,Nightlife,0.0022655188038060714,4.5,2.0,2126,86
Tucson,Nightlife,0.022091310751104567,4.0,3.5,611,83
Tucson,Nightlife,0.006622516556291391,4.0,3.5,611,149
Tucson,Nightlife,0.0374468085106383,4.0,4.0,611,608
Tucson,Nightlife,0.010852713178294573,4.0,4.5,611,41
Tucson,Nightlife,0.012084592145015106,4.0,4.0,611,59
Tucson,Nightlife,0.02386117136659436,4.0,4.5,611,805
Tucson,Nightlife,0.014084507042253521,4.0,2.5,611,325
Tucson,Nightlife,0.025233644859813085,4.0,3.5,611,486
Tucson,Nightlife,0.011146496815286623,4.0,3.5,611,24
Tucson,Nightlife,0.010144927536231883,4.0,2.0,611,86
Tucson,Nightlife,0.014684287812041116,3.5,4.0,83,608
Tucson,Nightlife,0.010657193605683837,3.5,3.5,83,486
Tucson,Nightlife,0.010680907877169559,3.5,4.0,149,608
Tucson,Nightlife,0.007936507936507936,3.5,3.5,149,486
Tucson,Nightlife,0.012618296529968454,4.5,4.0,34,608
Tucson,Nightlife,0.005995203836930456,4.5,4.5,34,805
Tucson,Nightlife,0.01564945226917058,4.0,4.5,608,41
Tucson,Nightlife,0.009077155824508321,4.0,4.0,608,59
Tucson,Nightlife,0.02988338192419825,4.0,4.5,608,805
Tucson,Nightlife,0.017448200654307525,4.0,2.5,608,325
Tucson,Nightlife,0.04990403071017274,4.0,3.5,608,486
Tucson,Nightlife,0.0112,4.0,3.5,608,24
Tucson,Nightlife,0.00725689404934688,4.0,2.0,608,86
Tucson,Nightlife,0.00954653937947494,4.5,4.5,41,805
Tucson,Nightlife,0.015414258188824663,4.5,3.5,41,486
Tucson,Nightlife,0.005820721769499418,4.0,4.5,59,805
Tucson,Nightlife,0.01073345259391771,4.5,2.5,805,325
Tucson,Nightlife,0.0328,4.5,3.5,805,486
Tucson,Nightlife,0.0056433408577878106,4.5,2.0,805,86
Tucson,Nightlife,0.012484394506866416,2.5,3.5,325,486
Tucson,Sports Bars,0.013677811550151976,3.5,4.0,56,611
Tucson,Sports Bars,0.022091310751104567,4.0,3.5,611,83
Tucson,Sports Bars,0.006622516556291391,4.0,3.5,611,149
Tucson,Event Planning & Services,0.008771929824561403,4.5,3.5,89,486
Tucson,Cocktail Bars,0.02434782608695652,4.0,4.5,446,143
Tucson,Cocktail Bars,0.025518341307814992,4.0,4.5,446,2126
Tucson,Cocktail Bars,0.018402154398563735,4.5,4.5,143,2126
Tucson,Salad,0.034360189573459717,4.0,3.5,446,427
Tucson,Salad,0.012121212121212121,4.0,3.5,446,55
Tucson,Salad,0.029296875,4.0,4.0,446,608
Tucson,Salad,0.014736842105263158,3.5,3.5,427,55
Tucson,Salad,0.0391566265060241,3.5,4.0,427,608
Tucson,Salad,0.0091324200913242,3.5,4.0,55,608
Tucson,Sandwiches,0.009111617312072893,4.5,4.5,89,2126
Tucson,Sandwiches,0.009784735812133072,4.5,3.5,89,427
Tucson,Sandwiches,0.002321262766945218,4.0,4.5,33,2126
Tucson,Sandwiches,0.024067388688327317,4.5,3.5,2126,427
Tucson,Sandwiches,0.010824313072439634,4.5,3.5,2126,302
Tucson,Sandwiches,0.006024096385542169,4.5,4.5,2126,45
Tucson,Sandwiches,0.03325774754346183,4.5,4.0,2126,608
Tucson,Sandwiches,0.01928374655647383,4.5,3.5,2126,464
Tucson,Sandwiches,0.0023148148148148147,4.5,3.5,2126,39
Tucson,Sandwiches,0.0037054191755442334,4.5,3.5,2126,41
Tucson,Sandwiches,0.016736401673640166,3.5,3.5,427,302
Tucson,Sandwiches,0.0391566265060241,3.5,4.0,427,608
Tucson,Sandwiches,0.020618556701030927,3.5,3.5,427,464
Tucson,Sandwiches,0.02247191011235955,3.5,4.0,302,608
Tucson,Sandwiches,0.02956989247311828,3.5,3.5,302,464
Tucson,Sandwiches,0.022900763358778626,4.0,3.5,608,464
Tucson,Sandwiches,0.0140625,4.0,3.5,608,41
Tucson,Active Life,0.051643192488262914,4.5,4.5,179,269
Tucson,Active Life,0.015151515151515152,4.5,4.5,269,66
Tucson,Parks,0.051643192488262914,4.5,4.5,179,269
Tucson,Mexican,0.011627906976744186,4.0,3.0,397,125
Tucson,Mexican,0.02044989775051125,4.0,4.5,397,102
Tucson,Mexican,0.02066590126291619,4.0,4.0,397,492
Tucson,Mexican,0.016973125884016973,4.0,4.5,397,322
Tucson,Mexican,0.016060862214708368,4.0,4.5,397,805
Tucson,Mexican,0.01870748299319728,4.0,4.0,397,202
Tucson,Mexican,0.020809248554913295,4.0,3.5,397,486
Tucson,Mexican,0.014466546112115732,4.0,4.0,69,492
Tucson,Mexican,0.015584415584415584,4.0,4.5,69,322
Tucson,Mexican,0.008073817762399077,4.0,4.5,69,805
Tucson,Mexican,0.00909090909090909,4.0,3.5,69,486
Tucson,Mexican,0.013136288998357963,3.0,4.0,125,492
Tucson,Mexican,0.011312217194570135,3.0,4.5,125,322
Tucson,Mexican,0.005405405405405406,3.0,4.5,125,805
Tucson,Mexican,0.015527950310559006,3.0,4.0,125,202
Tucson,Mexican,0.0211864406779661,3.0,3.0,125,116
Tucson,Mexican,0.009917355371900827,3.0,3.5,125,486
Tucson,Mexican,0.008898776418242492,4.5,4.5,102,805
Tucson,Mexican,0.016722408026755852,4.5,4.0,102,202
Tucson,Mexican,0.013793103448275862,4.5,3.5,102,486
Tucson,Mexican,0.010230179028132993,3.0,4.0,298,492
Tucson,Mexican,0.0054694621695533276,3.0,4.5,298,805
Tucson,Mexican,0.012224938875305624,3.0,3.0,298,116
Tucson,Mexican,0.009009009009009009,3.0,3.5,298,486
Tucson,Mexican,0.02132998745294856,4.0,4.5,492,322
Tucson,Mexican,0.029365079365079365,4.0,4.5,492,805
Tucson,Mexican,0.00872093023255814,4.0,4.0,492,202
Tucson,Mexican,0.010221465076660987,4.0,4.0,492,101
Tucson,Mexican,0.013333333333333334,4.0,3.0,492,116
Tucson,Mexican,0.016632016632016633,4.0,3.5,492,486
Tucson,Mexican,0.009708737864077669,3.5,3.5,34,486
Tucson,Mexican,0.018066847335140017,4.5,4.5,322,805
Tucson,Mexican,0.009633911368015413,4.5,4.0,322,202
Tucson,Mexican,0.017632241813602016,4.5,3.5,322,486
Tucson,Mexican,0.006666666666666667,4.5,4.0,805,101
Tucson,Mexican,0.0328,4.5,3.5,805,486
Tucson,Mexican,0.013254786450662739,4.0,3.5,202,486
Tucson,Desserts,0.01858736059479554,4.5,3.0,217,57
Tucson,Desserts,0.016181229773462782,4.5,4.5,71,243
Tucson,Arts & Entertainment,0.025,4.0,4.5,40,165
Tucson,Arts & Entertainment,0.03424657534246575,4.0,4.0,61,90
Tucson,Arts & Entertainment,0.03669724770642202,4.0,4.5,61,165
Tucson,Arts & Entertainment,0.01837270341207349,4.0,3.0,90,298
Tucson,Arts & Entertainment,0.017582417582417582,4.5,3.0,165,298
Tucson,Arts & Entertainment,0.014450867052023121,3.0,4.5,298,53
Tucson,Breweries,0.009375,4.5,4.0,35,611
Tucson,Breweries,0.009389671361502348,4.0,4.5,611,34
Tucson,Pubs,0.009375,4.5,4.0,35,611
Tucson,Pubs,0.03287671232876712,4.5,4.0,143,611
Tucson,Pubs,0.029069767441860465,4.5,4.5,143,34
Tucson,Shaved Ice,0.041666666666666664,4.0,4.0,218,182
Tucson,Grocery,0.040498442367601244,4.0,4.0,76,258
Tucson,Grocery,0.011834319526627219,4.0,4.0,76,608
Tucson,Grocery,0.03464755077658303,4.0,4.0,258,608
Tucson,Grocery,0.020833333333333332,4.0,3.5,258,36
Tucson,Fast Food,0.018134715025906734,2.5,4.5,71,322
Tucson,American (Traditional),0.010622154779969651,4.0,3.5,611,55
Tucson,American (Traditional),0.0374468085106383,4.0,4.0,611,608
Tucson,American (Traditional),0.006868131868131868,4.0,3.5,611,122
Tucson,American (Traditional),0.014084507042253521,4.0,2.5,611,325
Tucson,American (Traditional),0.008708272859216255,4.0,2.5,611,84
Tucson,American (Traditional),0.0091324200913242,3.5,4.0,55,608
Tucson,American (Traditional),0.01876675603217158,3.5,2.5,55,325
Tucson,American (Traditional),0.015299026425591099,4.0,3.5,608,122
Tucson,American (Traditional),0.017448200654307525,4.0,2.5,608,325
Tucson,American (Traditional),0.015909090909090907,3.5,2.5,122,325
Tucson,American (Traditional),0.02506265664160401,2.5,2.5,325,84
Tucson,Breakfast & Brunch,0.002321262766945218,4.0,4.5,33,2126
Tucson,Breakfast & Brunch,0.002321262766945218,4.5,3.0,2126,33
Tucson,Breakfast & Brunch,0.024067388688327317,4.5,3.5,2126,427
Tucson,Breakfast & Brunch,0.023055881203595155,4.5,4.0,2126,492
Tucson,Breakfast & Brunch,0.003219871205151794,4.5,3.5,2126,55
Tucson,Breakfast & Brunch,0.03325774754346183,4.5,4.0,2126,608
Tucson,Breakfast & Brunch,0.0031890660592255125,4.5,4.0,2126,76
Tucson,Breakfast & Brunch,0.0036231884057971015,4.5,3.5,2126,90
Tucson,Breakfast & Brunch,0.00228310502283105,4.5,2.0,2126,69
Tucson,Breakfast & Brunch,0.004963898916967509,4.5,4.0,2126,101
Tucson,Breakfast & Brunch,0.026815642458100558,3.5,4.0,427,492
Tucson,Breakfast & Brunch,0.014736842105263158,3.5,3.5,427,55
Tucson,Breakfast & Brunch,0.0391566265060241,3.5,4.0,427,608
Tucson,Breakfast & Brunch,0.011741682974559686,3.5,3.5,427,90
Tucson,Breakfast & Brunch,0.02516309412861137,4.0,4.0,492,608
Tucson,Breakfast & Brunch,0.010221465076660987,4.0,4.0,492,101
Tucson,Breakfast & Brunch,0.0091324200913242,3.5,4.0,55,608
Tucson,Breakfast & Brunch,0.007102272727272727,4.0,4.0,608,101
Tucson,American (New),0.009111617312072893,4.5,4.5,89,2126
Tucson,American (New),0.0030864197530864196,4.5,3.5,2126,149
Tucson,American (New),0.00228310502283105,4.5,4.0,2126,69
Tucson,American (New),0.03325774754346183,4.5,4.0,2126,608
Tucson,American (New),0.01928374655647383,4.5,3.5,2126,464
Tucson,American (New),0.009095043201455207,4.5,3.5,2126,93
Tucson,American (New),0.0036330608537693005,4.5,2.5,2126,84
Tucson,American (New),0.010680907877169559,3.5,4.0,149,608
Tucson,American (New),0.01347305389221557,4.0,4.0,69,608
Tucson,American (New),0.022900763358778626,4.0,3.5,608,464
Tucson,American (New),0.011544011544011544,4.0,3.5,608,93
Tucson,American (New),0.009057971014492754,3.5,3.5,464,93
Tucson,American (New),0.009208103130755065,3.5,2.5,464,84
Tucson,Burgers,0.02247191011235955,3.5,4.0,302,608
Tucson,Burgers,0.014354066985645933,3.5,3.5,302,122
Tucson,Burgers,0.015299026425591099,4.0,3.5,608,122
Tucson,Bakeries,0.009784735812133072,4.5,3.5,89,427
Tucson,Bakeries,0.03787878787878788,4.0,3.5,258,427
Tucson,Coffee & Tea,0.023323615160349854,4.0,4.0,133,218
Tucson,Coffee & Tea,0.016129032258064516,4.0,4.0,133,182
Tucson,Coffee & Tea,0.019417475728155338,4.0,3.5,133,182
Tucson,Coffee & Tea,0.0390625,4.5,4.0,217,182
Tucson,Coffee & Tea,0.041666666666666664,4.0,4.0,218,182
Tucson,Coffee & Tea,0.013186813186813187,4.0,4.5,218,243
Tucson,Coffee & Tea,0.04712041884816754,4.0,3.5,218,182
Tucson,Coffee & Tea,0.037037037037037035,4.0,3.5,182,182
Tucson,Local Flavor,0.02875399361022364,4.5,4.5,53,269
Tucson,Local Flavor,0.05,4.5,3.0,53,52
Tucson,Local Flavor,0.01225114854517611,4.5,4.0,53,608
Tucson,Local Flavor,0.025559105431309903,4.5,3.0,269,52
Tucson,Local Flavor,0.02453271028037383,4.5,4.0,269,608
Tucson,Local Flavor,0.009174311926605505,3.0,4.0,52,608
Tucson,Local Flavor,0.00725689404934688,4.0,2.0,608,86
Tucson,Wine Bars,0.06976744186046512,4.5,4.5,143,41
Tucson,Mediterranean,0.009596928982725527,3.5,3.0,464,62
Tucson,Vegetarian,0.010452961672473868,3.5,3.5,116,464
Tucson,Bubble Tea,0.023323615160349854,4.0,4.0,133,218
Tucson,Bubble Tea,0.016129032258064516,4.0,4.0,133,182
Tucson,Bubble Tea,0.019417475728155338,4.0,3.5,133,182
Tucson,Bubble Tea,0.041666666666666664,4.0,4.0,218,182
Tucson,Bubble Tea,0.04712041884816754,4.0,3.5,218,182
Tucson,Bubble Tea,0.037037037037037035,4.0,3.5,182,182
Tucson,Taiwanese,0.026392961876832845,4.0,4.0,133,217
Tucson,Taiwanese,0.019417475728155338,4.0,3.5,133,182
Tucson,Taiwanese,0.0390625,4.0,3.5,217,182
Tucson,Shopping Centers,0.049019607843137254,4.5,4.0,19,88
Tucson,Shopping Centers,0.09836065573770492,2.5,4.0,46,88
Tucson,Cinema,0.03424657534246575,4.0,4.0,61,90
Tucson,Hot Dogs,0.02132998745294856,4.0,4.5,492,322
Tucson,Steakhouses,0.01487603305785124,4.0,3.5,492,122
Tucson,Steakhouses,0.01616915422885572,4.0,2.5,492,325
Tucson,Steakhouses,0.015909090909090907,3.5,2.5,122,325
Tampa,Food,0.009248554913294798,4.0,4.0,548,325
Tampa,Food,0.011345218800648298,4.0,4.0,548,76
Tampa,Food,0.0077279752704791345,4.0,4.5,548,104
Tampa,Food,0.00683371298405467,4.0,4.0,548,336
Tampa,Food,0.01391304347826087,4.0,3.5,548,35
Tampa,Food,0.010250569476082005,4.0,4.5,548,339
Tampa,Food,0.007776049766718507,4.0,3.5,548,100
Tampa,Food,0.01486988847583643,4.0,3.5,548,544
Tampa,Food,0.012295081967213115,4.0,4.5,548,193
Tampa,Food,0.01455026455026455,4.0,4.5,548,219
Tampa,Food,0.03067484662576687,4.0,4.0,548,459
Tampa,Food,0.011857707509881422,4.0,4.0,548,476
Tampa,Food,0.00744047619047619,4.0,4.5,548,129
Tampa,Food,0.015151515151515152,4.0,4.0,548,122
Tampa,Food,0.016778523489932886,4.0,4.5,548,58
Tampa,Food,0.007886435331230283,4.0,4.0,548,91
Tampa,Food,0.05581395348837209,4.0,4.0,548,360
Tampa,Food,0.022443890274314215,4.0,4.0,548,1092
Tampa,Food,0.00967741935483871,4.0,4.0,548,78
Tampa,Food,0.011510791366906475,4.0,4.0,548,155
Tampa,Food,0.045871559633027525,3.0,4.0,56,58
Tampa,Food,0.013333333333333334,3.0,4.0,56,476
Tampa,Food,0.0328125,4.0,4.0,325,336
Tampa,Food,0.017204301075268817,4.0,4.0,325,148
Tampa,Food,0.02288329519450801,4.0,3.5,325,122
Tampa,Food,0.012919896640826873,4.0,4.5,325,67
Tampa,Food,0.0106544901065449,4.0,4.5,325,339
Tampa,Food,0.02235294117647059,4.0,3.5,325,544
Tampa,Food,0.028833551769331587,4.0,4.0,325,459
Tampa,Food,0.046189376443418015,4.0,4.0,325,128
Tampa,Food,0.024830699774266364,4.0,4.5,325,129
Tampa,Food,0.021333333333333333,4.0,4.5,325,58
Tampa,Food,0.013313609467455622,4.0,4.0,325,360
Tampa,Food,0.015770609318996417,4.0,4.0,325,1092
Tampa,Food,0.02617801047120419,5.0,4.5,88,108
Tampa,Food,0.007974481658692184,5.0,3.5,88,544
Tampa,Food,0.05,5.0,4.0,88,17
Tampa,Food,0.013574660633484163,5.0,4.0,88,360
Tampa,Food,0.00425531914893617,5.0,4.0,88,1092
Tampa,Food,0.014705882352941176,4.0,4.0,76,476
Tampa,Food,0.025906735751295335,4.0,4.0,76,122
Tampa,Food,0.012131715771230503,4.0,4.0,76,1092
Tampa,Food,0.026737967914438502,3.5,4.0,70,122
Tampa,Food,0.0136986301369863,4.0,4.5,336,108
Tampa,Food,0.018947368421052633,4.0,4.0,336,148
Tampa,Food,0.017777777777777778,4.0,3.5,336,122
Tampa,Food,0.01256281407035176,4.0,4.5,336,67
Tampa,Food,0.01809954751131222,4.0,4.5,336,339
Tampa,Food,0.023255813953488372,4.0,3.5,336,544
Tampa,Food,0.016602809706257982,4.0,4.0,336,459
Tampa,Food,0.01978021978021978,4.0,4.0,336,128
Tampa,Food,0.009950248756218905,4.0,4.0,336,476
Tampa,Food,0.02197802197802198,4.0,4.5,336,129
Tampa,Food,0.013100436681222707,4.0,4.0,336,360
Tampa,Food,0.01781895937277263,4.0,4.0,336,1092
Tampa,Food,0.014705882352941176,4.0,4.0,336,78
Tampa,Food,0.016563146997929608,4.0,4.0,336,155
Tampa,Food,0.008116883116883116,5.0,3.5,77,544
Tampa,Food,0.006024096385542169,5.0,4.0,77,1092
Tampa,Food,0.011312217194570135,4.5,4.5,108,339
Tampa,Food,0.0077279752704791345,4.5,3.5,108,544
Tampa,Food,0.008880994671403197,4.5,4.0,108,459
Tampa,Food,0.036458333333333336,4.5,4.0,108,91
Tampa,Food,0.017391304347826087,4.5,4.0,108,360
Tampa,Food,0.006711409395973154,4.5,4.0,108,1092
Tampa,Food,0.03137254901960784,4.5,4.0,108,155
Tampa,Food,0.028708133971291867,4.0,4.5,148,67
Tampa,Food,0.02064896755162242,4.0,3.5,148,544
Tampa,Food,0.013812154696132596,4.0,4.5,148,219
Tampa,Food,0.030508474576271188,4.0,4.0,148,459
Tampa,Food,0.008077544426494346,4.0,4.0,148,476
Tampa,Food,0.018036072144288578,4.0,4.0,148,360
Tampa,Food,0.007311129163281885,4.0,4.0,148,1092
Tampa,Food,0.02262443438914027,4.0,4.0,148,78
Tampa,Food,0.013186813186813187,3.5,4.5,122,339
Tampa,Food,0.0121580547112462,3.5,3.5,122,544
Tampa,Food,0.02459016393442623,3.5,4.0,122,128
Tampa,Food,0.006633499170812604,3.5,4.0,122,1092
Tampa,Food,0.041666666666666664,4.5,4.0,34,91
Tampa,Food,0.0044603033006244425,4.5,4.0,34,1092
Tampa,Food,0.009578544061302681,4.5,4.0,67,459
Tampa,Food,0.011848341232227487,4.5,4.0,67,360
Tampa,Food,0.004332755632582322,4.5,4.0,67,1092
Tampa,Food,0.03571428571428571,4.5,4.0,67,78
Tampa,Food,0.015345268542199489,4.5,4.0,339,58
Tampa,Food,0.013856812933025405,4.5,3.5,339,100
Tampa,Food,0.01611047180667434,4.5,3.5,339,544
Tampa,Food,0.025048169556840076,4.5,4.5,339,193
Tampa,Food,0.012704174228675136,4.5,4.5,339,219
Tampa,Food,0.007566204287515763,4.5,4.0,339,459
Tampa,Food,0.014943960149439602,4.5,4.0,339,476
Tampa,Food,0.0196078431372549,4.5,4.5,339,129
Tampa,Food,0.013186813186813187,4.5,4.0,339,122
Tampa,Food,0.017467248908296942,4.5,4.0,339,360
Tampa,Food,0.012738853503184714,4.5,4.0,339,1092
Tampa,Food,0.019559902200488997,4.5,4.0,339,78
Tampa,Food,0.018556701030927835,4.5,4.0,339,155
Tampa,Food,0.019083969465648856,4.0,4.0,58,476
Tampa,Food,0.0070052539404553416,4.0,4.0,58,1092
Tampa,Food,0.01098901098901099,3.5,3.5,100,544
Tampa,Food,0.01592356687898089,3.5,4.5,100,219
Tampa,Food,0.012658227848101266,3.5,4.0,100,459
Tampa,Food,0.012302284710017574,3.5,4.0,100,476
Tampa,Food,0.02304147465437788,3.5,4.0,100,122
Tampa,Food,0.017699115044247787,3.5,4.0,100,360
Tampa,Food,0.008460236886632826,3.5,4.0,100,1092
Tampa,Food,0.010973936899862825,3.5,4.5,544,193
Tampa,Food,0.010596026490066225,3.5,4.5,544,219
Tampa,Food,0.02240325865580448,3.5,4.0,544,459
Tampa,Food,0.008183306055646482,3.5,4.0,544,72
Tampa,Food,0.013574660633484163,3.5,4.0,544,128
Tampa,Food,0.013916500994035786,3.5,4.0,544,476
Tampa,Food,0.015082956259426848,3.5,4.5,544,129
Tampa,Food,0.00909090909090909,3.5,4.0,544,122
Tampa,Food,0.010067114093959731,3.5,4.5,544,58
Tampa,Food,0.011475409836065573,3.5,3.0,544,73
Tampa,Food,0.009538950715421303,3.5,4.0,544,91
Tampa,Food,0.02844141069397042,3.5,4.0,544,360
Tampa,Food,0.03609879670677644,3.5,4.0,544,1092
Tampa,Food,0.011382113821138212,3.5,4.0,544,78
Tampa,Food,0.011577424023154847,3.5,4.0,544,155
Tampa,Food,0.014778325123152709,4.5,4.5,193,219
Tampa,Food,0.007530120481927711,4.5,4.0,193,476
Tampa,Food,0.024074074074074074,4.5,4.0,193,360
Tampa,Food,0.01260835303388495,4.5,4.0,193,1092
Tampa,Food,0.018796992481203006,4.5,4.0,193,78
Tampa,Food,0.014577259475218658,4.5,4.0,193,155
Tampa,Food,0.005208333333333333,3.5,4.0,66,1092
Tampa,Food,0.017991004497751123,4.5,4.0,219,459
Tampa,Food,0.011644832605531296,4.5,4.0,219,476
Tampa,Food,0.02456140350877193,4.5,3.0,219,73
Tampa,Food,0.01757469244288225,4.5,4.0,219,360
Tampa,Food,0.010015408320493066,4.5,4.0,219,1092
Tampa,Food,0.024657534246575342,4.5,4.0,219,155
Tampa,Food,0.012987012987012988,4.0,4.0,459,476
Tampa,Food,0.01217391304347826,4.0,4.0,459,122
Tampa,Food,0.0136986301369863,4.0,4.5,459,58
Tampa,Food,0.00946969696969697,4.0,3.0,459,73
Tampa,Food,0.028858218318695106,4.0,4.0,459,360
Tampa,Food,0.021052631578947368,4.0,4.0,459,1092
Tampa,Food,0.013182674199623353,4.0,4.0,459,78
Tampa,Food,0.01485148514851485,4.0,4.0,459,155
Tampa,Food,0.04854368932038835,4.0,3.5,72,36
Tampa,Food,0.012939001848428836,4.0,4.0,72,476
Tampa,Food,0.07407407407407407,4.0,3.0,72,73
Tampa,Food,0.05844155844155844,4.0,4.0,72,91
Tampa,Food,0.0051813471502590676,4.0,4.0,72,1092
Tampa,Food,0.039473684210526314,3.5,4.0,36,122
Tampa,Food,0.07627118644067797,3.5,4.0,36,91
Tampa,Food,0.03546099290780142,3.0,4.0,24,122
Tampa,Food,0.013289036544850499,4.0,4.0,128,1092
Tampa,Food,0.01001669449081803,4.0,4.5,476,129
Tampa,Food,0.015280135823429542,4.0,4.0,476,122
Tampa,Food,0.0125,4.0,4.0,476,91
Tampa,Food,0.015795868772782502,4.0,4.0,476,360
Tampa,Food,0.01818181818181818,4.0,4.0,476,1092
Tampa,Food,0.012841091492776886,4.0,4.0,476,155
Tampa,Food,0.013623978201634877,4.0,4.0,12,360
Tampa,Food,0.016632016632016633,4.5,4.0,129,360
Tampa,Food,0.0115990057995029,4.5,4.0,129,1092
Tampa,Food,0.0427807486631016,4.0,3.0,122,73
Tampa,Food,0.05970149253731343,4.0,4.0,122,91
Tampa,Food,0.016877637130801686,4.0,4.0,122,360
Tampa,Food,0.009983361064891847,4.0,4.0,122,1092
Tampa,Food,0.02564102564102564,4.0,4.0,122,78
Tampa,Food,0.033582089552238806,4.0,4.0,122,155
Tampa,Food,0.02702702702702703,4.5,4.0,58,360
Tampa,Food,0.0070052539404553416,4.5,4.0,58,1092
Tampa,Food,0.005333333333333333,4.0,4.0,39,1092
Tampa,Food,0.05128205128205128,3.0,4.0,73,91
Tampa,Food,0.01643192488262911,3.0,4.0,73,360
Tampa,Food,0.008658008658008658,3.0,4.0,73,1092
Tampa,Food,0.011210762331838564,4.0,4.0,91,360
Tampa,Food,0.012842465753424657,4.0,4.0,91,1092
Tampa,Food,0.029288702928870293,4.0,4.0,91,155
Tampa,Food,0.050505050505050504,4.0,4.0,91,13
Tampa,Food,0.022535211267605635,4.0,4.0,360,1092
Tampa,Food,0.011547344110854504,4.0,4.0,360,78
Tampa,Food,0.015779092702169626,4.0,4.0,360,155
Tampa,Food,0.0068846815834767644,4.0,4.0,1092,78
Tampa,Food,0.012175324675324676,4.0,4.0,1092,155
Tampa,Food,0.021929824561403508,4.0,4.0,78,155
Tampa,Grocery,0.039473684210526314,3.5,4.0,36,122
Tampa,Grocery,0.07627118644067797,3.5,4.0,36,91
Tampa,Grocery,0.05970149253731343,4.0,4.0,122,91
Tampa,Restaurants,0.0165016501650165,4.0,3.0,23,285
Tampa,Restaurants,0.004456327985739751,4.0,4.0,35,1092
Tampa,Restaurants,0.017054263565891473,4.0,4.0,108,548
Tampa,Restaurants,0.022321428571428572,4.0,4.0,108,121
Tampa,Restaurants,0.028795811518324606,4.0,3.0,108,285
Tampa,Restaurants,0.03153153153153153,4.0,4.0,108,121
Tampa,Restaurants,0.014251781472684086,4.0,4.0,108,319
Tampa,Restaurants,0.0057405281285878304,4.0,3.5,108,768
Tampa,Restaurants,0.03932584269662921,4.0,3.5,108,262
Tampa,Restaurants,0.018789144050104383,4.0,3.5,108,380
Tampa,Restaurants,0.009287925696594427,4.0,3.5,108,544
Tampa,Restaurants,0.02681992337164751,4.0,4.0,108,160
Tampa,Restaurants,0.034482758620689655,4.0,4.0,108,72
Tampa,Restaurants,0.02681992337164751,4.0,4.0,108,160
Tampa,Restaurants,0.008635578583765112,4.0,4.0,108,476
Tampa,Restaurants,0.018970189701897018,4.0,3.5,108,268
Tampa,Restaurants,0.021341463414634148,4.0,4.0,108,227
Tampa,Restaurants,0.014204545454545454,4.0,4.0,108,249
Tampa,Restaurants,0.01066350710900474,4.0,4.0,108,745
Tampa,Restaurants,0.05847953216374269,4.0,3.0,108,73
Tampa,Restaurants,0.02857142857142857,4.0,4.0,108,360
Tampa,Restaurants,0.009251471825063078,4.0,4.0,108,1092
Tampa,Restaurants,0.018691588785046728,3.5,3.0,42,285
Tampa,Restaurants,0.017482517482517484,3.5,4.0,42,249
Tampa,Restaurants,0.0044286979627989375,3.5,4.0,42,1092
Tampa,Restaurants,0.008797653958944282,3.0,4.0,140,548
Tampa,Restaurants,0.0196078431372549,3.0,3.0,140,172
Tampa,Restaurants,0.010416666666666666,3.0,4.5,140,345
Tampa,Restaurants,0.005537098560354375,3.0,3.5,140,768
Tampa,Restaurants,0.017064846416382253,3.0,3.5,140,158
Tampa,Restaurants,0.012145748987854251,3.0,4.0,140,360
Tampa,Restaurants,0.004074979625101874,3.0,4.0,140,1092
Tampa,Restaurants,0.009248554913294798,4.0,4.0,548,325
Tampa,Restaurants,0.027058823529411764,4.0,4.0,548,325
Tampa,Restaurants,0.01527614571092832,4.0,4.0,548,316
Tampa,Restaurants,0.010903426791277258,4.0,4.0,548,101
Tampa,Restaurants,0.010574018126888218,4.0,4.0,548,121
Tampa,Restaurants,0.01871345029239766,4.0,4.0,548,323
Tampa,Restaurants,0.017094017094017096,4.0,3.0,548,285
Tampa,Restaurants,0.012471655328798186,4.0,4.5,548,345
Tampa,Restaurants,0.00904977375565611,4.0,4.0,548,121
Tampa,Restaurants,0.0077279752704791345,4.0,4.5,548,104
Tampa,Restaurants,0.00683371298405467,4.0,4.0,548,336
Tampa,Restaurants,0.009259259259259259,4.0,4.0,548,106
Tampa,Restaurants,0.005654281098546042,4.0,4.5,548,697
Tampa,Restaurants,0.009313154831199068,4.0,4.0,548,319
Tampa,Restaurants,0.009202453987730062,4.0,3.5,548,768
Tampa,Restaurants,0.015037593984962405,4.0,3.5,548,262
Tampa,Restaurants,0.01391304347826087,4.0,3.5,548,35
Tampa,Restaurants,0.013831258644536652,4.0,4.0,548,185
Tampa,Restaurants,0.010250569476082005,4.0,4.5,548,339
Tampa,Restaurants,0.020902090209020903,4.0,3.5,548,380
Tampa,Restaurants,0.011816838995568686,4.0,4.5,548,137
Tampa,Restaurants,0.007776049766718507,4.0,3.5,548,100
Tampa,Restaurants,0.012364760432766615,4.0,3.0,548,107
Tampa,Restaurants,0.01486988847583643,4.0,3.5,548,544
Tampa,Restaurants,0.012295081967213115,4.0,4.5,548,193
Tampa,Restaurants,0.019834710743801654,4.0,4.0,548,69
Tampa,Restaurants,0.008522727272727272,4.0,4.5,548,162
Tampa,Restaurants,0.010852713178294573,4.0,4.0,548,104
Tampa,Restaurants,0.007989347536617843,4.0,2.5,548,209
Tampa,Restaurants,0.024602026049204053,4.0,4.0,548,160
Tampa,Restaurants,0.01455026455026455,4.0,4.5,548,219
Tampa,Restaurants,0.01440922190201729,4.0,4.0,548,156
Tampa,Restaurants,0.008741258741258742,4.0,4.0,548,29
Tampa,Restaurants,0.015781922525107604,4.0,4.0,548,160
Tampa,Restaurants,0.011461318051575931,4.0,3.5,548,158
Tampa,Restaurants,0.011857707509881422,4.0,4.0,548,476
Tampa,Restaurants,0.018726591760299626,4.0,3.5,548,268
Tampa,Restaurants,0.01174934725848564,4.0,4.0,548,227
Tampa,Restaurants,0.008561643835616438,4.0,4.0,548,41
Tampa,Restaurants,0.02664796633941094,4.0,4.0,548,184
Tampa,Restaurants,0.016581632653061226,4.0,4.0,548,249
Tampa,Restaurants,0.014913657770800628,4.0,4.0,548,745
Tampa,Restaurants,0.026397515527950312,4.0,3.5,548,113
Tampa,Restaurants,0.007836990595611285,4.0,4.0,548,95
Tampa,Restaurants,0.017266187050359712,4.0,3.5,548,159
Tampa,Restaurants,0.05581395348837209,4.0,4.0,548,360
Tampa,Restaurants,0.022443890274314215,4.0,4.0,548,1092
Tampa,Restaurants,0.008090614886731391,4.0,4.5,548,75
Tampa,Restaurants,0.021344717182497332,4.0,4.5,548,409
Tampa,Restaurants,0.008726003490401396,4.0,3.5,548,30
Tampa,Restaurants,0.005366726296958855,4.5,4.0,32,1092
Tampa,Restaurants,0.031055900621118012,3.0,4.0,62,104
Tampa,Restaurants,0.01893939393939394,3.0,4.0,62,476
Tampa,Restaurants,0.016339869281045753,3.0,4.0,62,249
Tampa,Restaurants,0.01088646967340591,4.0,4.0,325,325
Tampa,Restaurants,0.0182648401826484,4.0,4.0,325,121
Tampa,Restaurants,0.023696682464454975,4.0,4.0,325,323
Tampa,Restaurants,0.007518796992481203,4.0,4.5,325,345
Tampa,Restaurants,0.0328125,4.0,4.0,325,336
Tampa,Restaurants,0.02288329519450801,4.0,3.5,325,122
Tampa,Restaurants,0.009404388714733543,4.0,4.0,325,319
Tampa,Restaurants,0.012974976830398516,4.0,3.5,325,768
Tampa,Restaurants,0.012919896640826873,4.0,4.5,325,67
Tampa,Restaurants,0.017964071856287425,4.0,4.0,325,185
Tampa,Restaurants,0.01348747591522158,4.0,4.0,325,201
Tampa,Restaurants,0.0106544901065449,4.0,4.5,325,339
Tampa,Restaurants,0.017316017316017316,4.0,3.5,325,380
Tampa,Restaurants,0.02235294117647059,4.0,3.5,325,544
Tampa,Restaurants,0.01037344398340249,4.0,4.5,325,162
Tampa,Restaurants,0.04112554112554113,4.0,4.0,325,156
Tampa,Restaurants,0.046189376443418015,4.0,4.0,325,128
Tampa,Restaurants,0.008503401360544218,4.0,3.5,325,268
Tampa,Restaurants,0.014705882352941176,4.0,4.0,325,227
Tampa,Restaurants,0.028282828282828285,4.0,4.0,325,184
Tampa,Restaurants,0.01592920353982301,4.0,4.0,325,249
Tampa,Restaurants,0.00658513640639699,4.0,4.0,325,745
Tampa,Restaurants,0.013736263736263736,4.0,4.0,325,44
Tampa,Restaurants,0.01680672268907563,4.0,3.5,325,159
Tampa,Restaurants,0.022727272727272728,4.0,4.0,325,125
Tampa,Restaurants,0.013313609467455622,4.0,4.0,325,360
Tampa,Restaurants,0.015770609318996417,4.0,4.0,325,1092
Tampa,Restaurants,0.013227513227513227,4.0,3.5,325,58
Tampa,Restaurants,0.006858710562414266,4.0,4.5,325,409
Tampa,Restaurants,0.009433962264150943,4.0,4.0,59,476
Tampa,Restaurants,0.01263823064770932,4.0,4.0,325,316
Tampa,Restaurants,0.011876484560570071,4.0,4.0,325,101
Tampa,Restaurants,0.014084507042253521,4.0,4.0,325,323
Tampa,Restaurants,0.012084592145015106,4.0,4.5,325,345
Tampa,Restaurants,0.01225114854517611,4.0,4.0,325,336
Tampa,Restaurants,0.006896551724137931,4.0,4.5,325,697
Tampa,Restaurants,0.015799256505576207,4.0,3.5,325,768
Tampa,Restaurants,0.010327022375215147,4.0,3.5,325,262
Tampa,Restaurants,0.009596928982725527,4.0,4.0,325,201
Tampa,Restaurants,0.0106544901065449,4.0,4.5,325,339
Tampa,Restaurants,0.024709302325581394,4.0,3.5,325,380
Tampa,Restaurants,0.013157894736842105,4.0,4.5,325,137
Tampa,Restaurants,0.02235294117647059,4.0,3.5,325,544
Tampa,Restaurants,0.010416666666666666,4.0,4.0,325,160
Tampa,Restaurants,0.01050420168067227,4.0,4.0,325,156
Tampa,Restaurants,0.017152658662092625,4.0,3.5,325,268
Tampa,Restaurants,0.014705882352941176,4.0,4.0,325,227
Tampa,Restaurants,0.015968063872255488,4.0,4.0,325,184
Tampa,Restaurants,0.01592920353982301,4.0,4.0,325,249
Tampa,Restaurants,0.010387157695939566,4.0,4.0,325,745
Tampa,Restaurants,0.013888888888888888,4.0,3.5,325,113
Tampa,Restaurants,0.01680672268907563,4.0,3.5,325,159
Tampa,Restaurants,0.02391629297458894,4.0,4.0,325,360
Tampa,Restaurants,0.012866333095067906,4.0,4.0,325,1092
Tampa,Restaurants,0.008241758241758242,4.0,4.5,325,409
Tampa,Restaurants,0.016129032258064516,4.0,4.5,316,62
Tampa,Restaurants,0.014598540145985401,4.0,4.0,316,101
Tampa,Restaurants,0.02102803738317757,4.0,4.0,316,121
Tampa,Restaurants,0.009478672985781991,4.0,4.0,316,323
Tampa,Restaurants,0.037996545768566495,4.0,3.0,316,285
Tampa,Restaurants,0.01225114854517611,4.0,4.5,316,345
Tampa,Restaurants,0.012853470437017995,4.0,4.0,316,78
Tampa,Restaurants,0.010852713178294573,4.0,4.0,316,336
Tampa,Restaurants,0.024271844660194174,4.0,4.0,316,106
Tampa,Restaurants,0.007960199004975124,4.0,4.5,316,697
Tampa,Restaurants,0.019230769230769232,4.0,4.5,316,108
Tampa,Restaurants,0.01072961373390558,4.0,3.5,316,155
Tampa,Restaurants,0.02254428341384863,4.0,4.0,316,319
Tampa,Restaurants,0.01744186046511628,4.0,4.5,316,34
Tampa,Restaurants,0.017605633802816902,4.0,3.5,316,262
Tampa,Restaurants,0.011741682974559686,4.0,4.0,316,201
Tampa,Restaurants,0.010802469135802469,4.0,4.5,316,339
Tampa,Restaurants,0.014577259475218658,4.0,3.5,316,380
Tampa,Restaurants,0.024886877828054297,4.0,4.5,316,137
Tampa,Restaurants,0.014150943396226415,4.0,3.5,316,544
Tampa,Restaurants,0.00992063492063492,4.0,4.5,316,193
Tampa,Restaurants,0.0158311345646438,4.0,4.0,316,69
Tampa,Restaurants,0.012048192771084338,4.0,4.0,316,104
Tampa,Restaurants,0.023655913978494623,4.0,4.0,316,160
Tampa,Restaurants,0.02099236641221374,4.0,4.5,316,219
Tampa,Restaurants,0.010706638115631691,4.0,4.0,316,156
Tampa,Restaurants,0.013054830287206266,4.0,4.0,316,72
Tampa,Restaurants,0.01276595744680851,4.0,4.0,316,160
Tampa,Restaurants,0.020618556701030927,4.0,4.0,316,476
Tampa,Restaurants,0.010380622837370242,4.0,3.5,316,268
Tampa,Restaurants,0.022494887525562373,4.0,4.0,316,184
Tampa,Restaurants,0.042435424354243544,4.0,4.0,316,249
Tampa,Restaurants,0.01921229586935639,4.0,4.0,316,745
Tampa,Restaurants,0.01405152224824356,4.0,4.5,316,117
Tampa,Restaurants,0.02099737532808399,4.0,3.0,316,73
Tampa,Restaurants,0.012315270935960592,4.0,4.0,316,95
Tampa,Restaurants,0.021148036253776436,4.0,4.0,316,360
Tampa,Restaurants,0.013157894736842105,4.0,3.5,316,69
Tampa,Restaurants,0.02251270878721859,4.0,4.0,316,1092
Tampa,Restaurants,0.021367521367521368,4.0,4.0,316,162
Tampa,Restaurants,0.01928374655647383,4.0,4.0,316,54
Tampa,Restaurants,0.012345679012345678,4.0,4.5,316,94
Tampa,Restaurants,0.009749303621169917,4.0,4.5,316,409
Tampa,Restaurants,0.011741682974559686,3.0,4.5,172,345
Tampa,Restaurants,0.009940357852882704,3.0,4.0,172,336
Tampa,Restaurants,0.02962962962962963,3.0,4.0,172,106
Tampa,Restaurants,0.008120649651972157,3.0,4.5,172,697
Tampa,Restaurants,0.008450704225352112,3.0,3.5,172,544
Tampa,Restaurants,0.016713091922005572,3.0,4.5,172,193
Tampa,Restaurants,0.03125,3.0,3.5,172,158
Tampa,Restaurants,0.0182370820668693,3.0,4.5,172,163
Tampa,Restaurants,0.019157088122605363,3.0,4.0,172,360
Tampa,Restaurants,0.005568814638027049,3.0,4.0,172,1092
Tampa,Restaurants,0.018315018315018316,3.0,4.5,172,106
Tampa,Restaurants,0.011990407673860911,4.5,4.0,62,360
Tampa,Restaurants,0.015945330296127564,4.0,4.5,101,345
Tampa,Restaurants,0.006952491309385863,4.0,3.5,101,768
Tampa,Restaurants,0.01263157894736842,4.0,3.5,101,380
Tampa,Restaurants,0.012558869701726845,4.0,3.5,101,544
Tampa,Restaurants,0.01730103806228374,4.0,4.5,101,193
Tampa,Restaurants,0.01953125,4.0,4.0,101,160
Tampa,Restaurants,0.023474178403755867,4.0,4.5,101,117
Tampa,Restaurants,0.017660044150110375,4.0,4.0,101,360
Tampa,Restaurants,0.007601351351351352,4.0,4.0,101,1092
Tampa,Restaurants,0.03723404255319149,4.0,4.5,101,94
Tampa,Restaurants,0.02617801047120419,5.0,4.5,88,108
Tampa,Restaurants,0.047619047619047616,5.0,4.0,88,88
Tampa,Restaurants,0.007974481658692184,5.0,3.5,88,544
Tampa,Restaurants,0.05,5.0,4.0,88,17
Tampa,Restaurants,0.013574660633484163,5.0,4.0,88,360
Tampa,Restaurants,0.00425531914893617,5.0,4.0,88,1092
Tampa,Restaurants,0.06,5.0,4.0,88,124
Tampa,Restaurants,0.03409090909090909,5.0,4.5,88,94
Tampa,Restaurants,0.02304147465437788,4.0,4.0,121,323
Tampa,Restaurants,0.020100502512562814,4.0,3.0,121,285
Tampa,Restaurants,0.010845986984815618,4.0,4.5,121,345
Tampa,Restaurants,0.036281179138321996,4.0,4.0,121,336
Tampa,Restaurants,0.007389162561576354,4.0,4.5,121,697
Tampa,Restaurants,0.022321428571428572,4.0,4.5,121,108
Tampa,Restaurants,0.02100840336134454,4.0,3.5,121,122
Tampa,Restaurants,0.018518518518518517,4.0,4.0,121,319
Tampa,Restaurants,0.01098901098901099,4.0,4.5,121,339
Tampa,Restaurants,0.01417004048582996,4.0,3.5,121,380
Tampa,Restaurants,0.032,4.0,4.5,121,137
Tampa,Restaurants,0.013719512195121951,4.0,3.5,121,544
Tampa,Restaurants,0.02181818181818182,4.0,4.0,121,160
Tampa,Restaurants,0.017964071856287425,4.0,4.5,121,219
Tampa,Restaurants,0.026936026936026935,4.0,4.0,121,184
Tampa,Restaurants,0.024930747922437674,4.0,4.0,121,249
Tampa,Restaurants,0.0069767441860465115,4.0,4.0,121,745
Tampa,Restaurants,0.030303030303030304,4.0,4.5,121,117
Tampa,Restaurants,0.014767932489451477,4.0,4.0,121,360
Tampa,Restaurants,0.013366750208855471,4.0,4.0,121,1092
Tampa,Restaurants,0.02617801047120419,4.0,4.5,121,75
Tampa,Restaurants,0.015025041736227046,4.0,3.0,323,285
Tampa,Restaurants,0.018292682926829267,4.0,4.5,323,345
Tampa,Restaurants,0.024883359253499222,4.0,4.0,323,336
Tampa,Restaurants,0.007905138339920948,4.0,4.5,323,697
Tampa,Restaurants,0.01598173515981735,4.0,3.5,323,122
Tampa,Restaurants,0.011023622047244094,4.0,4.0,323,319
Tampa,Restaurants,0.009250693802035153,4.0,3.5,323,768
Tampa,Restaurants,0.008620689655172414,4.0,3.5,323,262
Tampa,Restaurants,0.020080321285140562,4.0,4.0,323,185
Tampa,Restaurants,0.016897081413210446,4.0,4.5,323,339
Tampa,Restaurants,0.029282576866764276,4.0,3.5,323,380
Tampa,Restaurants,0.013215859030837005,4.0,4.5,323,137
Tampa,Restaurants,0.02669902912621359,4.0,3.5,323,100
Tampa,Restaurants,0.01880141010575793,4.0,3.5,323,544
Tampa,Restaurants,0.02754237288135593,4.0,4.5,323,162
Tampa,Restaurants,0.014251781472684086,4.0,4.0,323,104
Tampa,Restaurants,0.016842105263157894,4.0,4.0,323,160
Tampa,Restaurants,0.021321961620469083,4.0,4.0,323,156
Tampa,Restaurants,0.020289855072463767,4.0,4.0,323,29
Tampa,Restaurants,0.023305084745762712,4.0,4.0,323,160
Tampa,Restaurants,0.015765765765765764,4.0,4.0,323,128
Tampa,Restaurants,0.019067796610169493,4.0,3.5,323,158
Tampa,Restaurants,0.012674271229404309,4.0,4.0,323,476
Tampa,Restaurants,0.010256410256410256,4.0,3.5,323,268
Tampa,Restaurants,0.009174311926605505,4.0,4.0,323,227
Tampa,Restaurants,0.013927576601671309,4.0,4.0,323,41
Tampa,Restaurants,0.028397565922920892,4.0,4.0,323,184
Tampa,Restaurants,0.025089605734767026,4.0,4.0,323,249
Tampa,Restaurants,0.011363636363636364,4.0,4.0,323,745
Tampa,Restaurants,0.02107728337236534,4.0,3.5,323,113
Tampa,Restaurants,0.012106537530266344,4.0,4.0,323,95
Tampa,Restaurants,0.0211864406779661,4.0,3.5,323,159
Tampa,Restaurants,0.011286681715575621,4.0,4.0,323,125
Tampa,Restaurants,0.02092675635276532,4.0,4.0,323,360
Tampa,Restaurants,0.021660649819494584,4.0,4.0,323,1092
Tampa,Restaurants,0.015306122448979591,4.0,4.5,323,75
Tampa,Restaurants,0.016666666666666666,4.0,4.5,323,409
Tampa,Restaurants,0.017770597738287562,3.0,4.5,285,345
Tampa,Restaurants,0.012468827930174564,3.0,4.0,285,121
Tampa,Restaurants,0.008116883116883116,3.0,4.0,285,336
Tampa,Restaurants,0.02356020942408377,3.0,4.0,285,106
Tampa,Restaurants,0.006147540983606557,3.0,4.5,285,697
Tampa,Restaurants,0.01288659793814433,3.0,4.5,285,108
Tampa,Restaurants,0.023728813559322035,3.0,4.0,285,319
Tampa,Restaurants,0.0057306590257879654,3.0,3.5,285,768
Tampa,Restaurants,0.02819548872180451,3.0,3.5,285,262
Tampa,Restaurants,0.010752688172043012,3.0,4.0,285,185
Tampa,Restaurants,0.009708737864077669,3.0,4.5,285,339
Tampa,Restaurants,0.010638297872340425,3.0,3.5,285,380
Tampa,Restaurants,0.016867469879518072,3.0,4.5,285,137
Tampa,Restaurants,0.014687882496940025,3.0,3.5,285,544
Tampa,Restaurants,0.010570824524312896,3.0,4.5,285,193
Tampa,Restaurants,0.017241379310344827,3.0,4.0,285,69
Tampa,Restaurants,0.013020833333333334,3.0,4.0,285,104
Tampa,Restaurants,0.018306636155606407,3.0,4.0,285,160
Tampa,Restaurants,0.026476578411405296,3.0,4.5,285,219
Tampa,Restaurants,0.014577259475218658,3.0,3.5,285,63
Tampa,Restaurants,0.02,3.0,4.0,285,72
Tampa,Restaurants,0.020642201834862386,3.0,4.0,285,160
Tampa,Restaurants,0.01602136181575434,3.0,4.0,285,476
Tampa,Restaurants,0.02029520295202952,3.0,3.5,285,268
Tampa,Restaurants,0.01956521739130435,3.0,4.0,285,184
Tampa,Restaurants,0.03488372093023256,3.0,4.0,285,249
Tampa,Restaurants,0.016853932584269662,3.0,2.0,285,77
Tampa,Restaurants,0.011787819253438114,3.0,4.0,285,745
Tampa,Restaurants,0.012594458438287154,3.0,4.5,285,117
Tampa,Restaurants,0.03170028818443804,3.0,3.0,285,73
Tampa,Restaurants,0.020512820512820513,3.0,3.5,285,113
Tampa,Restaurants,0.013333333333333334,3.0,4.0,285,95
Tampa,Restaurants,0.014005602240896359,3.0,2.5,285,77
Tampa,Restaurants,0.023809523809523808,3.0,4.0,285,360
Tampa,Restaurants,0.022271714922048998,3.0,4.0,285,1092
Tampa,Restaurants,0.015909090909090907,3.0,4.0,285,162
Tampa,Restaurants,0.018018018018018018,3.0,4.0,285,54
Tampa,Restaurants,0.014084507042253521,3.0,4.5,285,75
Tampa,Restaurants,0.0215633423180593,3.0,4.5,285,94
Tampa,Restaurants,0.00872093023255814,3.0,4.5,285,409
Tampa,Restaurants,0.016129032258064516,3.0,3.5,285,30
Tampa,Restaurants,0.032679738562091505,3.5,4.0,70,88
Tampa,Restaurants,0.011961722488038277,4.5,4.0,345,78
Tampa,Restaurants,0.010385756676557863,4.5,4.0,345,336
Tampa,Restaurants,0.015765765765765764,4.5,4.0,345,106
Tampa,Restaurants,0.007736943907156673,4.5,4.5,345,697
Tampa,Restaurants,0.00911854103343465,4.5,4.0,345,319
Tampa,Restaurants,0.005420054200542005,4.5,3.5,345,768
Tampa,Restaurants,0.008305647840531562,4.5,3.5,345,262
Tampa,Restaurants,0.01483679525222552,4.5,4.5,345,339
Tampa,Restaurants,0.019027484143763214,4.5,4.5,345,137
Tampa,Restaurants,0.01366742596810934,4.5,3.5,345,100
Tampa,Restaurants,0.012528473804100227,4.5,3.5,345,544
Tampa,Restaurants,0.011278195488721804,4.5,4.5,345,193
Tampa,Restaurants,0.018145161290322582,4.5,4.0,345,160
Tampa,Restaurants,0.014388489208633094,4.5,4.5,345,219
Tampa,Restaurants,0.018145161290322582,4.5,4.0,345,160
Tampa,Restaurants,0.012072434607645875,4.5,3.5,345,158
Tampa,Restaurants,0.009541984732824428,4.5,4.0,345,184
Tampa,Restaurants,0.017123287671232876,4.5,4.0,345,249
Tampa,Restaurants,0.0073937153419593345,4.5,4.0,345,745
Tampa,Restaurants,0.01762114537444934,4.5,4.5,345,117
Tampa,Restaurants,0.0170316301703163,4.5,3.0,345,73
Tampa,Restaurants,0.011037527593818985,4.5,3.5,345,113
Tampa,Restaurants,0.01293103448275862,4.5,4.0,345,360
Tampa,Restaurants,0.011259676284306826,4.5,4.0,345,1092
Tampa,Restaurants,0.012048192771084338,4.5,4.5,345,75
Tampa,Restaurants,0.016203703703703703,4.5,4.5,345,94
Tampa,Restaurants,0.009370816599732263,4.5,4.5,345,409
Tampa,Restaurants,0.013824884792626729,4.0,4.0,121,319
Tampa,Restaurants,0.007936507936507936,4.0,3.5,121,768
Tampa,Restaurants,0.018617021276595744,4.0,3.5,121,262
Tampa,Restaurants,0.019955654101995565,4.0,4.5,121,339
Tampa,Restaurants,0.01417004048582996,4.0,3.5,121,380
Tampa,Restaurants,0.010638297872340425,4.0,3.5,121,544
Tampa,Restaurants,0.01948051948051948,4.0,4.5,121,193
Tampa,Restaurants,0.02181818181818182,4.0,4.0,121,160
Tampa,Restaurants,0.008445945945945946,4.0,4.0,121,476
Tampa,Restaurants,0.0136986301369863,4.0,4.0,121,249
Tampa,Restaurants,0.008149010477299184,4.0,4.0,121,745
Tampa,Restaurants,0.01818181818181818,4.0,3.5,121,159
Tampa,Restaurants,0.038876889848812095,4.0,4.0,121,360
Tampa,Restaurants,0.004971002485501243,4.0,4.0,121,1092
Tampa,Restaurants,0.03333333333333333,4.0,4.5,78,108
Tampa,Restaurants,0.031746031746031744,4.0,4.5,78,117
Tampa,Restaurants,0.010438413361169102,4.5,3.5,104,380
Tampa,Restaurants,0.0071174377224199285,4.5,4.0,104,745
Tampa,Restaurants,0.017733990147783252,4.0,4.5,336,697
Tampa,Restaurants,0.0136986301369863,4.0,4.5,336,108
Tampa,Restaurants,0.017777777777777778,4.0,3.5,336,122
Tampa,Restaurants,0.009244992295839754,4.0,4.0,336,319
Tampa,Restaurants,0.009140767824497258,4.0,3.5,336,768
Tampa,Restaurants,0.01256281407035176,4.0,4.5,336,67
Tampa,Restaurants,0.011650485436893204,4.0,4.0,336,185
Tampa,Restaurants,0.009398496240601503,4.0,4.0,336,201
Tampa,Restaurants,0.01809954751131222,4.0,4.5,336,339
Tampa,Restaurants,0.01272984441301273,4.0,3.5,336,380
Tampa,Restaurants,0.01284796573875803,4.0,4.5,336,137
Tampa,Restaurants,0.023255813953488372,4.0,3.5,336,544
Tampa,Restaurants,0.018404907975460124,4.0,4.5,336,162
Tampa,Restaurants,0.027139874739039668,4.0,4.0,336,156
Tampa,Restaurants,0.01978021978021978,4.0,4.0,336,128
Tampa,Restaurants,0.009950248756218905,4.0,4.0,336,476
Tampa,Restaurants,0.010771992818671455,4.0,4.0,336,227
Tampa,Restaurants,0.021611001964636542,4.0,4.0,336,184
Tampa,Restaurants,0.017391304347826087,4.0,4.0,336,249
Tampa,Restaurants,0.006517690875232775,4.0,4.0,336,745
Tampa,Restaurants,0.018223234624145785,4.0,5.0,336,111
Tampa,Restaurants,0.01642710472279261,4.0,3.5,336,159
Tampa,Restaurants,0.010964912280701754,4.0,4.0,336,125
Tampa,Restaurants,0.013100436681222707,4.0,4.0,336,360
Tampa,Restaurants,0.01781895937277263,4.0,4.0,336,1092
Tampa,Restaurants,0.02054794520547945,4.0,4.5,336,409
Tampa,Restaurants,0.019305019305019305,4.0,3.5,106,158
Tampa,Restaurants,0.026455026455026454,3.5,3.5,39,155
Tampa,Restaurants,0.006265664160401002,4.0,4.5,106,697
Tampa,Restaurants,0.024096385542168676,4.0,4.0,106,319
Tampa,Restaurants,0.013774104683195593,4.0,3.5,106,262
Tampa,Restaurants,0.010395010395010396,4.0,3.5,106,380
Tampa,Restaurants,0.029661016949152543,4.0,4.5,106,137
Tampa,Restaurants,0.041666666666666664,4.0,4.0,106,69
Tampa,Restaurants,0.018808777429467086,4.0,4.5,106,219
Tampa,Restaurants,0.03048780487804878,4.0,3.5,106,63
Tampa,Restaurants,0.019157088122605363,4.0,4.0,106,160
Tampa,Restaurants,0.017191977077363897,4.0,4.0,106,249
Tampa,Restaurants,0.00591016548463357,4.0,4.0,106,745
Tampa,Restaurants,0.032407407407407406,4.0,4.5,106,117
Tampa,Restaurants,0.02336448598130841,4.0,3.5,106,113
Tampa,Restaurants,0.025510204081632654,4.0,4.0,106,95
Tampa,Restaurants,0.010845986984815618,4.0,4.0,106,360
Tampa,Restaurants,0.029411764705882353,4.0,3.5,106,69
Tampa,Restaurants,0.007569386038687973,4.0,4.0,106,1092
Tampa,Restaurants,0.007509386733416771,4.5,4.5,697,108
Tampa,Restaurants,0.007380073800738007,4.5,3.5,697,122
Tampa,Restaurants,0.004945598417408506,4.5,4.0,697,319
Tampa,Restaurants,0.007565337001375516,4.5,3.5,697,768
Tampa,Restaurants,0.007856341189674524,4.5,4.0,697,201
Tampa,Restaurants,0.01270772238514174,4.5,4.5,697,339
Tampa,Restaurants,0.008426966292134831,4.5,3.5,697,380
Tampa,Restaurants,0.008464328899637243,4.5,4.5,697,137
Tampa,Restaurants,0.010586319218241042,4.5,3.5,697,544
Tampa,Restaurants,0.007050528789659225,4.5,4.0,697,160
Tampa,Restaurants,0.00589622641509434,4.5,4.0,697,156
Tampa,Restaurants,0.005141388174807198,4.5,4.0,697,476
Tampa,Restaurants,0.009414225941422594,4.5,3.5,697,268
Tampa,Restaurants,0.006857142857142857,4.5,4.0,697,184
Tampa,Restaurants,0.010683760683760684,4.5,4.0,697,249
Tampa,Restaurants,0.006983240223463687,4.5,4.0,697,745
Tampa,Restaurants,0.007425742574257425,4.5,4.5,697,117
Tampa,Restaurants,0.007481296758104738,4.5,5.0,697,111
Tampa,Restaurants,0.004752851711026616,4.5,4.0,697,360
Tampa,Restaurants,0.013597733711048159,4.5,4.0,697,1092
Tampa,Restaurants,0.01282051282051282,4.5,4.5,697,409
Tampa,Restaurants,0.0057405281285878304,4.5,3.5,108,768
Tampa,Restaurants,0.011312217194570135,4.5,4.5,108,339
Tampa,Restaurants,0.020833333333333332,4.5,4.5,108,137
Tampa,Restaurants,0.0077279752704791345,4.5,3.5,108,544
Tampa,Restaurants,0.02681992337164751,4.5,4.0,108,160
Tampa,Restaurants,0.00589622641509434,4.5,4.0,108,745
Tampa,Restaurants,0.017391304347826087,4.5,4.0,108,360
Tampa,Restaurants,0.006711409395973154,4.5,4.0,108,1092
Tampa,Restaurants,0.02654867256637168,4.5,4.0,108,124
Tampa,Restaurants,0.046632124352331605,4.5,4.5,108,94
Tampa,Restaurants,0.014989293361884369,3.5,4.0,155,319
Tampa,Restaurants,0.012295081967213115,3.5,4.5,155,339
Tampa,Restaurants,0.04411764705882353,3.5,4.0,155,58
Tampa,Restaurants,0.01610305958132045,3.5,4.0,155,476
Tampa,Restaurants,0.013186813186813187,3.5,4.5,122,339
Tampa,Restaurants,0.0121580547112462,3.5,3.5,122,544
Tampa,Restaurants,0.018315018315018316,3.5,4.0,122,156
Tampa,Restaurants,0.02459016393442623,3.5,4.0,122,128
Tampa,Restaurants,0.018115942028985508,3.5,3.5,122,159
Tampa,Restaurants,0.006633499170812604,3.5,4.0,122,1092
Tampa,Restaurants,0.009505703422053232,3.5,4.5,122,409
Tampa,Restaurants,0.006481481481481481,4.0,3.5,319,768
Tampa,Restaurants,0.022887323943661973,4.0,3.5,319,262
Tampa,Restaurants,0.017001545595054096,4.0,4.5,319,339
Tampa,Restaurants,0.016172506738544475,4.0,4.0,319,58
Tampa,Restaurants,0.011086474501108648,4.0,4.5,319,137
Tampa,Restaurants,0.012910798122065728,4.0,3.5,319,544
Tampa,Restaurants,0.009861932938856016,4.0,4.5,319,193
Tampa,Restaurants,0.013054830287206266,4.0,4.0,319,69
Tampa,Restaurants,0.014388489208633094,4.0,4.0,319,104
Tampa,Restaurants,0.012684989429175475,4.0,4.0,319,160
Tampa,Restaurants,0.028680688336520075,4.0,4.5,319,219
Tampa,Restaurants,0.015584415584415584,4.0,4.0,319,72
Tampa,Restaurants,0.019148936170212766,4.0,4.0,319,160
Tampa,Restaurants,0.02053915275994865,4.0,4.0,319,476
Tampa,Restaurants,0.01616161616161616,4.0,4.0,319,184
Tampa,Restaurants,0.017921146953405017,4.0,4.0,319,249
Tampa,Restaurants,0.010446343779677113,4.0,4.0,319,745
Tampa,Restaurants,0.01160092807424594,4.0,4.5,319,117
Tampa,Restaurants,0.012919896640826873,4.0,3.0,319,73
Tampa,Restaurants,0.013054830287206266,4.0,3.5,319,69
Tampa,Restaurants,0.01583873290136789,4.0,4.0,319,1092
Tampa,Restaurants,0.01263157894736842,4.0,4.0,319,162
Tampa,Restaurants,0.008310249307479225,4.0,4.5,319,409
Tampa,Restaurants,0.004878048780487805,3.5,3.5,768,262
Tampa,Restaurants,0.006024096385542169,3.5,4.5,768,67
Tampa,Restaurants,0.010604453870625663,3.5,4.0,768,185
Tampa,Restaurants,0.012539184952978056,3.5,4.0,768,201
Tampa,Restaurants,0.005449591280653951,3.5,4.5,768,339
Tampa,Restaurants,0.019538188277087035,3.5,3.5,768,380
Tampa,Restaurants,0.005555555555555556,3.5,4.5,768,137
Tampa,Restaurants,0.021806853582554516,3.5,3.5,768,544
Tampa,Restaurants,0.007583965330444204,3.5,4.5,768,162
Tampa,Restaurants,0.0051440329218107,3.5,2.5,768,209
Tampa,Restaurants,0.009009009009009009,3.5,4.0,768,128
Tampa,Restaurants,0.0072874493927125505,3.5,4.0,768,476
Tampa,Restaurants,0.006802721088435374,3.5,3.5,768,268
Tampa,Restaurants,0.01842374616171955,3.5,4.0,768,227
Tampa,Restaurants,0.01276595744680851,3.5,4.0,768,184
Tampa,Restaurants,0.004940711462450593,3.5,4.0,768,249
Tampa,Restaurants,0.009339559706470981,3.5,4.0,768,745
Tampa,Restaurants,0.010905125408942203,3.5,3.5,768,159
Tampa,Restaurants,0.007900677200902935,3.5,4.0,768,125
Tampa,Restaurants,0.014388489208633094,3.5,4.0,768,360
Tampa,Restaurants,0.01694915254237288,3.5,4.0,768,1092
Tampa,Restaurants,0.005656108597285068,3.5,3.5,768,121
Tampa,Restaurants,0.005636978579481398,3.5,4.0,768,124
Tampa,Restaurants,0.009779951100244499,3.5,3.5,768,58
Tampa,Restaurants,0.004266211604095563,3.5,4.5,768,409
Tampa,Restaurants,0.020689655172413793,4.5,3.5,34,262
Tampa,Restaurants,0.030120481927710843,4.5,4.5,34,137
Tampa,Restaurants,0.025362318840579712,4.5,4.0,34,249
Tampa,Restaurants,0.0044603033006244425,4.5,4.0,34,1092
Tampa,Restaurants,0.010917030567685589,3.5,4.0,262,201
Tampa,Restaurants,0.013490725126475547,3.5,4.5,262,339
Tampa,Restaurants,0.015822784810126583,3.5,3.5,262,380
Tampa,Restaurants,0.012690355329949238,3.5,4.5,262,137
Tampa,Restaurants,0.0075,3.5,3.5,262,544
Tampa,Restaurants,0.021791767554479417,3.5,4.0,262,160
Tampa,Restaurants,0.021231422505307854,3.5,4.5,262,219
Tampa,Restaurants,0.012106537530266344,3.5,4.0,262,156
Tampa,Restaurants,0.015197568389057751,3.5,4.0,262,72
Tampa,Restaurants,0.01932367149758454,3.5,4.0,262,160
Tampa,Restaurants,0.023578363384188627,3.5,4.0,262,476
Tampa,Restaurants,0.011450381679389313,3.5,3.5,262,268
Tampa,Restaurants,0.0182648401826484,3.5,4.0,262,184
Tampa,Restaurants,0.022,3.5,4.0,262,249
Tampa,Restaurants,0.018018018018018018,3.5,2.0,262,77
Tampa,Restaurants,0.010030090270812437,3.5,4.0,262,745
Tampa,Restaurants,0.021341463414634148,3.5,3.0,262,73
Tampa,Restaurants,0.016339869281045753,3.5,4.0,262,360
Tampa,Restaurants,0.01195814648729447,3.5,4.0,262,1092
Tampa,Restaurants,0.016786570743405275,3.5,4.0,262,162
Tampa,Restaurants,0.02032520325203252,4.5,4.0,67,184
Tampa,Restaurants,0.011848341232227487,4.5,4.0,67,360
Tampa,Restaurants,0.004332755632582322,4.5,4.0,67,1092
Tampa,Restaurants,0.014669926650366748,3.5,3.5,35,380
Tampa,Restaurants,0.03496503496503497,3.5,3.5,35,113
Tampa,Restaurants,0.023255813953488372,2.0,4.5,114,106
Tampa,Restaurants,0.03292181069958848,4.0,4.5,88,163
Tampa,Restaurants,0.005110732538330494,4.0,4.0,88,1092
Tampa,Restaurants,0.03414634146341464,4.0,4.0,88,124
Tampa,Restaurants,0.01436265709156194,4.0,3.5,185,380
Tampa,Restaurants,0.017857142857142856,4.0,3.5,185,100
Tampa,Restaurants,0.02100840336134454,4.0,3.5,185,544
Tampa,Restaurants,0.03333333333333333,4.0,4.0,185,156
Tampa,Restaurants,0.014705882352941176,4.0,4.0,185,160
Tampa,Restaurants,0.048295454545454544,4.0,4.0,185,184
Tampa,Restaurants,0.006493506493506494,4.0,4.0,185,745
Tampa,Restaurants,0.027586206896551724,4.0,3.5,185,113
Tampa,Restaurants,0.01718213058419244,4.0,5.0,185,111
Tampa,Restaurants,0.020771513353115726,4.0,3.5,185,159
Tampa,Restaurants,0.02443609022556391,4.0,4.0,185,360
Tampa,Restaurants,0.011885895404120444,4.0,4.0,185,1092
Tampa,Restaurants,0.01020408163265306,4.0,4.5,185,409
Tampa,Restaurants,0.013961605584642234,4.0,3.5,201,380
Tampa,Restaurants,0.019151846785225718,4.0,3.5,201,544
Tampa,Restaurants,0.00894187779433681,4.0,4.0,201,476
Tampa,Restaurants,0.01182033096926714,4.0,4.0,201,227
Tampa,Restaurants,0.013157894736842105,4.0,4.0,201,184
Tampa,Restaurants,0.005313496280552604,4.0,4.0,201,745
Tampa,Restaurants,0.008992805755395683,4.0,4.0,201,360
Tampa,Restaurants,0.0109460516028147,4.0,4.0,201,1092
Tampa,Restaurants,0.01968503937007874,4.0,3.5,201,58
Tampa,Restaurants,0.015345268542199489,4.5,4.0,339,58
Tampa,Restaurants,0.02145922746781116,4.5,4.5,339,137
Tampa,Restaurants,0.013856812933025405,4.5,3.5,339,100
Tampa,Restaurants,0.01611047180667434,4.5,3.5,339,544
Tampa,Restaurants,0.025048169556840076,4.5,4.5,339,193
Tampa,Restaurants,0.010121457489878543,4.5,4.0,339,160
Tampa,Restaurants,0.012704174228675136,4.5,4.5,339,219
Tampa,Restaurants,0.014344262295081968,4.5,4.0,339,156
Tampa,Restaurants,0.012170385395537525,4.5,4.0,339,160
Tampa,Restaurants,0.01016260162601626,4.5,3.5,339,158
Tampa,Restaurants,0.014943960149439602,4.5,4.0,339,476
Tampa,Restaurants,0.013850415512465374,4.5,4.0,339,27
Tampa,Restaurants,0.013333333333333334,4.5,4.0,339,41
Tampa,Restaurants,0.031578947368421054,4.5,4.0,339,249
Tampa,Restaurants,0.010251630941286114,4.5,4.0,339,745
Tampa,Restaurants,0.015590200445434299,4.5,4.5,339,117
Tampa,Restaurants,0.011655011655011656,4.5,4.0,339,95
Tampa,Restaurants,0.010141987829614604,4.5,3.5,339,159
Tampa,Restaurants,0.017467248908296942,4.5,4.0,339,360
Tampa,Restaurants,0.012738853503184714,4.5,4.0,339,1092
Tampa,Restaurants,0.019704433497536946,4.5,4.5,339,75
Tampa,Restaurants,0.011682242990654205,4.5,4.5,339,94
Tampa,Restaurants,0.013550135501355014,4.5,4.5,339,409
Tampa,Restaurants,0.019083969465648856,4.0,4.0,58,476
Tampa,Restaurants,0.019933554817275746,4.0,4.0,58,249
Tampa,Restaurants,0.0070052539404553416,4.0,4.0,58,1092
Tampa,Restaurants,0.011741682974559686,3.5,4.5,380,137
Tampa,Restaurants,0.014799154334038054,3.5,3.5,380,100
Tampa,Restaurants,0.03471444568868981,3.5,3.5,380,544
Tampa,Restaurants,0.012367491166077738,3.5,4.5,380,193
Tampa,Restaurants,0.010438413361169102,3.5,4.0,380,104
Tampa,Restaurants,0.020793950850661626,3.5,4.0,380,160
Tampa,Restaurants,0.011337868480725623,3.5,3.5,380,66
Tampa,Restaurants,0.011824324324324325,3.5,4.5,380,219
Tampa,Restaurants,0.017077798861480076,3.5,4.0,380,156
Tampa,Restaurants,0.0178359096313912,3.5,4.0,380,476
Tampa,Restaurants,0.0125,3.5,3.5,380,268
Tampa,Restaurants,0.018456375838926176,3.5,4.0,380,227
Tampa,Restaurants,0.03486238532110092,3.5,4.0,380,184
Tampa,Restaurants,0.022764227642276424,3.5,4.0,380,249
Tampa,Restaurants,0.016260162601626018,3.5,4.0,380,745
Tampa,Restaurants,0.01016260162601626,3.5,4.5,380,117
Tampa,Restaurants,0.016494845360824743,3.5,3.5,380,113
Tampa,Restaurants,0.020833333333333332,3.5,3.5,380,159
Tampa,Restaurants,0.012024048096192385,3.5,4.0,380,125
Tampa,Restaurants,0.03496503496503497,3.5,4.0,380,360
Tampa,Restaurants,0.022222222222222223,3.5,4.0,380,1092
Tampa,Restaurants,0.01188707280832095,4.5,3.5,137,544
Tampa,Restaurants,0.024875621890547265,4.5,4.0,137,69
Tampa,Restaurants,0.02768166089965398,4.5,4.0,137,160
Tampa,Restaurants,0.02413793103448276,4.5,4.0,137,160
Tampa,Restaurants,0.008223684210526315,4.5,4.0,137,476
Tampa,Restaurants,0.028901734104046242,4.5,4.0,137,41
Tampa,Restaurants,0.025559105431309903,4.5,4.0,137,184
Tampa,Restaurants,0.03485254691689008,4.5,4.0,137,249
Tampa,Restaurants,0.022026431718061675,4.5,4.0,137,95
Tampa,Restaurants,0.028985507246376812,4.5,4.0,137,360
Tampa,Restaurants,0.008203445447087777,4.5,4.0,137,1092
Tampa,Restaurants,0.03414634146341464,4.5,4.5,137,75
Tampa,Restaurants,0.02666666666666667,4.5,4.5,137,94
Tampa,Restaurants,0.012987012987012988,4.5,4.5,137,409
Tampa,Restaurants,0.01098901098901099,3.5,3.5,100,544
Tampa,Restaurants,0.02512562814070352,3.5,4.0,100,104
Tampa,Restaurants,0.01592356687898089,3.5,4.5,100,219
Tampa,Restaurants,0.012302284710017574,3.5,4.0,100,476
Tampa,Restaurants,0.03560830860534125,3.5,4.0,100,249
Tampa,Restaurants,0.031446540880503145,3.5,2.5,100,64
Tampa,Restaurants,0.005952380952380952,3.5,4.0,100,745
Tampa,Restaurants,0.023715415019762844,3.5,3.5,100,159
Tampa,Restaurants,0.017699115044247787,3.5,4.0,100,360
Tampa,Restaurants,0.008460236886632826,3.5,4.0,100,1092
Tampa,Restaurants,0.019455252918287938,3.5,4.0,100,162
Tampa,Restaurants,0.011928429423459244,3.5,4.5,100,409
Tampa,Restaurants,0.019230769230769232,3.0,3.5,107,158
Tampa,Restaurants,0.010398613518197574,3.0,4.0,107,476
Tampa,Restaurants,0.019650655021834062,3.0,4.0,107,360
Tampa,Restaurants,0.010973936899862825,3.5,4.5,544,193
Tampa,Restaurants,0.010014306151645207,3.5,4.5,544,162
Tampa,Restaurants,0.011494252873563218,3.5,4.0,544,160
Tampa,Restaurants,0.010596026490066225,3.5,4.5,544,219
Tampa,Restaurants,0.015965166908563134,3.5,4.0,544,156
Tampa,Restaurants,0.008183306055646482,3.5,4.0,544,72
Tampa,Restaurants,0.013574660633484163,3.5,4.0,544,128
Tampa,Restaurants,0.007173601147776184,3.5,3.5,544,158
Tampa,Restaurants,0.013916500994035786,3.5,4.0,544,476
Tampa,Restaurants,0.022670025188916875,3.5,3.5,544,268
Tampa,Restaurants,0.02390438247011952,3.5,4.0,544,227
Tampa,Restaurants,0.032624113475177303,3.5,4.0,544,184
Tampa,Restaurants,0.02059202059202059,3.5,4.0,544,249
Tampa,Restaurants,0.014960629921259842,3.5,4.0,544,745
Tampa,Restaurants,0.007621951219512195,3.5,4.5,544,117
Tampa,Restaurants,0.011475409836065573,3.5,3.0,544,73
Tampa,Restaurants,0.007668711656441718,3.5,3.5,544,113
Tampa,Restaurants,0.01393188854489164,3.5,5.0,544,111
Tampa,Restaurants,0.017366136034732273,3.5,3.5,544,159
Tampa,Restaurants,0.019817073170731708,3.5,4.0,544,125
Tampa,Restaurants,0.02844141069397042,3.5,4.0,544,360
Tampa,Restaurants,0.03609879670677644,3.5,4.0,544,1092
Tampa,Restaurants,0.007132667617689016,3.5,4.0,544,162
Tampa,Restaurants,0.007898894154818325,3.5,4.5,544,94
Tampa,Restaurants,0.013468013468013467,3.5,3.5,544,58
Tampa,Restaurants,0.01167728237791932,3.5,4.5,544,409
Tampa,Restaurants,0.02318840579710145,4.5,4.0,193,160
Tampa,Restaurants,0.014778325123152709,4.5,4.5,193,219
Tampa,Restaurants,0.007530120481927711,4.5,4.0,193,476
Tampa,Restaurants,0.018433179723502304,4.5,4.0,193,249
Tampa,Restaurants,0.0231023102310231,4.5,4.5,193,117
Tampa,Restaurants,0.024074074074074074,4.5,4.0,193,360
Tampa,Restaurants,0.01260835303388495,4.5,4.0,193,1092
Tampa,Restaurants,0.021352313167259787,4.5,4.5,193,94
Tampa,Restaurants,0.0335195530726257,4.0,4.0,81,104
Tampa,Restaurants,0.012727272727272728,4.0,4.0,81,476
Tampa,Restaurants,0.004280821917808219,4.0,4.0,81,1092
Tampa,Restaurants,0.022321428571428572,4.0,4.0,69,160
Tampa,Restaurants,0.019230769230769232,4.0,4.0,69,249
Tampa,Restaurants,0.019002375296912115,4.0,4.0,69,360
Tampa,Restaurants,0.004325259515570935,4.0,4.0,69,1092
Tampa,Restaurants,0.01702127659574468,4.0,4.5,69,409
Tampa,Restaurants,0.017543859649122806,4.5,4.0,162,128
Tampa,Restaurants,0.025,4.5,4.0,162,125
Tampa,Restaurants,0.008038585209003215,4.5,4.0,162,1092
Tampa,Restaurants,0.021660649819494584,4.5,3.5,162,121
Tampa,Restaurants,0.03529411764705882,4.0,4.0,104,72
Tampa,Restaurants,0.019305019305019305,4.0,4.0,104,160
Tampa,Restaurants,0.024734982332155476,4.0,4.0,104,476
Tampa,Restaurants,0.02023121387283237,4.0,4.0,104,249
Tampa,Restaurants,0.00831353919239905,4.0,4.0,104,745
Tampa,Restaurants,0.008431703204047217,4.0,4.0,104,1092
Tampa,Restaurants,0.01935483870967742,4.0,4.0,160,156
Tampa,Restaurants,0.015873015873015872,4.0,4.0,160,160
Tampa,Restaurants,0.012738853503184714,4.0,4.0,160,476
Tampa,Restaurants,0.013089005235602094,4.0,4.0,160,227
Tampa,Restaurants,0.029940119760479042,4.0,4.0,160,184
Tampa,Restaurants,0.030226700251889168,4.0,4.0,160,249
Tampa,Restaurants,0.008918617614269788,4.0,4.0,160,745
Tampa,Restaurants,0.02973977695167286,4.0,4.5,160,117
Tampa,Restaurants,0.018656716417910446,4.0,3.5,160,113
Tampa,Restaurants,0.02,4.0,4.0,160,95
Tampa,Restaurants,0.04,4.0,4.0,160,360
Tampa,Restaurants,0.014586709886547812,4.0,4.0,160,1092
Tampa,Restaurants,0.0142602495543672,4.0,4.5,160,409
Tampa,Restaurants,0.016129032258064516,3.5,4.0,66,249
Tampa,Restaurants,0.00620347394540943,3.5,4.0,66,745
Tampa,Restaurants,0.005208333333333333,3.5,4.0,66,1092
Tampa,Restaurants,0.011644832605531296,4.5,4.0,219,476
Tampa,Restaurants,0.015113350125944584,4.5,4.0,219,184
Tampa,Restaurants,0.017391304347826087,4.5,4.0,219,249
Tampa,Restaurants,0.0073145245559038665,4.5,4.0,219,745
Tampa,Restaurants,0.02127659574468085,4.5,4.5,219,117
Tampa,Restaurants,0.02456140350877193,4.5,3.0,219,73
Tampa,Restaurants,0.01757469244288225,4.5,4.0,219,360
Tampa,Restaurants,0.010015408320493066,4.5,4.0,219,1092
Tampa,Restaurants,0.02247191011235955,4.5,4.0,219,54
Tampa,Restaurants,0.017921146953405017,4.0,4.0,156,128
Tampa,Restaurants,0.009584664536741214,4.0,4.0,156,476
Tampa,Restaurants,0.018617021276595744,4.0,4.0,156,227
Tampa,Restaurants,0.03343465045592705,4.0,4.0,156,184
Tampa,Restaurants,0.017587939698492462,4.0,4.0,156,249
Tampa,Restaurants,0.008958566629339306,4.0,4.0,156,745
Tampa,Restaurants,0.022988505747126436,4.0,5.0,156,111
Tampa,Restaurants,0.01775147928994083,4.0,4.0,156,360
Tampa,Restaurants,0.011345218800648298,4.0,4.0,156,1092
Tampa,Restaurants,0.006091370558375634,4.0,4.0,246,745
Tampa,Restaurants,0.008319467554076539,4.0,4.0,246,360
Tampa,Restaurants,0.012939001848428836,4.0,4.0,72,476
Tampa,Restaurants,0.015822784810126583,4.0,4.0,72,249
Tampa,Restaurants,0.07407407407407407,4.0,3.0,72,73
Tampa,Restaurants,0.044444444444444446,4.0,3.5,72,69
Tampa,Restaurants,0.0051813471502590676,4.0,4.0,72,1092
Tampa,Restaurants,0.0375,4.0,4.5,72,94
Tampa,Restaurants,0.013089005235602094,4.0,4.0,160,227
Tampa,Restaurants,0.02506265664160401,4.0,4.0,160,249
Tampa,Restaurants,0.006674082313681869,4.0,4.0,160,745
Tampa,Restaurants,0.02564102564102564,4.0,4.0,160,360
Tampa,Restaurants,0.008863819500402902,4.0,4.0,160,1092
Tampa,Restaurants,0.010657193605683837,4.0,4.5,160,409
Tampa,Restaurants,0.021367521367521368,4.0,5.0,128,111
Tampa,Restaurants,0.024291497975708502,4.0,4.0,128,125
Tampa,Restaurants,0.013289036544850499,4.0,4.0,128,1092
Tampa,Restaurants,0.004088307440719542,2.5,4.0,136,1092
Tampa,Restaurants,0.015822784810126583,3.5,4.5,158,163
Tampa,Restaurants,0.0175,3.5,4.0,158,249
Tampa,Restaurants,0.018518518518518517,3.5,4.5,158,117
Tampa,Restaurants,0.01968503937007874,3.5,4.0,158,360
Tampa,Restaurants,0.008064516129032258,3.5,4.0,158,1092
Tampa,Restaurants,0.010040160642570281,4.0,4.0,476,27
Tampa,Restaurants,0.015384615384615385,4.0,4.0,476,184
Tampa,Restaurants,0.016830294530154277,4.0,4.0,476,249
Tampa,Restaurants,0.00984251968503937,4.0,3.5,476,37
Tampa,Restaurants,0.01076158940397351,4.0,4.0,476,745
Tampa,Restaurants,0.011945392491467578,4.0,4.5,476,117
Tampa,Restaurants,0.015795868772782502,4.0,4.0,476,360
Tampa,Restaurants,0.01818181818181818,4.0,4.0,476,1092
Tampa,Restaurants,0.00949367088607595,4.0,4.0,476,162
Tampa,Restaurants,0.012433392539964476,4.0,4.5,476,94
Tampa,Restaurants,0.006825938566552901,4.0,4.5,476,409
Tampa,Restaurants,0.004,4.5,4.0,163,1092
Tampa,Restaurants,0.01773049645390071,4.5,4.0,163,124
Tampa,Restaurants,0.01984126984126984,4.5,4.5,163,94
Tampa,Restaurants,0.03125,3.5,4.0,268,227
Tampa,Restaurants,0.015717092337917484,3.5,4.0,268,249
Tampa,Restaurants,0.014251781472684086,3.5,3.5,268,159
Tampa,Restaurants,0.01948051948051948,3.5,4.0,268,360
Tampa,Restaurants,0.017964071856287425,3.5,4.0,268,1092
Tampa,Restaurants,0.03597122302158273,4.0,4.5,27,117
Tampa,Restaurants,0.005390835579514825,4.0,4.0,27,1092
Tampa,Restaurants,0.014814814814814815,4.0,4.0,227,184
Tampa,Restaurants,0.008298755186721992,4.0,4.0,227,745
Tampa,Restaurants,0.013123359580052493,4.0,3.5,227,159
Tampa,Restaurants,0.015570934256055362,4.0,4.0,227,360
Tampa,Restaurants,0.013835511145272867,4.0,4.0,227,1092
Tampa,Restaurants,0.017857142857142856,4.0,3.5,227,58
Tampa,Restaurants,0.006402048655569782,4.0,4.0,41,745
Tampa,Restaurants,0.017766497461928935,4.0,4.0,41,360
Tampa,Restaurants,0.02364066193853428,4.0,4.0,184,249
Tampa,Restaurants,0.017524644030668127,4.0,4.0,184,745
Tampa,Restaurants,0.03484320557491289,4.0,3.5,184,113
Tampa,Restaurants,0.017804154302670624,4.0,3.5,184,159
Tampa,Restaurants,0.03691275167785235,4.0,4.0,184,125
Tampa,Restaurants,0.044145873320537425,4.0,4.0,184,360
Tampa,Restaurants,0.021617293835068056,4.0,4.0,184,1092
Tampa,Restaurants,0.010221465076660987,4.0,4.5,184,409
Tampa,Restaurants,0.014527845036319613,3.0,4.0,59,360
Tampa,Restaurants,0.004363001745200698,3.0,4.0,59,1092
Tampa,Restaurants,0.016233766233766232,4.0,2.5,249,64
Tampa,Restaurants,0.014285714285714285,4.0,4.0,249,745
Tampa,Restaurants,0.028089887640449437,4.0,4.5,249,117
Tampa,Restaurants,0.016853932584269662,4.0,3.5,249,113
Tampa,Restaurants,0.01694915254237288,4.0,5.0,249,111
Tampa,Restaurants,0.014749262536873156,4.0,4.0,249,95
Tampa,Restaurants,0.014925373134328358,4.0,3.5,249,159
Tampa,Restaurants,0.01557632398753894,4.0,2.5,249,77
Tampa,Restaurants,0.03220338983050847,4.0,4.0,249,360
Tampa,Restaurants,0.02522935779816514,4.0,4.0,249,1092
Tampa,Restaurants,0.016778523489932886,4.0,4.0,249,54
Tampa,Restaurants,0.020833333333333332,4.0,4.5,249,94
Tampa,Restaurants,0.017001545595054096,4.0,4.5,249,409
Tampa,Restaurants,0.02197802197802198,4.0,3.5,249,30
Tampa,Restaurants,0.041666666666666664,2.0,3.0,77,73
Tampa,Restaurants,0.052941176470588235,4.5,4.0,55,124
Tampa,Restaurants,0.007471980074719801,2.5,4.0,64,745
Tampa,Restaurants,0.022935779816513763,2.5,3.5,64,159
Tampa,Restaurants,0.011933174224343675,2.5,4.0,64,360
Tampa,Restaurants,0.007803790412486065,4.0,3.5,745,159
Tampa,Restaurants,0.005780346820809248,4.0,4.0,745,125
Tampa,Restaurants,0.012832263978001834,4.0,4.0,745,360
Tampa,Restaurants,0.01379690949227373,4.0,4.0,745,1092
Tampa,Restaurants,0.008898776418242492,4.0,4.0,745,162
Tampa,Restaurants,0.004351610095735422,4.0,4.5,745,409
Tampa,Restaurants,0.012738853503184714,4.5,4.0,117,360
Tampa,Restaurants,0.0075,4.5,4.0,117,1092
Tampa,Restaurants,0.03783783783783784,4.5,4.5,117,75
Tampa,Restaurants,0.02926829268292683,4.5,4.5,117,94
Tampa,Restaurants,0.011538461538461539,4.5,4.5,117,409
Tampa,Restaurants,0.01643192488262911,3.0,4.0,73,360
Tampa,Restaurants,0.008658008658008658,3.0,4.0,73,1092
Tampa,Restaurants,0.026200873362445413,3.0,4.0,73,162
Tampa,Restaurants,0.02826086956521739,3.5,4.0,113,360
Tampa,Restaurants,0.0070921985815602835,4.0,4.0,44,1092
Tampa,Restaurants,0.021645021645021644,5.0,4.0,111,125
Tampa,Restaurants,0.010075566750629723,5.0,4.0,111,1092
Tampa,Restaurants,0.03205128205128205,3.5,4.0,37,124
Tampa,Restaurants,0.005080440304826418,4.0,4.0,95,1092
Tampa,Restaurants,0.01984126984126984,4.0,4.0,95,162
Tampa,Restaurants,0.019646365422396856,3.5,4.0,159,360
Tampa,Restaurants,0.012135922330097087,3.5,4.0,159,1092
Tampa,Restaurants,0.008880994671403197,3.5,4.5,159,409
Tampa,Restaurants,0.010416666666666666,4.0,4.0,125,360
Tampa,Restaurants,0.005785123966942148,4.0,4.0,125,1092
Tampa,Restaurants,0.022535211267605635,4.0,4.0,360,1092
Tampa,Restaurants,0.013592233009708738,4.0,4.0,360,162
Tampa,Restaurants,0.010438413361169102,4.0,4.0,360,124
Tampa,Restaurants,0.013986013986013986,4.0,4.5,360,75
Tampa,Restaurants,0.015659955257270694,4.0,4.5,360,94
Tampa,Restaurants,0.012106537530266344,4.0,3.5,360,58
Tampa,Restaurants,0.009186351706036745,4.0,4.5,360,409
Tampa,Restaurants,0.012987012987012988,4.0,3.5,360,30
Tampa,Restaurants,0.022123893805309734,3.5,4.0,69,162
Tampa,Restaurants,0.007475083056478406,4.0,3.5,1092,121
Tampa,Restaurants,0.0056134723336006415,4.0,4.0,1092,162
Tampa,Restaurants,0.006622516556291391,4.0,4.0,1092,124
Tampa,Restaurants,0.00516795865633075,4.0,4.5,1092,75
Tampa,Restaurants,0.0076465590484282074,4.0,4.5,1092,94
Tampa,Restaurants,0.0052863436123348016,4.0,3.0,1092,49
Tampa,Restaurants,0.007887817703768623,4.0,3.5,1092,58
Tampa,Restaurants,0.010094212651413189,4.0,4.5,1092,409
Tampa,Restaurants,0.005376344086021506,4.0,3.5,1092,30
Tampa,Restaurants,0.023696682464454975,4.0,4.0,162,54
Tampa,Restaurants,0.010438413361169102,4.5,4.5,75,409
Tampa,Italian,0.0165016501650165,4.0,3.0,23,285
Tampa,Italian,0.010638297872340425,3.0,3.5,285,380
Tampa,Italian,0.014687882496940025,3.0,3.5,285,544
Tampa,Italian,0.013333333333333334,3.0,4.0,285,95
Tampa,Italian,0.014084507042253521,3.0,4.5,285,75
Tampa,Italian,0.03471444568868981,3.5,3.5,380,544
Tampa,Italian,0.012024048096192385,3.5,4.0,380,125
Tampa,Italian,0.01393188854489164,3.5,5.0,544,111
Tampa,Italian,0.019817073170731708,3.5,4.0,544,125
Tampa,Italian,0.021645021645021644,5.0,4.0,111,125
Tampa,American (New),0.010903426791277258,4.0,4.0,548,101
Tampa,American (New),0.01871345029239766,4.0,4.0,548,323
Tampa,American (New),0.0077279752704791345,4.0,4.5,548,104
Tampa,American (New),0.01486988847583643,4.0,3.5,548,544
Tampa,American (New),0.008522727272727272,4.0,4.5,548,162
Tampa,American (New),0.011857707509881422,4.0,4.0,548,476
Tampa,American (New),0.02664796633941094,4.0,4.0,548,184
Tampa,American (New),0.014913657770800628,4.0,4.0,548,745
Tampa,American (New),0.05581395348837209,4.0,4.0,548,360
Tampa,American (New),0.012558869701726845,4.0,3.5,101,544
Tampa,American (New),0.017660044150110375,4.0,4.0,101,360
Tampa,American (New),0.01880141010575793,4.0,3.5,323,544
Tampa,American (New),0.02754237288135593,4.0,4.5,323,162
Tampa,American (New),0.012674271229404309,4.0,4.0,323,476
Tampa,American (New),0.028397565922920892,4.0,4.0,323,184
Tampa,American (New),0.011363636363636364,4.0,4.0,323,745
Tampa,American (New),0.02092675635276532,4.0,4.0,323,360
Tampa,American (New),0.0071174377224199285,4.5,4.0,104,745
Tampa,American (New),0.010014306151645207,3.5,4.5,544,162
Tampa,American (New),0.013916500994035786,3.5,4.0,544,476
Tampa,American (New),0.032624113475177303,3.5,4.0,544,184
Tampa,American (New),0.014960629921259842,3.5,4.0,544,745
Tampa,American (New),0.02844141069397042,3.5,4.0,544,360
Tampa,American (New),0.007132667617689016,3.5,4.0,544,162
Tampa,American (New),0.006091370558375634,4.0,4.0,246,745
Tampa,American (New),0.008319467554076539,4.0,4.0,246,360
Tampa,American (New),0.015384615384615385,4.0,4.0,476,184
Tampa,American (New),0.01076158940397351,4.0,4.0,476,745
Tampa,American (New),0.015795868772782502,4.0,4.0,476,360
Tampa,American (New),0.00949367088607595,4.0,4.0,476,162
Tampa,American (New),0.017524644030668127,4.0,4.0,184,745
Tampa,American (New),0.044145873320537425,4.0,4.0,184,360
Tampa,American (New),0.012832263978001834,4.0,4.0,745,360
Tampa,American (New),0.008898776418242492,4.0,4.0,745,162
Tampa,American (New),0.013592233009708738,4.0,4.0,360,162
Tampa,Pizza,0.012468827930174564,3.0,4.0,285,121
Tampa,Pizza,0.010752688172043012,3.0,4.0,285,185
Tampa,Pizza,0.014687882496940025,3.0,3.5,285,544
Tampa,Pizza,0.012594458438287154,3.0,4.5,285,117
Tampa,Pizza,0.020512820512820513,3.0,3.5,285,113
Tampa,Pizza,0.010638297872340425,4.0,3.5,121,544
Tampa,Pizza,0.02100840336134454,4.0,3.5,185,544
Tampa,Pizza,0.027586206896551724,4.0,3.5,185,113
Tampa,Pizza,0.01718213058419244,4.0,5.0,185,111
Tampa,Pizza,0.007621951219512195,3.5,4.5,544,117
Tampa,Pizza,0.007668711656441718,3.5,3.5,544,113
Tampa,Pizza,0.01393188854489164,3.5,5.0,544,111
Tampa,Pizza,0.019817073170731708,3.5,4.0,544,125
Tampa,Pizza,0.021645021645021644,5.0,4.0,111,125
Tampa,Pizza,0.03205128205128205,3.5,4.0,37,124
Tampa,Shopping,0.01644736842105263,3.0,3.5,88,221
Tampa,Food Trucks,0.01809954751131222,4.0,4.5,336,339
Tampa,Food Trucks,0.025048169556840076,4.5,4.5,339,193
Tampa,Desserts,0.0077279752704791345,4.5,3.5,108,544
Tampa,Desserts,0.03137254901960784,4.5,4.0,108,155
Tampa,Desserts,0.008183306055646482,3.5,4.0,544,72
Tampa,Desserts,0.011382113821138212,3.5,4.0,544,78
Tampa,Desserts,0.011577424023154847,3.5,4.0,544,155
Tampa,Desserts,0.021929824561403508,4.0,4.0,78,155
Tampa,Fast Food,0.010845986984815618,4.0,4.5,121,345
Tampa,Sandwiches,0.021660649819494584,4.5,3.5,162,121
Tampa,Sandwiches,0.07407407407407407,4.0,3.0,72,73
Tampa,Sandwiches,0.0375,4.0,4.5,72,94
Tampa,Pubs,0.02857142857142857,4.0,4.0,108,360
Tampa,Pubs,0.022004889975550123,3.5,4.0,58,360
Tampa,Bars,0.017054263565891473,4.0,4.0,108,548
Tampa,Bars,0.028795811518324606,4.0,3.0,108,285
Tampa,Bars,0.0057405281285878304,4.0,3.5,108,768
Tampa,Bars,0.018789144050104383,4.0,3.5,108,380
Tampa,Bars,0.009287925696594427,4.0,3.5,108,544
Tampa,Bars,0.026455026455026454,4.0,3.0,108,86
Tampa,Bars,0.018970189701897018,4.0,3.5,108,268
Tampa,Bars,0.021341463414634148,4.0,4.0,108,227
Tampa,Bars,0.02857142857142857,4.0,4.0,108,360
Tampa,Bars,0.009251471825063078,4.0,4.0,108,1092
Tampa,Bars,0.017094017094017096,4.0,3.0,548,285
Tampa,Bars,0.009202453987730062,4.0,3.5,548,768
Tampa,Bars,0.00847457627118644,4.0,4.0,548,47
Tampa,Bars,0.020902090209020903,4.0,3.5,548,380
Tampa,Bars,0.012364760432766615,4.0,3.0,548,107
Tampa,Bars,0.01486988847583643,4.0,3.5,548,544
Tampa,Bars,0.016025641025641024,4.0,3.0,548,86
Tampa,Bars,0.008741258741258742,4.0,4.0,548,29
Tampa,Bars,0.011461318051575931,4.0,3.5,548,158
Tampa,Bars,0.018726591760299626,4.0,3.5,548,268
Tampa,Bars,0.01174934725848564,4.0,4.0,548,227
Tampa,Bars,0.02664796633941094,4.0,4.0,548,184
Tampa,Bars,0.008389261744966443,4.0,4.0,548,53
Tampa,Bars,0.007836990595611285,4.0,4.0,548,95
Tampa,Bars,0.01192504258943782,4.0,4.0,548,46
Tampa,Bars,0.05581395348837209,4.0,4.0,548,360
Tampa,Bars,0.022443890274314215,4.0,4.0,548,1092
Tampa,Bars,0.008450704225352112,3.0,3.5,172,544
Tampa,Bars,0.03125,3.0,3.5,172,158
Tampa,Bars,0.019157088122605363,3.0,4.0,172,360
Tampa,Bars,0.005568814638027049,3.0,4.0,172,1092
Tampa,Bars,0.018315018315018316,3.0,4.5,172,106
Tampa,Bars,0.007317073170731708,3.5,3.5,58,768
Tampa,Bars,0.011764705882352941,3.5,3.5,58,544
Tampa,Bars,0.022004889975550123,3.5,4.0,58,360
Tampa,Bars,0.005244755244755245,3.5,4.0,58,1092
Tampa,Bars,0.0057306590257879654,3.0,3.5,285,768
Tampa,Bars,0.01529051987767584,3.0,4.0,285,47
Tampa,Bars,0.010638297872340425,3.0,3.5,285,380
Tampa,Bars,0.014687882496940025,3.0,3.5,285,544
Tampa,Bars,0.02029520295202952,3.0,3.5,285,268
Tampa,Bars,0.01956521739130435,3.0,4.0,285,184
Tampa,Bars,0.013333333333333334,3.0,4.0,285,95
Tampa,Bars,0.014005602240896359,3.0,2.5,285,77
Tampa,Bars,0.023809523809523808,3.0,4.0,285,360
Tampa,Bars,0.022271714922048998,3.0,4.0,285,1092
Tampa,Bars,0.015909090909090907,3.0,4.0,285,162
Tampa,Bars,0.012539184952978056,3.5,4.0,768,201
Tampa,Bars,0.019538188277087035,3.5,3.5,768,380
Tampa,Bars,0.021806853582554516,3.5,3.5,768,544
Tampa,Bars,0.007075471698113208,3.5,3.0,768,86
Tampa,Bars,0.006802721088435374,3.5,3.5,768,268
Tampa,Bars,0.01842374616171955,3.5,4.0,768,227
Tampa,Bars,0.01276595744680851,3.5,4.0,768,184
Tampa,Bars,0.007900677200902935,3.5,4.0,768,125
Tampa,Bars,0.014388489208633094,3.5,4.0,768,360
Tampa,Bars,0.01694915254237288,3.5,4.0,768,1092
Tampa,Bars,0.023255813953488372,2.0,4.5,114,106
Tampa,Bars,0.013961605584642234,4.0,3.5,201,380
Tampa,Bars,0.019151846785225718,4.0,3.5,201,544
Tampa,Bars,0.01182033096926714,4.0,4.0,201,227
Tampa,Bars,0.013157894736842105,4.0,4.0,201,184
Tampa,Bars,0.008992805755395683,4.0,4.0,201,360
Tampa,Bars,0.0109460516028147,4.0,4.0,201,1092
Tampa,Bars,0.011848341232227487,4.0,3.5,47,380
Tampa,Bars,0.03471444568868981,3.5,3.5,380,544
Tampa,Bars,0.013043478260869565,3.5,3.0,380,86
Tampa,Bars,0.0125,3.5,3.5,380,268
Tampa,Bars,0.018456375838926176,3.5,4.0,380,227
Tampa,Bars,0.03486238532110092,3.5,4.0,380,184
Tampa,Bars,0.012024048096192385,3.5,4.0,380,125
Tampa,Bars,0.03496503496503497,3.5,4.0,380,360
Tampa,Bars,0.022222222222222223,3.5,4.0,380,1092
Tampa,Bars,0.03208556149732621,3.0,3.0,107,86
Tampa,Bars,0.019230769230769232,3.0,3.5,107,158
Tampa,Bars,0.019650655021834062,3.0,4.0,107,360
Tampa,Bars,0.014492753623188406,3.5,3.0,544,86
Tampa,Bars,0.007173601147776184,3.5,3.5,544,158
Tampa,Bars,0.022670025188916875,3.5,3.5,544,268
Tampa,Bars,0.02390438247011952,3.5,4.0,544,227
Tampa,Bars,0.032624113475177303,3.5,4.0,544,184
Tampa,Bars,0.019817073170731708,3.5,4.0,544,125
Tampa,Bars,0.02844141069397042,3.5,4.0,544,360
Tampa,Bars,0.03609879670677644,3.5,4.0,544,1092
Tampa,Bars,0.007132667617689016,3.5,4.0,544,162
Tampa,Bars,0.023121387283236993,3.0,3.5,86,268
Tampa,Bars,0.03642384105960265,3.0,4.0,86,227
Tampa,Bars,0.03002309468822171,3.0,4.0,86,360
Tampa,Bars,0.006837606837606838,3.0,4.0,86,1092
Tampa,Bars,0.004280821917808219,4.0,4.0,81,1092
Tampa,Bars,0.030303030303030304,3.5,4.0,158,46
Tampa,Bars,0.01968503937007874,3.5,4.0,158,360
Tampa,Bars,0.008064516129032258,3.5,4.0,158,1092
Tampa,Bars,0.03125,3.5,4.0,268,227
Tampa,Bars,0.01948051948051948,3.5,4.0,268,360
Tampa,Bars,0.017964071856287425,3.5,4.0,268,1092
Tampa,Bars,0.014814814814814815,4.0,4.0,227,184
Tampa,Bars,0.015570934256055362,4.0,4.0,227,360
Tampa,Bars,0.013835511145272867,4.0,4.0,227,1092
Tampa,Bars,0.03691275167785235,4.0,4.0,184,125
Tampa,Bars,0.044145873320537425,4.0,4.0,184,360
Tampa,Bars,0.021617293835068056,4.0,4.0,184,1092
Tampa,Bars,0.019753086419753086,4.0,4.0,53,360
Tampa,Bars,0.005080440304826418,4.0,4.0,95,1092
Tampa,Bars,0.01984126984126984,4.0,4.0,95,162
Tampa,Bars,0.010416666666666666,4.0,4.0,125,360
Tampa,Bars,0.005785123966942148,4.0,4.0,125,1092
Tampa,Bars,0.022670025188916875,4.0,4.0,46,360
Tampa,Bars,0.022535211267605635,4.0,4.0,360,1092
Tampa,Bars,0.013592233009708738,4.0,4.0,360,162
Tampa,Bars,0.0056134723336006415,4.0,4.0,1092,162
Tampa,Nightlife,0.017054263565891473,4.0,4.0,108,548
Tampa,Nightlife,0.028795811518324606,4.0,3.0,108,285
Tampa,Nightlife,0.02734375,4.0,3.5,108,155
Tampa,Nightlife,0.0057405281285878304,4.0,3.5,108,768
Tampa,Nightlife,0.018789144050104383,4.0,3.5,108,380
Tampa,Nightlife,0.009287925696594427,4.0,3.5,108,544
Tampa,Nightlife,0.026455026455026454,4.0,3.0,108,86
Tampa,Nightlife,0.018970189701897018,4.0,3.5,108,268
Tampa,Nightlife,0.021341463414634148,4.0,4.0,108,227
Tampa,Nightlife,0.02857142857142857,4.0,4.0,108,360
Tampa,Nightlife,0.009251471825063078,4.0,4.0,108,1092
Tampa,Nightlife,0.017094017094017096,4.0,3.0,548,285
Tampa,Nightlife,0.020319303338171262,4.0,3.5,548,155
Tampa,Nightlife,0.009202453987730062,4.0,3.5,548,768
Tampa,Nightlife,0.00847457627118644,4.0,4.0,548,47
Tampa,Nightlife,0.020902090209020903,4.0,3.5,548,380
Tampa,Nightlife,0.012364760432766615,4.0,3.0,548,107
Tampa,Nightlife,0.01486988847583643,4.0,3.5,548,544
Tampa,Nightlife,0.016025641025641024,4.0,3.0,548,86
Tampa,Nightlife,0.008741258741258742,4.0,4.0,548,29
Tampa,Nightlife,0.011461318051575931,4.0,3.5,548,158
Tampa,Nightlife,0.018726591760299626,4.0,3.5,548,268
Tampa,Nightlife,0.01174934725848564,4.0,4.0,548,227
Tampa,Nightlife,0.02664796633941094,4.0,4.0,548,184
Tampa,Nightlife,0.008389261744966443,4.0,4.0,548,53
Tampa,Nightlife,0.007836990595611285,4.0,4.0,548,95
Tampa,Nightlife,0.01192504258943782,4.0,4.0,548,46
Tampa,Nightlife,0.05581395348837209,4.0,4.0,548,360
Tampa,Nightlife,0.022443890274314215,4.0,4.0,548,1092
Tampa,Nightlife,0.008450704225352112,3.0,3.5,172,544
Tampa,Nightlife,0.03125,3.0,3.5,172,158
Tampa,Nightlife,0.019157088122605363,3.0,4.0,172,360
Tampa,Nightlife,0.005568814638027049,3.0,4.0,172,1092
Tampa,Nightlife,0.018315018315018316,3.0,4.5,172,106
Tampa,Nightlife,0.007317073170731708,3.5,3.5,58,768
Tampa,Nightlife,0.011764705882352941,3.5,3.5,58,544
Tampa,Nightlife,0.022004889975550123,3.5,4.0,58,360
Tampa,Nightlife,0.005244755244755245,3.5,4.0,58,1092
Tampa,Nightlife,0.03773584905660377,3.0,3.5,285,155
Tampa,Nightlife,0.0057306590257879654,3.0,3.5,285,768
Tampa,Nightlife,0.01529051987767584,3.0,4.0,285,47
Tampa,Nightlife,0.010638297872340425,3.0,3.5,285,380
Tampa,Nightlife,0.014687882496940025,3.0,3.5,285,544
Tampa,Nightlife,0.02029520295202952,3.0,3.5,285,268
Tampa,Nightlife,0.01956521739130435,3.0,4.0,285,184
Tampa,Nightlife,0.013333333333333334,3.0,4.0,285,95
Tampa,Nightlife,0.014005602240896359,3.0,2.5,285,77
Tampa,Nightlife,0.023809523809523808,3.0,4.0,285,360
Tampa,Nightlife,0.022271714922048998,3.0,4.0,285,1092
Tampa,Nightlife,0.015909090909090907,3.0,4.0,285,162
Tampa,Nightlife,0.009846827133479213,3.5,3.5,155,768
Tampa,Nightlife,0.030612244897959183,3.5,4.0,155,47
Tampa,Nightlife,0.030828516377649325,3.5,3.5,155,380
Tampa,Nightlife,0.021929824561403508,3.5,3.5,155,544
Tampa,Nightlife,0.0211864406779661,3.5,3.0,155,86
Tampa,Nightlife,0.014388489208633094,3.5,3.5,155,268
Tampa,Nightlife,0.018666666666666668,3.5,4.0,155,227
Tampa,Nightlife,0.030395136778115502,3.5,4.0,155,184
Tampa,Nightlife,0.027944111776447105,3.5,4.0,155,360
Tampa,Nightlife,0.0113544201135442,3.5,4.0,155,1092
Tampa,Nightlife,0.012539184952978056,3.5,4.0,768,201
Tampa,Nightlife,0.019538188277087035,3.5,3.5,768,380
Tampa,Nightlife,0.021806853582554516,3.5,3.5,768,544
Tampa,Nightlife,0.007075471698113208,3.5,3.0,768,86
Tampa,Nightlife,0.006802721088435374,3.5,3.5,768,268
Tampa,Nightlife,0.01842374616171955,3.5,4.0,768,227
Tampa,Nightlife,0.01276595744680851,3.5,4.0,768,184
Tampa,Nightlife,0.007900677200902935,3.5,4.0,768,125
Tampa,Nightlife,0.014388489208633094,3.5,4.0,768,360
Tampa,Nightlife,0.01694915254237288,3.5,4.0,768,1092
Tampa,Nightlife,0.023255813953488372,2.0,4.5,114,106
Tampa,Nightlife,0.013961605584642234,4.0,3.5,201,380
Tampa,Nightlife,0.019151846785225718,4.0,3.5,201,544
Tampa,Nightlife,0.01182033096926714,4.0,4.0,201,227
Tampa,Nightlife,0.013157894736842105,4.0,4.0,201,184
Tampa,Nightlife,0.008992805755395683,4.0,4.0,201,360
Tampa,Nightlife,0.0109460516028147,4.0,4.0,201,1092
Tampa,Nightlife,0.011848341232227487,4.0,3.5,47,380
Tampa,Nightlife,0.03471444568868981,3.5,3.5,380,544
Tampa,Nightlife,0.013043478260869565,3.5,3.0,380,86
Tampa,Nightlife,0.0125,3.5,3.5,380,268
Tampa,Nightlife,0.018456375838926176,3.5,4.0,380,227
Tampa,Nightlife,0.03486238532110092,3.5,4.0,380,184
Tampa,Nightlife,0.012024048096192385,3.5,4.0,380,125
Tampa,Nightlife,0.03496503496503497,3.5,4.0,380,360
Tampa,Nightlife,0.022222222222222223,3.5,4.0,380,1092
Tampa,Nightlife,0.03208556149732621,3.0,3.0,107,86
Tampa,Nightlife,0.019230769230769232,3.0,3.5,107,158
Tampa,Nightlife,0.019650655021834062,3.0,4.0,107,360
Tampa,Nightlife,0.014492753623188406,3.5,3.0,544,86
Tampa,Nightlife,0.007173601147776184,3.5,3.5,544,158
Tampa,Nightlife,0.022670025188916875,3.5,3.5,544,268
Tampa,Nightlife,0.02390438247011952,3.5,4.0,544,227
Tampa,Nightlife,0.032624113475177303,3.5,4.0,544,184
Tampa,Nightlife,0.019817073170731708,3.5,4.0,544,125
Tampa,Nightlife,0.02844141069397042,3.5,4.0,544,360
Tampa,Nightlife,0.03609879670677644,3.5,4.0,544,1092
Tampa,Nightlife,0.007132667617689016,3.5,4.0,544,162
Tampa,Nightlife,0.023121387283236993,3.0,3.5,86,268
Tampa,Nightlife,0.03642384105960265,3.0,4.0,86,227
Tampa,Nightlife,0.03002309468822171,3.0,4.0,86,360
Tampa,Nightlife,0.006837606837606838,3.0,4.0,86,1092
Tampa,Nightlife,0.004280821917808219,4.0,4.0,81,1092
Tampa,Nightlife,0.030303030303030304,3.5,4.0,158,46
Tampa,Nightlife,0.01968503937007874,3.5,4.0,158,360
Tampa,Nightlife,0.008064516129032258,3.5,4.0,158,1092
Tampa,Nightlife,0.03125,3.5,4.0,268,227
Tampa,Nightlife,0.01948051948051948,3.5,4.0,268,360
Tampa,Nightlife,0.017964071856287425,3.5,4.0,268,1092
Tampa,Nightlife,0.014814814814814815,4.0,4.0,227,184
Tampa,Nightlife,0.015570934256055362,4.0,4.0,227,360
Tampa,Nightlife,0.013835511145272867,4.0,4.0,227,1092
Tampa,Nightlife,0.03691275167785235,4.0,4.0,184,125
Tampa,Nightlife,0.044145873320537425,4.0,4.0,184,360
Tampa,Nightlife,0.021617293835068056,4.0,4.0,184,1092
Tampa,Nightlife,0.019753086419753086,4.0,4.0,53,360
Tampa,Nightlife,0.005080440304826418,4.0,4.0,95,1092
Tampa,Nightlife,0.01984126984126984,4.0,4.0,95,162
Tampa,Nightlife,0.010416666666666666,4.0,4.0,125,360
Tampa,Nightlife,0.005785123966942148,4.0,4.0,125,1092
Tampa,Nightlife,0.022670025188916875,4.0,4.0,46,360
Tampa,Nightlife,0.022535211267605635,4.0,4.0,360,1092
Tampa,Nightlife,0.013592233009708738,4.0,4.0,360,162
Tampa,Nightlife,0.0056134723336006415,4.0,4.0,1092,162
Tampa,Arts & Entertainment,0.028795811518324606,4.0,3.0,108,285
Tampa,Arts & Entertainment,0.018789144050104383,4.0,3.5,108,380
Tampa,Arts & Entertainment,0.012315270935960592,4.5,3.5,31,380
Tampa,Arts & Entertainment,0.010638297872340425,3.0,3.5,285,380
Tampa,Arts & Entertainment,0.014005602240896359,3.0,2.5,285,77
Tampa,Arts & Entertainment,0.0196078431372549,3.0,3.0,285,131
Tampa,Arts & Entertainment,0.010968921389396709,2.5,3.5,173,380
Tampa,Arts & Entertainment,0.009765625,3.5,4.0,380,137
Tampa,Arts & Entertainment,0.015904572564612324,3.5,3.0,380,131
Tampa,Music Venues,0.018789144050104383,4.0,3.5,108,380
Tampa,Burgers,0.018691588785046728,3.5,3.0,42,285
Tampa,Burgers,0.016853932584269662,3.0,2.0,285,77
Tampa,Salad,0.0044286979627989375,3.5,4.0,42,1092
Tampa,Salad,0.017777777777777778,4.0,3.5,336,122
Tampa,Salad,0.023255813953488372,4.0,3.5,336,544
Tampa,Salad,0.027139874739039668,4.0,4.0,336,156
Tampa,Salad,0.01781895937277263,4.0,4.0,336,1092
Tampa,Salad,0.0121580547112462,3.5,3.5,122,544
Tampa,Salad,0.018315018315018316,3.5,4.0,122,156
Tampa,Salad,0.006633499170812604,3.5,4.0,122,1092
Tampa,Salad,0.01098901098901099,3.5,3.5,100,544
Tampa,Salad,0.008460236886632826,3.5,4.0,100,1092
Tampa,Salad,0.015965166908563134,3.5,4.0,544,156
Tampa,Salad,0.008183306055646482,3.5,4.0,544,72
Tampa,Salad,0.007621951219512195,3.5,4.5,544,117
Tampa,Salad,0.011475409836065573,3.5,3.0,544,73
Tampa,Salad,0.03609879670677644,3.5,4.0,544,1092
Tampa,Salad,0.011345218800648298,4.0,4.0,156,1092
Tampa,Salad,0.07407407407407407,4.0,3.0,72,73
Tampa,Salad,0.0051813471502590676,4.0,4.0,72,1092
Tampa,Salad,0.03597122302158273,4.0,4.5,27,117
Tampa,Salad,0.005390835579514825,4.0,4.0,27,1092
Tampa,Salad,0.0075,4.5,4.0,117,1092
Tampa,Salad,0.008658008658008658,3.0,4.0,73,1092
Tampa,Salad,0.0052863436123348016,4.0,3.0,1092,49
Tampa,Coffee & Tea,0.01455026455026455,4.0,4.5,548,219
Tampa,Coffee & Tea,0.03067484662576687,4.0,4.0,548,459
Tampa,Coffee & Tea,0.05581395348837209,4.0,4.0,548,360
Tampa,Coffee & Tea,0.00967741935483871,4.0,4.0,548,78
Tampa,Coffee & Tea,0.013812154696132596,4.0,4.5,148,219
Tampa,Coffee & Tea,0.030508474576271188,4.0,4.0,148,459
Tampa,Coffee & Tea,0.018036072144288578,4.0,4.0,148,360
Tampa,Coffee & Tea,0.02262443438914027,4.0,4.0,148,78
Tampa,Coffee & Tea,0.017991004497751123,4.5,4.0,219,459
Tampa,Coffee & Tea,0.01757469244288225,4.5,4.0,219,360
Tampa,Coffee & Tea,0.028858218318695106,4.0,4.0,459,360
Tampa,Coffee & Tea,0.013182674199623353,4.0,4.0,459,78
Tampa,Coffee & Tea,0.011547344110854504,4.0,4.0,360,78
Tampa,Breakfast & Brunch,0.010903426791277258,4.0,4.0,548,101
Tampa,Breakfast & Brunch,0.0077279752704791345,4.0,4.5,548,104
Tampa,Breakfast & Brunch,0.009202453987730062,4.0,3.5,548,768
Tampa,Breakfast & Brunch,0.01486988847583643,4.0,3.5,548,544
Tampa,Breakfast & Brunch,0.008522727272727272,4.0,4.5,548,162
Tampa,Breakfast & Brunch,0.015781922525107604,4.0,4.0,548,160
Tampa,Breakfast & Brunch,0.02962962962962963,3.0,4.0,172,106
Tampa,Breakfast & Brunch,0.008450704225352112,3.0,3.5,172,544
Tampa,Breakfast & Brunch,0.0182370820668693,3.0,4.5,172,163
Tampa,Breakfast & Brunch,0.006952491309385863,4.0,3.5,101,768
Tampa,Breakfast & Brunch,0.012558869701726845,4.0,3.5,101,544
Tampa,Breakfast & Brunch,0.021806853582554516,3.5,3.5,768,544
Tampa,Breakfast & Brunch,0.007583965330444204,3.5,4.5,768,162
Tampa,Breakfast & Brunch,0.005656108597285068,3.5,3.5,768,121
Tampa,Breakfast & Brunch,0.03292181069958848,4.0,4.5,88,163
Tampa,Breakfast & Brunch,0.010014306151645207,3.5,4.5,544,162
Tampa,Breakfast & Brunch,0.011475409836065573,3.5,3.0,544,73
Tampa,Breakfast & Brunch,0.007132667617689016,3.5,4.0,544,162
Tampa,Breakfast & Brunch,0.021660649819494584,4.5,3.5,162,121
Tampa,Breakfast & Brunch,0.041666666666666664,2.0,3.0,77,73
Tampa,Breakfast & Brunch,0.026200873362445413,3.0,4.0,73,162
Tampa,Sushi Bars,0.0182648401826484,4.0,4.0,325,121
Tampa,Sushi Bars,0.0328125,4.0,4.0,325,336
Tampa,Sushi Bars,0.009404388714733543,4.0,4.0,325,319
Tampa,Sushi Bars,0.036281179138321996,4.0,4.0,121,336
Tampa,Sushi Bars,0.018518518518518517,4.0,4.0,121,319
Tampa,Sushi Bars,0.009244992295839754,4.0,4.0,336,319
Tampa,Sushi Bars,0.024096385542168676,4.0,4.0,106,319
Tampa,Sushi Bars,0.041666666666666664,4.0,4.0,106,69
Tampa,Sushi Bars,0.03048780487804878,4.0,3.5,106,63
Tampa,Sushi Bars,0.014989293361884369,3.5,4.0,155,319
Tampa,Sushi Bars,0.013054830287206266,4.0,4.0,319,69
Tampa,Japanese,0.0182648401826484,4.0,4.0,325,121
Tampa,Japanese,0.009404388714733543,4.0,4.0,325,319
Tampa,Japanese,0.018518518518518517,4.0,4.0,121,319
Tampa,Japanese,0.024096385542168676,4.0,4.0,106,319
Tampa,Japanese,0.041666666666666664,4.0,4.0,106,69
Tampa,Japanese,0.03048780487804878,4.0,3.5,106,63
Tampa,Japanese,0.014989293361884369,3.5,4.0,155,319
Tampa,Japanese,0.013054830287206266,4.0,4.0,319,69
Tampa,Bakeries,0.03571428571428571,4.5,4.0,67,78
Tampa,Latin American,0.024886877828054297,4.0,4.5,316,137
Tampa,Latin American,0.042435424354243544,4.0,4.0,316,249
Tampa,Latin American,0.03485254691689008,4.5,4.0,137,249
Tampa,Barbeque,0.011538461538461539,4.5,4.5,117,409
Tampa,Asian Fusion,0.0328125,4.0,4.0,325,336
Tampa,Asian Fusion,0.009404388714733543,4.0,4.0,325,319
Tampa,Asian Fusion,0.0136986301369863,4.0,4.5,336,108
Tampa,Asian Fusion,0.009244992295839754,4.0,4.0,336,319
Tampa,Acai Bowls,0.02288329519450801,4.0,3.5,325,122
Tampa,Acai Bowls,0.046189376443418015,4.0,4.0,325,128
Tampa,Acai Bowls,0.02459016393442623,3.5,4.0,122,128
Tampa,Poke,0.046189376443418015,4.0,4.0,325,128
Tampa,Event Planning & Services,0.006127450980392157,4.0,4.0,76,745
Tampa,Event Planning & Services,0.008353221957040573,5.0,3.5,77,768
Tampa,Event Planning & Services,0.0051440329218107,3.5,2.5,768,209
Tampa,Event Planning & Services,0.01842374616171955,3.5,4.0,768,227
Tampa,Event Planning & Services,0.01276595744680851,3.5,4.0,768,184
Tampa,Event Planning & Services,0.009339559706470981,3.5,4.0,768,745
Tampa,Event Planning & Services,0.005952380952380952,3.5,4.0,100,745
Tampa,Event Planning & Services,0.006091370558375634,4.0,4.0,246,745
Tampa,Event Planning & Services,0.005567928730512249,3.5,4.0,158,745
Tampa,Event Planning & Services,0.014814814814814815,4.0,4.0,227,184
Tampa,Event Planning & Services,0.008298755186721992,4.0,4.0,227,745
Tampa,Event Planning & Services,0.017524644030668127,4.0,4.0,184,745
Tampa,Guns & Ammo,0.01644736842105263,3.0,3.5,88,221
Tampa,Greek,0.012084592145015106,4.0,4.5,325,345
Tampa,Greek,0.01050420168067227,4.0,4.0,325,156
Tampa,Greek,0.016203703703703703,4.5,4.5,345,94
Tampa,Mediterranean,0.012084592145015106,4.0,4.5,325,345
Tampa,Mediterranean,0.009596928982725527,4.0,4.0,325,201
Tampa,Mediterranean,0.016203703703703703,4.5,4.5,345,94
Tampa,Seafood,0.012853470437017995,4.0,4.0,316,78
Tampa,Seafood,0.017605633802816902,4.0,3.5,316,262
Tampa,Seafood,0.010802469135802469,4.0,4.5,316,339
Tampa,Seafood,0.01921229586935639,4.0,4.0,316,745
Tampa,Seafood,0.021367521367521368,4.0,4.0,316,162
Tampa,Seafood,0.013490725126475547,3.5,4.5,262,339
Tampa,Seafood,0.010030090270812437,3.5,4.0,262,745
Tampa,Seafood,0.016786570743405275,3.5,4.0,262,162
Tampa,Seafood,0.010251630941286114,4.5,4.0,339,745
Tampa,Seafood,0.008898776418242492,4.0,4.0,745,162
Tampa,Peruvian,0.042435424354243544,4.0,4.0,316,249
Tampa,Specialty Food,0.05970149253731343,4.0,4.0,122,91
Tampa,Mexican,0.016713091922005572,3.0,4.5,172,193
Tampa,Mexican,0.005568814638027049,3.0,4.0,172,1092
Tampa,Mexican,0.025048169556840076,4.5,4.5,339,193
Tampa,Mexican,0.012738853503184714,4.5,4.0,339,1092
Tampa,Mexican,0.01260835303388495,4.5,4.0,193,1092
Tampa,Mexican,0.008431703204047217,4.0,4.0,104,1092
Tampa,Mexican,0.017964071856287425,3.5,4.0,268,1092
Tampa,Mexican,0.007887817703768623,4.0,3.5,1092,58
Tampa,Tex-Mex,0.016713091922005572,3.0,4.5,172,193
Tampa,Sports Bars,0.03125,3.0,3.5,172,158
Tampa,Sports Bars,0.018315018315018316,3.0,4.5,172,106
Tampa,Gluten-Free,0.027586206896551724,4.0,3.5,185,113
Tampa,Ice Cream & Frozen Yogurt,0.03137254901960784,4.5,4.0,108,155
Tampa,Cocktail Bars,0.013961605584642234,4.0,3.5,201,380
Tampa,Cocktail Bars,0.012024048096192385,3.5,4.0,380,125
Tampa,Tapas/Small Plates,0.013157894736842105,4.0,4.0,201,184
Tampa,Tapas/Small Plates,0.03691275167785235,4.0,4.0,184,125
Tampa,American (Traditional),0.024883359253499222,4.0,4.0,323,336
Tampa,American (Traditional),0.009250693802035153,4.0,3.5,323,768
Tampa,American (Traditional),0.02754237288135593,4.0,4.5,323,162
Tampa,American (Traditional),0.019067796610169493,4.0,3.5,323,158
Tampa,American (Traditional),0.012674271229404309,4.0,4.0,323,476
Tampa,American (Traditional),0.009174311926605505,4.0,4.0,323,227
Tampa,American (Traditional),0.02092675635276532,4.0,4.0,323,360
Tampa,American (Traditional),0.016666666666666666,4.0,4.5,323,409
Tampa,American (Traditional),0.032679738562091505,3.5,4.0,70,88
Tampa,American (Traditional),0.009140767824497258,4.0,3.5,336,768
Tampa,American (Traditional),0.018404907975460124,4.0,4.5,336,162
Tampa,American (Traditional),0.009950248756218905,4.0,4.0,336,476
Tampa,American (Traditional),0.010771992818671455,4.0,4.0,336,227
Tampa,American (Traditional),0.013100436681222707,4.0,4.0,336,360
Tampa,American (Traditional),0.02054794520547945,4.0,4.5,336,409
Tampa,American (Traditional),0.019305019305019305,4.0,3.5,106,158
Tampa,American (Traditional),0.007583965330444204,3.5,4.5,768,162
Tampa,American (Traditional),0.0072874493927125505,3.5,4.0,768,476
Tampa,American (Traditional),0.01842374616171955,3.5,4.0,768,227
Tampa,American (Traditional),0.014388489208633094,3.5,4.0,768,360
Tampa,American (Traditional),0.004266211604095563,3.5,4.5,768,409
Tampa,American (Traditional),0.023255813953488372,2.0,4.5,114,106
Tampa,American (Traditional),0.01968503937007874,3.5,4.0,158,360
Tampa,American (Traditional),0.010040160642570281,4.0,4.0,476,27
Tampa,American (Traditional),0.015795868772782502,4.0,4.0,476,360
Tampa,American (Traditional),0.00949367088607595,4.0,4.0,476,162
Tampa,American (Traditional),0.006825938566552901,4.0,4.5,476,409
Tampa,American (Traditional),0.015570934256055362,4.0,4.0,227,360
Tampa,American (Traditional),0.013592233009708738,4.0,4.0,360,162
Tampa,American (Traditional),0.009186351706036745,4.0,4.5,360,409
Tampa,American (Traditional),0.023696682464454975,4.0,4.0,162,54
Tampa,Diners,0.023305084745762712,4.0,4.0,323,160
Tampa,Chinese,0.031746031746031744,4.0,4.5,78,117
Tampa,Lounges,0.01529051987767584,3.0,4.0,285,47
Tampa,Lounges,0.02029520295202952,3.0,3.5,285,268
Tampa,Lounges,0.014005602240896359,3.0,2.5,285,77
Tampa,Cinema,0.0196078431372549,3.0,3.0,285,131
Tampa,Juice Bars & Smoothies,0.02459016393442623,3.5,4.0,122,128
Tampa,Chicken Wings,0.03333333333333333,4.0,4.5,78,108
Tampa,Active Life,0.01644736842105263,3.0,3.5,88,221
Tampa,Active Life,0.03546099290780142,5.0,4.5,72,74
Tampa,Venues & Event Spaces,0.01842374616171955,3.5,4.0,768,227
Tampa,Venues & Event Spaces,0.01276595744680851,3.5,4.0,768,184
Tampa,Venues & Event Spaces,0.009339559706470981,3.5,4.0,768,745
Tampa,Venues & Event Spaces,0.005567928730512249,3.5,4.0,158,745
Tampa,Venues & Event Spaces,0.014814814814814815,4.0,4.0,227,184
Tampa,Venues & Event Spaces,0.008298755186721992,4.0,4.0,227,745
Tampa,Venues & Event Spaces,0.017524644030668127,4.0,4.0,184,745
Tampa,Wine Bars,0.032624113475177303,3.5,4.0,544,184
Tampa,Gun/Rifle Ranges,0.01644736842105263,3.0,3.5,88,221
Tampa,Steakhouses,0.015822784810126583,3.5,3.5,262,380
Tampa,Steakhouses,0.010030090270812437,3.5,4.0,262,745
Tampa,Steakhouses,0.011337868480725623,3.5,3.5,380,66
Tampa,Steakhouses,0.016260162601626018,3.5,4.0,380,745
Tampa,Steakhouses,0.020833333333333332,3.5,3.5,380,159
Tampa,Steakhouses,0.00620347394540943,3.5,4.0,66,745
Tampa,Steakhouses,0.007803790412486065,4.0,3.5,745,159
Indianapolis,Restaurants,0.012072434607645875,3.5,4.0,257,246
Indianapolis,Restaurants,0.00980392156862745,3.5,3.5,257,258
Indianapolis,Restaurants,0.011627906976744186,3.5,4.0,257,178
Indianapolis,Restaurants,0.010570824524312896,3.5,3.5,257,221
Indianapolis,Restaurants,0.010033444816053512,3.5,4.0,257,346
Indianapolis,Restaurants,0.008670520231213872,3.5,4.0,257,441
Indianapolis,Restaurants,0.01567398119122257,3.5,3.0,257,67
Indianapolis,Restaurants,0.010245901639344262,3.5,4.5,257,236
Indianapolis,Restaurants,0.004297114794352364,3.5,4.0,257,1379
Indianapolis,Restaurants,0.016091954022988506,3.5,4.0,257,184
Indianapolis,Restaurants,0.013280212483399735,3.5,4.5,257,506
Indianapolis,Restaurants,0.011214953271028037,3.5,3.5,257,284
Indianapolis,Restaurants,0.01436265709156194,3.5,4.0,257,308
Indianapolis,Restaurants,0.011834319526627219,3.5,4.0,257,427
Indianapolis,Restaurants,0.013157894736842105,3.5,4.0,257,128
Indianapolis,Restaurants,0.008741258741258742,3.5,4.0,257,320
Indianapolis,Restaurants,0.018867924528301886,3.5,4.0,257,175
Indianapolis,Restaurants,0.022277227722772276,3.5,4.0,257,156
Indianapolis,Restaurants,0.006557377049180328,3.5,4.5,257,971
Indianapolis,Restaurants,0.0035790980672870437,2.5,4.0,23,1379
Indianapolis,Restaurants,0.013392857142857142,4.0,4.0,246,208
Indianapolis,Restaurants,0.01002004008016032,4.0,3.5,246,258
Indianapolis,Restaurants,0.019753086419753086,4.0,3.5,246,167
Indianapolis,Restaurants,0.0196078431372549,4.0,4.0,246,170
Indianapolis,Restaurants,0.0176678445229682,4.0,4.0,246,42
Indianapolis,Restaurants,0.021686746987951807,4.0,4.0,246,178
Indianapolis,Restaurants,0.010822510822510822,4.0,3.5,246,221
Indianapolis,Restaurants,0.017595307917888565,4.0,3.5,246,101
Indianapolis,Restaurants,0.022413793103448276,4.0,4.0,246,346
Indianapolis,Restaurants,0.011782032400589101,4.0,4.0,246,441
Indianapolis,Restaurants,0.016877637130801686,4.0,4.5,246,236
Indianapolis,Restaurants,0.013092269326683292,4.0,4.0,246,1379
Indianapolis,Restaurants,0.03110047846889952,4.0,4.0,246,184
Indianapolis,Restaurants,0.017591339648173207,4.0,4.5,246,506
Indianapolis,Restaurants,0.033582089552238806,4.0,4.0,246,308
Indianapolis,Restaurants,0.01661631419939577,4.0,4.0,246,427
Indianapolis,Restaurants,0.02023121387283237,4.0,3.0,246,107
Indianapolis,Restaurants,0.02773497688751926,4.0,4.0,246,421
Indianapolis,Restaurants,0.01818181818181818,4.0,4.5,246,90
Indianapolis,Restaurants,0.008912655971479501,4.0,4.0,246,320
Indianapolis,Restaurants,0.024752475247524754,4.0,4.5,246,168
Indianapolis,Restaurants,0.013422818791946308,4.0,4.0,246,358
Indianapolis,Restaurants,0.01670843776106934,4.0,4.5,246,971
Indianapolis,Restaurants,0.024175824175824177,4.0,3.5,208,258
Indianapolis,Restaurants,0.013513513513513514,4.0,3.5,208,167
Indianapolis,Restaurants,0.022099447513812154,4.0,4.0,208,346
Indianapolis,Restaurants,0.012763241863433313,4.0,4.0,208,1379
Indianapolis,Restaurants,0.02100840336134454,4.0,3.5,208,35
Indianapolis,Restaurants,0.014204545454545454,4.0,4.5,208,506
Indianapolis,Restaurants,0.017605633802816902,4.0,3.5,208,81
Indianapolis,Restaurants,0.0199203187250996,4.0,4.0,208,48
Indianapolis,Restaurants,0.03927986906710311,4.0,4.0,208,427
Indianapolis,Restaurants,0.016129032258064516,4.0,3.0,208,107
Indianapolis,Restaurants,0.019448946515397084,4.0,4.0,208,421
Indianapolis,Restaurants,0.021739130434782608,4.0,4.5,208,168
Indianapolis,Restaurants,0.00855431993156544,4.0,4.5,208,971
Indianapolis,Restaurants,0.005649717514124294,4.0,4.0,45,1379
Indianapolis,Restaurants,0.009157509157509158,4.0,4.5,45,506
Indianapolis,Restaurants,0.03225806451612903,4.0,4.5,45,115
Indianapolis,Restaurants,0.010845986984815618,4.0,4.0,45,421
Indianapolis,Restaurants,0.004945598417408506,4.0,4.5,45,971
Indianapolis,Restaurants,0.0231023102310231,4.5,4.0,132,178
Indianapolis,Restaurants,0.010582010582010581,4.5,4.0,132,441
Indianapolis,Restaurants,0.04843304843304843,4.5,4.5,132,236
Indianapolis,Restaurants,0.017508417508417508,4.5,4.0,132,1379
Indianapolis,Restaurants,0.007898894154818325,4.5,4.5,132,506
Indianapolis,Restaurants,0.026905829596412557,4.5,4.0,132,97
Indianapolis,Restaurants,0.020833333333333332,4.5,3.0,132,162
Indianapolis,Restaurants,0.011494252873563218,4.5,4.0,132,308
Indianapolis,Restaurants,0.020072992700729927,4.5,4.0,132,427
Indianapolis,Restaurants,0.035856573705179286,4.5,4.0,132,128
Indianapolis,Restaurants,0.010968921389396709,4.5,4.0,132,421
Indianapolis,Restaurants,0.014492753623188406,4.5,4.0,132,358
Indianapolis,Restaurants,0.03076923076923077,4.5,5.0,132,69
Indianapolis,Restaurants,0.027958993476234855,4.5,4.5,132,971
Indianapolis,Restaurants,0.01160092807424594,3.5,4.0,258,178
Indianapolis,Restaurants,0.010548523206751054,3.5,3.5,258,221
Indianapolis,Restaurants,0.011705685618729096,3.5,4.0,258,346
Indianapolis,Restaurants,0.01451378809869376,3.5,4.0,258,441
Indianapolis,Restaurants,0.008004926108374385,3.5,4.0,258,1379
Indianapolis,Restaurants,0.01141552511415525,3.5,4.0,258,184
Indianapolis,Restaurants,0.0079155672823219,3.5,4.5,258,506
Indianapolis,Restaurants,0.0149812734082397,3.5,3.5,258,284
Indianapolis,Restaurants,0.012048192771084338,3.5,3.0,258,162
Indianapolis,Restaurants,0.01358695652173913,3.5,4.5,258,115
Indianapolis,Restaurants,0.014336917562724014,3.5,4.0,258,308
Indianapolis,Restaurants,0.02391629297458894,3.5,4.0,258,427
Indianapolis,Restaurants,0.019933554817275746,3.5,3.0,258,49
Indianapolis,Restaurants,0.017991004497751123,3.5,4.0,258,421
Indianapolis,Restaurants,0.015817223198594025,3.5,4.0,258,320
Indianapolis,Restaurants,0.01643192488262911,3.5,4.0,258,175
Indianapolis,Restaurants,0.008183306055646482,3.5,4.0,258,358
Indianapolis,Restaurants,0.011363636363636364,3.5,3.5,258,187
Indianapolis,Restaurants,0.009860312243221035,3.5,4.5,258,971
Indianapolis,Restaurants,0.004978662873399715,4.5,4.0,34,1379
Indianapolis,Restaurants,0.013186813186813187,4.5,4.0,34,427
Indianapolis,Restaurants,0.005,4.5,4.5,34,971
Indianapolis,Restaurants,0.021212121212121213,3.5,4.0,167,170
Indianapolis,Restaurants,0.014792899408284023,3.5,4.5,167,176
Indianapolis,Restaurants,0.009966777408637873,3.5,4.0,167,441
Indianapolis,Restaurants,0.009797517962116264,3.5,4.0,167,1379
Indianapolis,Restaurants,0.0074850299401197605,3.5,4.5,167,506
Indianapolis,Restaurants,0.027522935779816515,3.5,4.0,167,169
Indianapolis,Restaurants,0.028708133971291867,3.5,4.0,167,48
Indianapolis,Restaurants,0.018867924528301886,3.5,4.0,167,427
Indianapolis,Restaurants,0.038869257950530034,3.5,4.0,167,421
Indianapolis,Restaurants,0.033950617283950615,3.5,4.5,167,168
Indianapolis,Restaurants,0.013513513513513514,3.5,4.0,167,358
Indianapolis,Restaurants,0.02,3.5,4.0,167,88
Indianapolis,Restaurants,0.010657193605683837,3.5,4.5,167,971
Indianapolis,Restaurants,0.023696682464454975,3.5,4.5,167,49
Indianapolis,Restaurants,0.014577259475218658,4.0,4.0,170,178
Indianapolis,Restaurants,0.01834862385321101,4.0,4.5,170,163
Indianapolis,Restaurants,0.04233870967741935,4.0,4.0,170,346
Indianapolis,Restaurants,0.013266998341625208,4.0,4.0,170,441
Indianapolis,Restaurants,0.034482758620689655,4.0,5.0,170,40
Indianapolis,Restaurants,0.021739130434782608,4.0,3.0,170,65
Indianapolis,Restaurants,0.017543859649122806,4.0,4.5,170,236
Indianapolis,Restaurants,0.01507208387942333,4.0,4.0,170,1379
Indianapolis,Restaurants,0.028985507246376812,4.0,4.0,170,184
Indianapolis,Restaurants,0.02735562310030395,4.0,4.5,170,506
Indianapolis,Restaurants,0.03088803088803089,4.0,4.0,170,97
Indianapolis,Restaurants,0.01529051987767584,4.0,3.0,170,162
Indianapolis,Restaurants,0.017857142857142856,4.0,4.5,170,115
Indianapolis,Restaurants,0.0368763557483731,4.0,4.0,170,308
Indianapolis,Restaurants,0.036458333333333336,4.0,4.0,170,427
Indianapolis,Restaurants,0.041353383458646614,4.0,3.0,170,107
Indianapolis,Restaurants,0.02249134948096886,4.0,4.0,170,421
Indianapolis,Restaurants,0.018072289156626505,4.0,4.5,170,168
Indianapolis,Restaurants,0.03732809430255403,4.0,4.0,170,358
Indianapolis,Restaurants,0.028391167192429023,4.0,4.5,170,156
Indianapolis,Restaurants,0.016028495102404273,4.0,4.5,170,971
Indianapolis,Restaurants,0.0035236081747709656,3.5,4.0,45,1379
Indianapolis,Restaurants,0.017241379310344827,4.5,4.0,176,178
Indianapolis,Restaurants,0.014970059880239521,4.5,4.5,176,163
Indianapolis,Restaurants,0.01160541586073501,4.5,4.0,176,346
Indianapolis,Restaurants,0.013136288998357963,4.5,4.0,176,441
Indianapolis,Restaurants,0.012285012285012284,4.5,4.5,176,236
Indianapolis,Restaurants,0.013689700130378096,4.5,4.0,176,1379
Indianapolis,Restaurants,0.01337295690936107,4.5,4.5,176,506
Indianapolis,Restaurants,0.017699115044247787,4.5,4.0,176,169
Indianapolis,Restaurants,0.021052631578947368,4.5,4.5,176,115
Indianapolis,Restaurants,0.014675052410901468,4.5,4.0,176,308
Indianapolis,Restaurants,0.008361204013377926,4.5,4.0,176,427
Indianapolis,Restaurants,0.02304147465437788,4.5,4.5,176,46
Indianapolis,Restaurants,0.020512820512820513,4.5,4.0,176,421
Indianapolis,Restaurants,0.02834008097165992,4.5,4.0,176,78
Indianapolis,Restaurants,0.020348837209302327,4.5,4.0,176,175
Indianapolis,Restaurants,0.03125,4.5,4.0,176,88
Indianapolis,Restaurants,0.018650088809946713,4.5,4.5,176,971
Indianapolis,Restaurants,0.018115942028985508,4.5,5.0,176,105
Indianapolis,Restaurants,0.005521048999309869,3.5,4.0,78,1379
Indianapolis,Restaurants,0.005752636625119847,3.5,4.5,78,971
Indianapolis,Restaurants,0.02710843373493976,4.0,4.5,178,163
Indianapolis,Restaurants,0.019417475728155338,4.0,4.0,178,346
Indianapolis,Restaurants,0.03166666666666667,4.0,4.0,178,441
Indianapolis,Restaurants,0.050761421319796954,4.0,4.5,178,236
Indianapolis,Restaurants,0.020314547837483616,4.0,4.0,178,1379
Indianapolis,Restaurants,0.025423728813559324,4.0,4.0,178,184
Indianapolis,Restaurants,0.019374068554396422,4.0,4.5,178,506
Indianapolis,Restaurants,0.018518518518518517,4.0,4.0,178,97
Indianapolis,Restaurants,0.014619883040935672,4.0,4.0,178,169
Indianapolis,Restaurants,0.014925373134328358,4.0,3.0,178,162
Indianapolis,Restaurants,0.014613778705636743,4.0,4.0,178,308
Indianapolis,Restaurants,0.018518518518518517,4.0,4.0,178,427
Indianapolis,Restaurants,0.023411371237458192,4.0,4.0,178,128
Indianapolis,Restaurants,0.03098106712564544,4.0,4.0,178,421
Indianapolis,Restaurants,0.020066889632107024,4.0,4.5,178,127
Indianapolis,Restaurants,0.022900763358778626,4.0,4.5,178,90
Indianapolis,Restaurants,0.022026431718061675,4.0,4.5,178,54
Indianapolis,Restaurants,0.02064896755162242,4.0,4.5,178,168
Indianapolis,Restaurants,0.02095238095238095,4.0,4.0,178,358
Indianapolis,Restaurants,0.02066115702479339,4.0,5.0,178,69
Indianapolis,Restaurants,0.036931818181818184,4.0,3.5,178,187
Indianapolis,Restaurants,0.021406727828746176,4.0,4.5,178,156
Indianapolis,Restaurants,0.03887884267631103,4.0,4.5,178,971
Indianapolis,Restaurants,0.02252252252252252,4.0,4.5,178,49
Indianapolis,Restaurants,0.015126050420168067,4.5,4.0,163,441
Indianapolis,Restaurants,0.012690355329949238,4.5,4.5,163,236
Indianapolis,Restaurants,0.009823182711198428,4.5,4.0,163,1379
Indianapolis,Restaurants,0.023529411764705882,4.5,4.0,163,184
Indianapolis,Restaurants,0.010574018126888218,4.5,4.5,163,506
Indianapolis,Restaurants,0.015625,4.5,3.0,163,162
Indianapolis,Restaurants,0.01072961373390558,4.5,4.0,163,308
Indianapolis,Restaurants,0.017421602787456445,4.5,4.0,163,421
Indianapolis,Restaurants,0.052805280528052806,4.5,4.0,163,156
Indianapolis,Restaurants,0.022026431718061675,4.5,5.0,163,69
Indianapolis,Restaurants,0.028225806451612902,4.5,3.5,163,92
Indianapolis,Restaurants,0.019169329073482427,4.5,4.5,163,156
Indianapolis,Restaurants,0.013404825737265416,4.5,4.5,163,971
Indianapolis,Restaurants,0.022900763358778626,4.5,5.0,163,105
Indianapolis,Restaurants,0.013303769401330377,3.5,4.0,36,421
Indianapolis,Restaurants,0.013461538461538462,4.0,4.0,86,441
Indianapolis,Restaurants,0.018796992481203006,4.0,4.0,86,184
Indianapolis,Restaurants,0.010676156583629894,3.5,4.0,221,346
Indianapolis,Restaurants,0.020030816640986132,3.5,4.0,221,441
Indianapolis,Restaurants,0.0176678445229682,3.5,3.0,221,67
Indianapolis,Restaurants,0.011061946902654867,3.5,4.5,221,236
Indianapolis,Restaurants,0.007556675062972292,3.5,4.0,221,1379
Indianapolis,Restaurants,0.009722222222222222,3.5,4.5,221,506
Indianapolis,Restaurants,0.01597444089456869,3.5,4.0,221,97
Indianapolis,Restaurants,0.022267206477732792,3.5,3.5,221,284
Indianapolis,Restaurants,0.012987012987012988,3.5,4.0,221,169
Indianapolis,Restaurants,0.015105740181268883,3.5,4.5,221,115
Indianapolis,Restaurants,0.011472275334608031,3.5,4.0,221,308
Indianapolis,Restaurants,0.014084507042253521,3.5,4.0,221,427
Indianapolis,Restaurants,0.02046783625730994,3.5,4.0,221,128
Indianapolis,Restaurants,0.011023622047244094,3.5,4.0,221,421
Indianapolis,Restaurants,0.008710801393728223,3.5,4.0,221,358
Indianapolis,Restaurants,0.02,3.5,3.5,221,187
Indianapolis,Restaurants,0.013605442176870748,3.5,4.5,221,971
Indianapolis,Restaurants,0.00931098696461825,3.5,4.0,101,441
Indianapolis,Restaurants,0.006802721088435374,3.5,4.0,101,1379
Indianapolis,Restaurants,0.008305647840531562,3.5,4.5,101,506
Indianapolis,Restaurants,0.02506265664160401,3.5,4.0,101,308
Indianapolis,Restaurants,0.013435700575815739,3.5,4.0,101,427
Indianapolis,Restaurants,0.009671179883945842,3.5,4.0,101,421
Indianapolis,Restaurants,0.01201923076923077,3.5,4.0,101,320
Indianapolis,Restaurants,0.02390438247011952,3.5,4.5,101,156
Indianapolis,Restaurants,0.008466603951081843,3.5,4.5,101,971
Indianapolis,Restaurants,0.015463917525773196,4.0,4.0,346,441
Indianapolis,Restaurants,0.012152777777777778,4.0,4.5,346,236
Indianapolis,Restaurants,0.026159334126040427,4.0,4.0,346,1379
Indianapolis,Restaurants,0.013333333333333334,4.0,4.0,346,184
Indianapolis,Restaurants,0.0175,4.0,3.5,346,60
Indianapolis,Restaurants,0.012376237623762377,4.0,3.0,346,62
Indianapolis,Restaurants,0.028950542822677925,4.0,4.5,346,506
Indianapolis,Restaurants,0.020689655172413793,4.0,4.0,346,97
Indianapolis,Restaurants,0.011217948717948718,4.0,3.5,346,284
Indianapolis,Restaurants,0.009784735812133072,4.0,4.0,346,169
Indianapolis,Restaurants,0.01182033096926714,4.0,3.5,346,81
Indianapolis,Restaurants,0.020671834625323,4.0,4.0,346,48
Indianapolis,Restaurants,0.042993630573248405,4.0,4.0,346,308
Indianapolis,Restaurants,0.03062583222370173,4.0,4.0,346,427
Indianapolis,Restaurants,0.01278772378516624,4.0,3.0,346,49
Indianapolis,Restaurants,0.010638297872340425,4.0,4.0,346,128
Indianapolis,Restaurants,0.015659955257270694,4.0,3.0,346,107
Indianapolis,Restaurants,0.025367156208277702,4.0,4.0,346,421
Indianapolis,Restaurants,0.011574074074074073,4.0,4.5,346,90
Indianapolis,Restaurants,0.012139605462822459,4.0,4.0,346,320
Indianapolis,Restaurants,0.011787819253438114,4.0,4.5,346,168
Indianapolis,Restaurants,0.013592233009708738,4.0,4.0,346,175
Indianapolis,Restaurants,0.026200873362445413,4.0,4.0,346,358
Indianapolis,Restaurants,0.013861386138613862,4.0,4.5,346,165
Indianapolis,Restaurants,0.011363636363636364,4.0,3.5,346,187
Indianapolis,Restaurants,0.012072434607645875,4.0,4.5,346,156
Indianapolis,Restaurants,0.025680933852140077,4.0,4.5,346,971
Indianapolis,Restaurants,0.016304347826086956,3.0,4.0,66,308
Indianapolis,Restaurants,0.010460251046025104,4.0,4.0,441,42
Indianapolis,Restaurants,0.01050420168067227,4.0,5.0,441,40
Indianapolis,Restaurants,0.030441400304414,4.0,4.5,441,236
Indianapolis,Restaurants,0.029994340690435765,4.0,4.0,441,1379
Indianapolis,Restaurants,0.027914614121510674,4.0,4.0,441,184
Indianapolis,Restaurants,0.02823018458197611,4.0,4.5,441,506
Indianapolis,Restaurants,0.017013232514177693,4.0,4.0,441,97
Indianapolis,Restaurants,0.016830294530154277,4.0,3.5,441,284
Indianapolis,Restaurants,0.015151515151515152,4.0,3.0,441,162
Indianapolis,Restaurants,0.02018348623853211,4.0,4.5,441,115
Indianapolis,Restaurants,0.03310344827586207,4.0,4.0,441,308
Indianapolis,Restaurants,0.016791044776119403,4.0,3.5,441,104
Indianapolis,Restaurants,0.0199764982373678,4.0,4.0,441,427
Indianapolis,Restaurants,0.01971326164874552,4.0,4.0,441,128
Indianapolis,Restaurants,0.01037344398340249,4.0,4.5,441,46
Indianapolis,Restaurants,0.01650943396226415,4.0,4.0,441,421
Indianapolis,Restaurants,0.014285714285714285,4.0,4.5,441,127
Indianapolis,Restaurants,0.017379679144385027,4.0,4.0,441,320
Indianapolis,Restaurants,0.008278145695364239,4.0,4.5,441,168
Indianapolis,Restaurants,0.009836065573770493,4.0,4.0,441,175
Indianapolis,Restaurants,0.02435897435897436,4.0,4.0,441,358
Indianapolis,Restaurants,0.017964071856287425,4.0,5.0,441,69
Indianapolis,Restaurants,0.009541984732824428,4.0,4.0,441,88
Indianapolis,Restaurants,0.01948051948051948,4.0,3.5,441,187
Indianapolis,Restaurants,0.024013722126929673,4.0,4.5,441,156
Indianapolis,Restaurants,0.05451829723674384,4.0,4.5,441,971
Indianapolis,Restaurants,0.011111111111111112,4.0,5.0,441,105
Indianapolis,Restaurants,0.010309278350515464,4.0,4.5,441,49
Indianapolis,Restaurants,0.0035688793718772305,4.5,4.0,27,1379
Indianapolis,Restaurants,0.03389830508474576,4.5,4.5,27,156
Indianapolis,Restaurants,0.00496031746031746,4.0,4.5,42,971
Indianapolis,Restaurants,0.0034916201117318434,4.0,4.0,58,1379
Indianapolis,Restaurants,0.012684989429175475,4.0,4.0,58,421
Indianapolis,Restaurants,0.01415929203539823,3.0,4.5,67,506
Indianapolis,Restaurants,0.013513513513513514,3.0,4.0,67,308
Indianapolis,Restaurants,0.00484027105517909,3.0,4.5,67,971
Indianapolis,Restaurants,0.0078125,5.0,4.0,40,1379
Indianapolis,Restaurants,0.009242144177449169,5.0,4.5,40,506
Indianapolis,Restaurants,0.014577259475218658,5.0,4.0,40,308
Indianapolis,Restaurants,0.037267080745341616,5.0,4.5,40,127
Indianapolis,Restaurants,0.01272264631043257,5.0,4.0,40,358
Indianapolis,Restaurants,0.05945945945945946,5.0,4.5,40,156
Indianapolis,Restaurants,0.0069721115537848604,5.0,4.5,40,971
Indianapolis,Restaurants,0.004172461752433936,3.0,4.0,65,1379
Indianapolis,Restaurants,0.01634877384196185,3.0,4.0,65,308
Indianapolis,Restaurants,0.01026694045174538,3.0,4.0,65,427
Indianapolis,Restaurants,0.004849660523763337,3.0,4.5,65,971
Indianapolis,Restaurants,0.0056657223796034,4.5,4.0,41,1379
Indianapolis,Restaurants,0.01079913606911447,4.5,4.0,41,427
Indianapolis,Restaurants,0.010940919037199124,4.5,4.0,41,421
Indianapolis,Restaurants,0.011389521640091117,3.5,4.0,17,427
Indianapolis,Restaurants,0.022151898734177215,4.5,4.0,236,1379
Indianapolis,Restaurants,0.01937046004842615,4.5,4.0,236,184
Indianapolis,Restaurants,0.010899182561307902,4.5,4.5,236,506
Indianapolis,Restaurants,0.030959752321981424,4.5,4.0,236,97
Indianapolis,Restaurants,0.011673151750972763,4.5,3.5,236,284
Indianapolis,Restaurants,0.016722408026755852,4.5,2.5,236,68
Indianapolis,Restaurants,0.017902813299232736,4.5,3.0,236,162
Indianapolis,Restaurants,0.017391304347826087,4.5,4.5,236,115
Indianapolis,Restaurants,0.016822429906542057,4.5,4.0,236,308
Indianapolis,Restaurants,0.012213740458015267,4.5,4.0,236,427
Indianapolis,Restaurants,0.02535211267605634,4.5,4.0,236,128
Indianapolis,Restaurants,0.015455950540958269,4.5,4.0,236,421
Indianapolis,Restaurants,0.016453382084095063,4.5,4.0,236,320
Indianapolis,Restaurants,0.017543859649122806,4.5,4.5,236,54
Indianapolis,Restaurants,0.012531328320802004,4.5,4.5,236,168
Indianapolis,Restaurants,0.020618556701030927,4.5,4.0,236,358
Indianapolis,Restaurants,0.016666666666666666,4.5,5.0,236,69
Indianapolis,Restaurants,0.018867924528301886,4.5,4.0,236,88
Indianapolis,Restaurants,0.01927710843373494,4.5,3.5,236,187
Indianapolis,Restaurants,0.01818181818181818,4.5,4.5,236,156
Indianapolis,Restaurants,0.05231037489102005,4.5,4.5,236,971
Indianapolis,Restaurants,0.016244314489928524,4.0,4.0,1379,184
Indianapolis,Restaurants,0.0091164095371669,4.0,3.5,1379,60
Indianapolis,Restaurants,0.03628367234744365,4.0,4.5,1379,506
Indianapolis,Restaurants,0.00819672131147541,4.0,4.0,1379,97
Indianapolis,Restaurants,0.012172854534388313,4.0,3.5,1379,284
Indianapolis,Restaurants,0.009126466753585397,4.0,4.0,1379,169
Indianapolis,Restaurants,0.004163775156141568,4.0,2.5,1379,68
Indianapolis,Restaurants,0.004291845493562232,4.0,4.5,1379,25
Indianapolis,Restaurants,0.012483574244415242,4.0,3.0,1379,162
Indianapolis,Restaurants,0.0035211267605633804,4.0,4.0,1379,46
Indianapolis,Restaurants,0.021189336978810664,4.0,4.5,1379,115
Indianapolis,Restaurants,0.02678027997565429,4.0,4.0,1379,308
Indianapolis,Restaurants,0.006788866259334691,4.0,3.5,1379,104
Indianapolis,Restaurants,0.039125431530494824,4.0,4.0,1379,427
Indianapolis,Restaurants,0.004219409282700422,4.0,3.0,1379,49
Indianapolis,Restaurants,0.01549865229110512,4.0,4.0,1379,128
Indianapolis,Restaurants,0.0034916201117318434,4.0,3.5,1379,58
Indianapolis,Restaurants,0.0035211267605633804,4.0,4.5,1379,46
Indianapolis,Restaurants,0.00337609723160027,4.0,3.0,1379,107
Indianapolis,Restaurants,0.037463976945244955,4.0,4.0,1379,421
Indianapolis,Restaurants,0.010738255033557046,4.0,4.5,1379,127
Indianapolis,Restaurants,0.006854009595613434,4.0,4.5,1379,90
Indianapolis,Restaurants,0.0035014005602240898,4.0,4.5,1379,54
Indianapolis,Restaurants,0.00489853044086774,4.0,4.0,1379,57
Indianapolis,Restaurants,0.01858513189448441,4.0,4.0,1379,320
Indianapolis,Restaurants,0.007735583684950774,4.0,4.5,1379,54
Indianapolis,Restaurants,0.015758371634931056,4.0,4.5,1379,168
Indianapolis,Restaurants,0.006476683937823834,4.0,4.0,1379,175
Indianapolis,Restaurants,0.003924133420536298,4.0,4.0,1379,156
Indianapolis,Restaurants,0.03086053412462908,4.0,4.0,1379,358
Indianapolis,Restaurants,0.013296011196641007,4.0,5.0,1379,69
Indianapolis,Restaurants,0.006185567010309278,4.0,4.0,1379,85
Indianapolis,Restaurants,0.0047814207650273225,4.0,3.5,1379,92
Indianapolis,Restaurants,0.0068634179821551134,4.0,4.0,1379,88
Indianapolis,Restaurants,0.007175472928897586,4.0,4.5,1379,165
Indianapolis,Restaurants,0.014248704663212436,4.0,3.5,1379,187
Indianapolis,Restaurants,0.003566333808844508,4.0,3.5,1379,28
Indianapolis,Restaurants,0.02606951871657754,4.0,4.5,1379,156
Indianapolis,Restaurants,0.08095676172953081,4.0,4.5,1379,971
Indianapolis,Restaurants,0.005420054200542005,4.0,5.0,1379,105
Indianapolis,Restaurants,0.007052186177715092,4.0,4.5,1379,49
Indianapolis,Restaurants,0.007343124165554072,4.0,4.0,1379,130
Indianapolis,Restaurants,0.003604902667627974,4.0,4.5,1379,13
Indianapolis,Restaurants,0.025222551928783383,4.0,4.5,184,506
Indianapolis,Restaurants,0.056179775280898875,4.0,4.0,184,97
Indianapolis,Restaurants,0.023890784982935155,4.0,4.5,184,115
Indianapolis,Restaurants,0.04008438818565401,4.0,4.0,184,308
Indianapolis,Restaurants,0.014925373134328358,4.0,4.0,184,427
Indianapolis,Restaurants,0.02622950819672131,4.0,4.0,184,128
Indianapolis,Restaurants,0.02364864864864865,4.0,4.0,184,421
Indianapolis,Restaurants,0.03151862464183381,4.0,4.0,184,175
Indianapolis,Restaurants,0.022598870056497175,4.0,4.0,184,358
Indianapolis,Restaurants,0.036734693877551024,4.0,5.0,184,69
Indianapolis,Restaurants,0.013623978201634877,4.0,3.5,184,187
Indianapolis,Restaurants,0.01488095238095238,4.0,4.5,184,156
Indianapolis,Restaurants,0.023914968999114262,4.0,4.5,184,971
Indianapolis,Restaurants,0.012474012474012475,3.5,4.0,60,427
Indianapolis,Restaurants,0.0273224043715847,3.5,4.0,60,128
Indianapolis,Restaurants,0.01376597836774828,3.5,4.5,60,971
Indianapolis,Restaurants,0.009328358208955223,3.5,4.5,35,506
Indianapolis,Restaurants,0.0136986301369863,3.0,4.0,62,308
Indianapolis,Restaurants,0.010330578512396695,3.0,4.0,62,427
Indianapolis,Restaurants,0.01174496644295302,4.5,4.0,506,97
Indianapolis,Restaurants,0.007653061224489796,4.5,3.5,506,284
Indianapolis,Restaurants,0.013513513513513514,4.5,4.0,506,169
Indianapolis,Restaurants,0.010948905109489052,4.5,4.0,506,48
Indianapolis,Restaurants,0.01059001512859304,4.5,3.0,506,162
Indianapolis,Restaurants,0.00975609756097561,4.5,4.5,506,115
Indianapolis,Restaurants,0.035623409669211195,4.5,4.0,506,308
Indianapolis,Restaurants,0.032079646017699116,4.5,4.0,506,427
Indianapolis,Restaurants,0.012779552715654952,4.5,4.0,506,128
Indianapolis,Restaurants,0.012844036697247707,4.5,4.5,506,46
Indianapolis,Restaurants,0.03807390817469205,4.5,4.0,506,421
Indianapolis,Restaurants,0.007961783439490446,4.5,4.5,506,127
Indianapolis,Restaurants,0.015332197614991482,4.5,4.5,506,90
Indianapolis,Restaurants,0.010830324909747292,4.5,4.5,506,54
Indianapolis,Restaurants,0.014842300556586271,4.5,4.5,506,41
Indianapolis,Restaurants,0.008547008547008548,4.5,4.0,506,320
Indianapolis,Restaurants,0.012012012012012012,4.5,4.5,506,168
Indianapolis,Restaurants,0.013392857142857142,4.5,4.0,506,175
Indianapolis,Restaurants,0.031026252983293555,4.5,4.0,506,358
Indianapolis,Restaurants,0.017699115044247787,4.5,5.0,506,69
Indianapolis,Restaurants,0.008532423208191127,4.5,4.0,506,85
Indianapolis,Restaurants,0.01192504258943782,4.5,4.0,506,88
Indianapolis,Restaurants,0.012066365007541479,4.5,4.5,506,165
Indianapolis,Restaurants,0.01020408163265306,4.5,3.5,506,187
Indianapolis,Restaurants,0.016897081413210446,4.5,4.5,506,156
Indianapolis,Restaurants,0.027835768963117607,4.5,4.5,506,971
Indianapolis,Restaurants,0.011128775834658187,4.5,4.0,506,130
Indianapolis,Restaurants,0.024154589371980676,4.0,4.5,97,115
Indianapolis,Restaurants,0.038461538461538464,4.0,4.0,97,308
Indianapolis,Restaurants,0.0273972602739726,4.0,4.0,97,128
Indianapolis,Restaurants,0.05,4.0,4.5,97,29
Indianapolis,Restaurants,0.0136986301369863,4.0,4.0,97,421
Indianapolis,Restaurants,0.018726591760299626,4.0,4.0,97,175
Indianapolis,Restaurants,0.015625,4.0,4.0,97,358
Indianapolis,Restaurants,0.0375,4.0,5.0,97,69
Indianapolis,Restaurants,0.02005730659025788,4.0,4.5,97,971
Indianapolis,Restaurants,0.015945330296127564,3.5,3.0,284,162
Indianapolis,Restaurants,0.015437392795883362,3.5,4.0,284,308
Indianapolis,Restaurants,0.015714285714285715,3.5,4.0,284,427
Indianapolis,Restaurants,0.008583690987124463,3.5,4.0,284,421
Indianapolis,Restaurants,0.014814814814814815,3.5,4.5,284,127
Indianapolis,Restaurants,0.013422818791946308,3.5,4.0,284,320
Indianapolis,Restaurants,0.01948051948051948,3.5,3.5,284,187
Indianapolis,Restaurants,0.015372168284789644,3.5,4.5,284,971
Indianapolis,Restaurants,0.010169491525423728,4.0,4.0,169,427
Indianapolis,Restaurants,0.024305555555555556,4.0,4.0,169,421
Indianapolis,Restaurants,0.020689655172413793,4.0,4.5,169,127
Indianapolis,Restaurants,0.012422360248447204,4.0,4.0,169,320
Indianapolis,Restaurants,0.027649769585253458,4.0,4.5,169,54
Indianapolis,Restaurants,0.021212121212121213,4.0,4.5,169,168
Indianapolis,Restaurants,0.009578544061302681,4.0,4.0,169,358
Indianapolis,Restaurants,0.016042780748663103,4.0,4.5,169,971
Indianapolis,Restaurants,0.025252525252525252,4.0,3.5,169,34
Indianapolis,Restaurants,0.02100840336134454,3.5,3.0,81,162
Indianapolis,Restaurants,0.013020833333333334,3.5,4.0,81,308
Indianapolis,Restaurants,0.026262626262626262,3.5,4.0,81,427
Indianapolis,Restaurants,0.01006036217303823,3.5,4.0,81,421
Indianapolis,Restaurants,0.042735042735042736,3.5,4.5,81,41
Indianapolis,Restaurants,0.017130620985010708,4.0,4.0,48,427
Indianapolis,Restaurants,0.02850877192982456,4.0,4.0,48,421
Indianapolis,Restaurants,0.016216216216216217,2.5,4.0,68,308
Indianapolis,Restaurants,0.020618556701030927,2.5,4.0,68,427
Indianapolis,Restaurants,0.010330578512396695,2.5,4.0,68,421
Indianapolis,Restaurants,0.02,2.5,3.5,68,187
Indianapolis,Restaurants,0.007759456838021339,2.5,4.5,68,971
Indianapolis,Restaurants,0.013636363636363636,4.5,4.0,25,421
Indianapolis,Restaurants,0.006060606060606061,4.5,4.5,25,971
Indianapolis,Restaurants,0.017316017316017316,3.0,4.0,162,308
Indianapolis,Restaurants,0.03697183098591549,3.0,4.0,162,427
Indianapolis,Restaurants,0.028368794326241134,3.0,4.0,162,128
Indianapolis,Restaurants,0.02640845070422535,3.0,4.0,162,421
Indianapolis,Restaurants,0.012605042016806723,3.0,4.0,162,320
Indianapolis,Restaurants,0.018518518518518517,3.0,4.5,162,168
Indianapolis,Restaurants,0.009708737864077669,3.0,4.0,162,358
Indianapolis,Restaurants,0.024193548387096774,3.0,3.5,162,92
Indianapolis,Restaurants,0.01749271137026239,3.0,3.5,162,187
Indianapolis,Restaurants,0.02912621359223301,3.0,4.5,162,156
Indianapolis,Restaurants,0.017055655296229804,3.0,4.5,162,971
Indianapolis,Restaurants,0.005813953488372093,4.0,4.5,67,971
Indianapolis,Restaurants,0.011961722488038277,4.5,4.0,115,308
Indianapolis,Restaurants,0.02071563088512241,4.5,4.0,115,427
Indianapolis,Restaurants,0.02531645569620253,4.5,4.0,115,128
Indianapolis,Restaurants,0.017077798861480076,4.5,4.0,115,421
Indianapolis,Restaurants,0.03435114503816794,4.5,4.5,115,156
Indianapolis,Restaurants,0.01876172607879925,4.5,4.5,115,971
Indianapolis,Restaurants,0.012285012285012284,4.0,3.5,308,104
Indianapolis,Restaurants,0.03375527426160337,4.0,4.0,308,427
Indianapolis,Restaurants,0.016666666666666666,4.0,3.5,308,58
Indianapolis,Restaurants,0.019656019656019656,4.0,3.0,308,107
Indianapolis,Restaurants,0.023876404494382022,4.0,4.0,308,421
Indianapolis,Restaurants,0.011627906976744186,4.0,4.5,308,127
Indianapolis,Restaurants,0.02313624678663239,4.0,4.5,308,90
Indianapolis,Restaurants,0.017828200972447326,4.0,4.0,308,320
Indianapolis,Restaurants,0.028077753779697623,4.0,4.5,308,168
Indianapolis,Restaurants,0.0189873417721519,4.0,4.0,308,175
Indianapolis,Restaurants,0.04552590266875981,4.0,4.0,308,358
Indianapolis,Restaurants,0.01891891891891892,4.0,5.0,308,69
Indianapolis,Restaurants,0.015503875968992248,4.0,4.0,308,85
Indianapolis,Restaurants,0.012269938650306749,4.0,3.5,308,187
Indianapolis,Restaurants,0.013100436681222707,4.0,4.5,308,156
Indianapolis,Restaurants,0.028962188254223652,4.0,4.5,308,971
Indianapolis,Restaurants,0.011428571428571429,3.5,4.0,104,427
Indianapolis,Restaurants,0.008442776735459663,3.5,4.5,104,971
Indianapolis,Restaurants,0.010615711252653927,4.0,3.0,427,49
Indianapolis,Restaurants,0.025878003696857672,4.0,4.0,427,128
Indianapolis,Restaurants,0.012526096033402923,4.0,3.5,427,58
Indianapolis,Restaurants,0.017142857142857144,4.0,3.0,427,107
Indianapolis,Restaurants,0.03667481662591687,4.0,4.0,427,421
Indianapolis,Restaurants,0.01680672268907563,4.0,4.0,427,57
Indianapolis,Restaurants,0.024070021881838075,4.0,4.5,427,41
Indianapolis,Restaurants,0.017711171662125342,4.0,4.0,427,320
Indianapolis,Restaurants,0.027633851468048358,4.0,4.5,427,168
Indianapolis,Restaurants,0.022135416666666668,4.0,4.0,427,358
Indianapolis,Restaurants,0.012244897959183673,4.0,5.0,427,69
Indianapolis,Restaurants,0.023333333333333334,4.0,3.5,427,187
Indianapolis,Restaurants,0.011111111111111112,4.0,3.5,427,28
Indianapolis,Restaurants,0.01126126126126126,4.0,3.5,427,22
Indianapolis,Restaurants,0.0156794425087108,4.0,4.5,427,156
Indianapolis,Restaurants,0.04640718562874251,4.0,4.5,427,971
Indianapolis,Restaurants,0.018281535648994516,4.0,4.0,427,130
Indianapolis,Restaurants,0.020446096654275093,4.0,4.0,128,421
Indianapolis,Restaurants,0.019417475728155338,4.0,3.5,128,187
Indianapolis,Restaurants,0.02137546468401487,4.0,4.5,128,971
Indianapolis,Restaurants,0.029069767441860465,4.0,4.5,128,49
Indianapolis,Restaurants,0.016985138004246284,3.5,4.0,58,421
Indianapolis,Restaurants,0.007928642220019821,4.5,4.5,46,971
Indianapolis,Restaurants,0.06315789473684211,4.0,4.5,47,54
Indianapolis,Restaurants,0.009560229445506692,3.0,4.0,107,421
Indianapolis,Restaurants,0.02197802197802198,3.0,4.0,107,358
Indianapolis,Restaurants,0.005597014925373134,3.0,4.5,107,971
Indianapolis,Restaurants,0.014814814814814815,4.0,4.5,421,127
Indianapolis,Restaurants,0.013888888888888888,4.0,4.5,421,90
Indianapolis,Restaurants,0.010914051841746248,4.0,4.0,421,320
Indianapolis,Restaurants,0.01279317697228145,4.0,4.5,421,54
Indianapolis,Restaurants,0.046181172291296625,4.0,4.5,421,168
Indianapolis,Restaurants,0.008460236886632826,4.0,4.0,421,175
Indianapolis,Restaurants,0.033156498673740056,4.0,4.0,421,358
Indianapolis,Restaurants,0.02510460251046025,4.0,5.0,421,69
Indianapolis,Restaurants,0.011834319526627219,4.0,3.5,421,92
Indianapolis,Restaurants,0.02208835341365462,4.0,4.0,421,88
Indianapolis,Restaurants,0.021848739495798318,4.0,3.5,421,187
Indianapolis,Restaurants,0.021238938053097345,4.0,4.5,421,156
Indianapolis,Restaurants,0.03187546330615271,4.0,4.5,421,971
Indianapolis,Restaurants,0.011538461538461539,4.0,5.0,421,105
Indianapolis,Restaurants,0.014732965009208104,4.0,4.0,421,130
Indianapolis,Restaurants,0.014018691588785047,4.0,4.5,421,13
Indianapolis,Restaurants,0.011111111111111112,4.0,3.5,421,34
Indianapolis,Restaurants,0.017241379310344827,4.5,4.5,127,168
Indianapolis,Restaurants,0.018907563025210083,4.5,4.0,127,358
Indianapolis,Restaurants,0.02617801047120419,4.5,5.0,127,69
Indianapolis,Restaurants,0.009191176470588236,4.5,4.5,127,971
Indianapolis,Restaurants,0.013574660633484163,4.5,4.0,90,358
Indianapolis,Restaurants,0.006641366223908918,4.5,4.5,90,971
Indianapolis,Restaurants,0.004887585532746823,4.0,4.5,57,971
Indianapolis,Restaurants,0.02242152466367713,4.5,3.5,41,187
Indianapolis,Restaurants,0.014970059880239521,4.0,4.0,320,358
Indianapolis,Restaurants,0.01240694789081886,4.0,4.0,320,88
Indianapolis,Restaurants,0.02217741935483871,4.0,3.5,320,187
Indianapolis,Restaurants,0.018942383583267563,4.0,4.5,320,971
Indianapolis,Restaurants,0.01580135440180587,4.0,4.0,320,130
Indianapolis,Restaurants,0.004789272030651341,4.0,4.5,78,971
Indianapolis,Restaurants,0.013847675568743818,4.5,4.5,54,971
Indianapolis,Restaurants,0.01937984496124031,4.5,4.0,168,358
Indianapolis,Restaurants,0.0199203187250996,4.5,4.0,168,88
Indianapolis,Restaurants,0.017191977077363897,4.5,3.5,168,187
Indianapolis,Restaurants,0.01064773735581189,4.5,4.5,168,971
Indianapolis,Restaurants,0.0210727969348659,4.0,4.0,175,358
Indianapolis,Restaurants,0.014925373134328358,4.0,4.5,175,165
Indianapolis,Restaurants,0.008802816901408451,4.0,4.5,175,971
Indianapolis,Restaurants,0.022935779816513763,4.0,2.0,156,67
Indianapolis,Restaurants,0.024793388429752067,4.0,3.5,156,92
Indianapolis,Restaurants,0.014251781472684086,4.0,5.0,358,69
Indianapolis,Restaurants,0.01839080459770115,4.0,4.0,358,85
Indianapolis,Restaurants,0.013636363636363636,4.0,4.0,358,88
Indianapolis,Restaurants,0.016791044776119403,4.0,3.5,358,187
Indianapolis,Restaurants,0.013123359580052493,4.0,3.5,358,28
Indianapolis,Restaurants,0.02186878727634195,4.0,4.5,358,156
Indianapolis,Restaurants,0.03263403263403263,4.0,4.5,358,971
Indianapolis,Restaurants,0.015625,5.0,4.5,69,971
Indianapolis,Restaurants,0.008595988538681949,4.0,4.5,85,971
Indianapolis,Restaurants,0.024793388429752067,3.5,4.5,92,156
Indianapolis,Restaurants,0.006628787878787879,3.5,4.5,92,971
Indianapolis,Restaurants,0.01049618320610687,4.0,4.5,88,971
Indianapolis,Restaurants,0.008880994671403197,4.5,4.5,165,971
Indianapolis,Restaurants,0.0050968399592252805,4.5,4.5,15,971
Indianapolis,Restaurants,0.017804154302670624,3.5,4.5,187,156
Indianapolis,Restaurants,0.018469656992084433,3.5,4.5,187,971
Indianapolis,Restaurants,0.005030181086519115,3.5,4.5,28,971
Indianapolis,Restaurants,0.027347310847766638,4.5,4.5,156,971
Indianapolis,Restaurants,0.009380863039399626,4.5,5.0,971,105
Indianapolis,Restaurants,0.007905138339920948,4.5,4.5,971,49
Indianapolis,Restaurants,0.00916590284142988,4.5,4.0,971,130
Indianapolis,American (Traditional),0.00980392156862745,3.5,3.5,257,258
Indianapolis,American (Traditional),0.010570824524312896,3.5,3.5,257,221
Indianapolis,American (Traditional),0.013157894736842105,3.5,4.0,257,128
Indianapolis,American (Traditional),0.008741258741258742,3.5,4.0,257,320
Indianapolis,American (Traditional),0.018867924528301886,3.5,4.0,257,175
Indianapolis,American (Traditional),0.022277227722772276,3.5,4.0,257,156
Indianapolis,American (Traditional),0.010548523206751054,3.5,3.5,258,221
Indianapolis,American (Traditional),0.01358695652173913,3.5,4.5,258,115
Indianapolis,American (Traditional),0.019933554817275746,3.5,3.0,258,49
Indianapolis,American (Traditional),0.015817223198594025,3.5,4.0,258,320
Indianapolis,American (Traditional),0.01643192488262911,3.5,4.0,258,175
Indianapolis,American (Traditional),0.01597444089456869,3.5,4.0,221,97
Indianapolis,American (Traditional),0.015105740181268883,3.5,4.5,221,115
Indianapolis,American (Traditional),0.02046783625730994,3.5,4.0,221,128
Indianapolis,American (Traditional),0.01201923076923077,3.5,4.0,101,320
Indianapolis,American (Traditional),0.0273224043715847,3.5,4.0,60,128
Indianapolis,American (Traditional),0.024154589371980676,4.0,4.5,97,115
Indianapolis,American (Traditional),0.0273972602739726,4.0,4.0,97,128
Indianapolis,American (Traditional),0.018726591760299626,4.0,4.0,97,175
Indianapolis,American (Traditional),0.02531645569620253,4.5,4.0,115,128
Indianapolis,American (Traditional),0.06315789473684211,4.0,4.5,47,54
Indianapolis,American (Traditional),0.022935779816513763,4.0,2.0,156,67
Indianapolis,Diners,0.014925373134328358,4.0,4.5,175,165
Indianapolis,Breakfast & Brunch,0.008004926108374385,3.5,4.0,258,1379
Indianapolis,Breakfast & Brunch,0.014336917562724014,3.5,4.0,258,308
Indianapolis,Breakfast & Brunch,0.015817223198594025,3.5,4.0,258,320
Indianapolis,Breakfast & Brunch,0.01643192488262911,3.5,4.0,258,175
Indianapolis,Breakfast & Brunch,0.004978662873399715,4.5,4.0,34,1379
Indianapolis,Breakfast & Brunch,0.006802721088435374,3.5,4.0,101,1379
Indianapolis,Breakfast & Brunch,0.02506265664160401,3.5,4.0,101,308
Indianapolis,Breakfast & Brunch,0.01201923076923077,3.5,4.0,101,320
Indianapolis,Breakfast & Brunch,0.02390438247011952,3.5,4.5,101,156
Indianapolis,Breakfast & Brunch,0.0035688793718772305,4.5,4.0,27,1379
Indianapolis,Breakfast & Brunch,0.03389830508474576,4.5,4.5,27,156
Indianapolis,Breakfast & Brunch,0.0078125,5.0,4.0,40,1379
Indianapolis,Breakfast & Brunch,0.014577259475218658,5.0,4.0,40,308
Indianapolis,Breakfast & Brunch,0.05945945945945946,5.0,4.5,40,156
Indianapolis,Breakfast & Brunch,0.022151898734177215,4.5,4.0,236,1379
Indianapolis,Breakfast & Brunch,0.016822429906542057,4.5,4.0,236,308
Indianapolis,Breakfast & Brunch,0.016453382084095063,4.5,4.0,236,320
Indianapolis,Breakfast & Brunch,0.01818181818181818,4.5,4.5,236,156
Indianapolis,Breakfast & Brunch,0.02678027997565429,4.0,4.0,1379,308
Indianapolis,Breakfast & Brunch,0.006788866259334691,4.0,3.5,1379,104
Indianapolis,Breakfast & Brunch,0.0035014005602240898,4.0,4.5,1379,54
Indianapolis,Breakfast & Brunch,0.01858513189448441,4.0,4.0,1379,320
Indianapolis,Breakfast & Brunch,0.006476683937823834,4.0,4.0,1379,175
Indianapolis,Breakfast & Brunch,0.003924133420536298,4.0,4.0,1379,156
Indianapolis,Breakfast & Brunch,0.0047814207650273225,4.0,3.5,1379,92
Indianapolis,Breakfast & Brunch,0.02606951871657754,4.0,4.5,1379,156
Indianapolis,Breakfast & Brunch,0.012285012285012284,4.0,3.5,308,104
Indianapolis,Breakfast & Brunch,0.017828200972447326,4.0,4.0,308,320
Indianapolis,Breakfast & Brunch,0.0189873417721519,4.0,4.0,308,175
Indianapolis,Breakfast & Brunch,0.013100436681222707,4.0,4.5,308,156
Indianapolis,Breakfast & Brunch,0.022935779816513763,4.0,2.0,156,67
Indianapolis,Breakfast & Brunch,0.024793388429752067,4.0,3.5,156,92
Indianapolis,Breakfast & Brunch,0.024793388429752067,3.5,4.5,92,156
Indianapolis,Shopping,0.075,4.0,4.0,38,48
Indianapolis,Shopping,0.025210084033613446,4.0,4.5,38,206
Indianapolis,Shopping,0.03404255319148936,4.0,4.5,38,205
Indianapolis,Shopping,0.014792899408284023,4.0,4.5,38,305
Indianapolis,Shopping,0.06030150753768844,4.0,4.5,38,173
Indianapolis,Shopping,0.01818181818181818,5.0,4.5,31,305
Indianapolis,Shopping,0.027906976744186046,4.0,4.5,48,173
Indianapolis,Shopping,0.039735099337748346,4.0,4.5,48,109
Indianapolis,Shopping,0.01764705882352941,4.5,4.5,41,305
Indianapolis,Shopping,0.01718213058419244,4.5,4.5,91,205
Indianapolis,Shopping,0.023255813953488372,4.5,4.5,91,173
Indianapolis,Shopping,0.05115089514066496,4.5,4.5,206,205
Indianapolis,Shopping,0.06680584551148225,4.5,4.5,206,305
Indianapolis,Shopping,0.03333333333333333,4.5,4.5,206,42
Indianapolis,Shopping,0.06162464985994398,4.5,4.5,206,173
Indianapolis,Shopping,0.022935779816513763,4.5,5.0,206,17
Indianapolis,Shopping,0.022727272727272728,4.5,4.5,206,109
Indianapolis,Shopping,0.07368421052631578,4.5,4.5,205,305
Indianapolis,Shopping,0.04219409282700422,4.5,4.5,205,42
Indianapolis,Shopping,0.06779661016949153,4.5,4.5,205,173
Indianapolis,Shopping,0.02575107296137339,4.5,4.0,205,34
Indianapolis,Shopping,0.04318936877076412,4.5,4.5,205,109
Indianapolis,Shopping,0.03273809523809524,4.5,4.5,305,42
Indianapolis,Shopping,0.06696428571428571,4.5,4.5,305,173
Indianapolis,Shopping,0.02108433734939759,4.5,4.0,305,34
Indianapolis,Shopping,0.018518518518518517,4.5,3.5,305,25
Indianapolis,Shopping,0.02729528535980149,4.5,4.5,305,109
Indianapolis,Shopping,0.03365384615384615,4.5,4.5,42,173
Indianapolis,Shopping,0.029850746268656716,4.5,4.0,173,34
Indianapolis,Shopping,0.04059040590405904,4.5,4.5,173,109
Indianapolis,Books,0.075,4.0,4.0,38,48
Indianapolis,Mags,0.075,4.0,4.0,38,48
Indianapolis,Music & Video,0.075,4.0,4.0,38,48
Indianapolis,Bookstores,0.075,4.0,4.0,38,48
Indianapolis,Bars,0.010570824524312896,3.5,3.5,257,221
Indianapolis,Bars,0.008670520231213872,3.5,4.0,257,441
Indianapolis,Bars,0.01567398119122257,3.5,3.0,257,67
Indianapolis,Bars,0.010245901639344262,3.5,4.5,257,236
Indianapolis,Bars,0.016091954022988506,3.5,4.0,257,184
Indianapolis,Bars,0.019823788546255508,3.5,4.5,257,206
Indianapolis,Bars,0.011834319526627219,3.5,4.0,257,427
Indianapolis,Bars,0.013157894736842105,3.5,4.0,257,128
Indianapolis,Bars,0.018115942028985508,3.5,4.5,257,305
Indianapolis,Bars,0.006557377049180328,3.5,4.5,257,971
Indianapolis,Bars,0.042821158690176324,4.0,4.5,208,206
Indianapolis,Bars,0.03927986906710311,4.0,4.0,208,427
Indianapolis,Bars,0.04056795131845842,4.0,4.5,208,305
Indianapolis,Bars,0.028469750889679714,4.0,4.5,208,81
Indianapolis,Bars,0.00855431993156544,4.0,4.5,208,971
Indianapolis,Bars,0.026923076923076925,4.0,4.5,208,59
Indianapolis,Bars,0.010582010582010581,4.5,4.0,132,441
Indianapolis,Bars,0.04843304843304843,4.5,4.5,132,236
Indianapolis,Bars,0.026905829596412557,4.5,4.0,132,97
Indianapolis,Bars,0.020072992700729927,4.5,4.0,132,427
Indianapolis,Bars,0.035856573705179286,4.5,4.0,132,128
Indianapolis,Bars,0.04419889502762431,4.5,4.5,132,57
Indianapolis,Bars,0.027958993476234855,4.5,4.5,132,971
Indianapolis,Bars,0.021739130434782608,4.0,4.0,43,427
Indianapolis,Bars,0.014577259475218658,4.0,4.5,43,305
Indianapolis,Bars,0.004955401387512388,4.0,4.5,43,971
Indianapolis,Bars,0.020030816640986132,3.5,4.0,221,441
Indianapolis,Bars,0.0176678445229682,3.5,3.0,221,67
Indianapolis,Bars,0.011061946902654867,3.5,4.5,221,236
Indianapolis,Bars,0.01597444089456869,3.5,4.0,221,97
Indianapolis,Bars,0.014084507042253521,3.5,4.0,221,427
Indianapolis,Bars,0.02046783625730994,3.5,4.0,221,128
Indianapolis,Bars,0.011538461538461539,3.5,4.5,221,305
Indianapolis,Bars,0.016835016835016835,3.5,4.5,221,81
Indianapolis,Bars,0.013605442176870748,3.5,4.5,221,971
Indianapolis,Bars,0.030441400304414,4.0,4.5,441,236
Indianapolis,Bars,0.027914614121510674,4.0,4.0,441,184
Indianapolis,Bars,0.017013232514177693,4.0,4.0,441,97
Indianapolis,Bars,0.026984126984126985,4.0,4.5,441,206
Indianapolis,Bars,0.0199764982373678,4.0,4.0,441,427
Indianapolis,Bars,0.01971326164874552,4.0,4.0,441,128
Indianapolis,Bars,0.021917808219178082,4.0,4.5,441,305
Indianapolis,Bars,0.014256619144602852,4.0,4.5,441,57
Indianapolis,Bars,0.009671179883945842,4.0,4.5,441,81
Indianapolis,Bars,0.05451829723674384,4.0,4.5,441,971
Indianapolis,Bars,0.010309278350515464,4.0,4.5,441,49
Indianapolis,Bars,0.00484027105517909,3.0,4.5,67,971
Indianapolis,Bars,0.01937046004842615,4.5,4.0,236,184
Indianapolis,Bars,0.030959752321981424,4.5,4.0,236,97
Indianapolis,Bars,0.018433179723502304,4.5,4.5,236,206
Indianapolis,Bars,0.012213740458015267,4.5,4.0,236,427
Indianapolis,Bars,0.02535211267605634,4.5,4.0,236,128
Indianapolis,Bars,0.0150093808630394,4.5,4.5,236,305
Indianapolis,Bars,0.03900709219858156,4.5,4.5,236,57
Indianapolis,Bars,0.05231037489102005,4.5,4.5,236,971
Indianapolis,Bars,0.056179775280898875,4.0,4.0,184,97
Indianapolis,Bars,0.03713527851458886,4.0,4.5,184,206
Indianapolis,Bars,0.014925373134328358,4.0,4.0,184,427
Indianapolis,Bars,0.02622950819672131,4.0,4.0,184,128
Indianapolis,Bars,0.016597510373443983,4.0,4.5,184,305
Indianapolis,Bars,0.02109704641350211,4.0,4.5,184,57
Indianapolis,Bars,0.023076923076923078,4.0,4.5,184,81
Indianapolis,Bars,0.023914968999114262,4.0,4.5,184,971
Indianapolis,Bars,0.023076923076923078,3.5,4.5,60,206
Indianapolis,Bars,0.012474012474012475,3.5,4.0,60,427
Indianapolis,Bars,0.0273224043715847,3.5,4.0,60,128
Indianapolis,Bars,0.025280898876404494,3.5,4.5,60,305
Indianapolis,Bars,0.03676470588235294,3.5,4.5,60,81
Indianapolis,Bars,0.01376597836774828,3.5,4.5,60,971
Indianapolis,Bars,0.02364864864864865,4.0,4.5,97,206
Indianapolis,Bars,0.0273972602739726,4.0,4.0,97,128
Indianapolis,Bars,0.015151515151515152,4.0,4.5,97,305
Indianapolis,Bars,0.02005730659025788,4.0,4.5,97,971
Indianapolis,Bars,0.05149501661129568,4.5,4.0,206,427
Indianapolis,Bars,0.024539877300613498,4.5,4.0,206,128
Indianapolis,Bars,0.06680584551148225,4.5,4.5,206,305
Indianapolis,Bars,0.05128205128205128,4.5,4.5,206,81
Indianapolis,Bars,0.03609154929577465,4.5,4.5,206,971
Indianapolis,Bars,0.025878003696857672,4.0,4.0,427,128
Indianapolis,Bars,0.01680672268907563,4.0,4.0,427,57
Indianapolis,Bars,0.07964601769911504,4.0,4.5,427,305
Indianapolis,Bars,0.036734693877551024,4.0,4.5,427,81
Indianapolis,Bars,0.04640718562874251,4.0,4.5,427,971
Indianapolis,Bars,0.023157894736842106,4.0,4.5,427,59
Indianapolis,Bars,0.03588516746411483,4.0,4.5,128,305
Indianapolis,Bars,0.02137546468401487,4.0,4.5,128,971
Indianapolis,Bars,0.029069767441860465,4.0,4.5,128,49
Indianapolis,Bars,0.014005602240896359,4.0,4.5,57,305
Indianapolis,Bars,0.004887585532746823,4.0,4.5,57,971
Indianapolis,Bars,0.04043126684636118,4.5,4.5,305,81
Indianapolis,Bars,0.02986279257465698,4.5,4.5,305,971
Indianapolis,Bars,0.023121387283236993,4.5,4.5,305,49
Indianapolis,Bars,0.02824858757062147,4.5,4.5,305,59
Indianapolis,Bars,0.013806706114398421,4.5,4.5,57,971
Indianapolis,Bars,0.01937984496124031,4.5,4.5,81,971
Indianapolis,Bars,0.007905138339920948,4.5,4.5,971,49
Indianapolis,Bars,0.005859375,4.5,4.5,971,59
Indianapolis,Nightlife,0.010570824524312896,3.5,3.5,257,221
Indianapolis,Nightlife,0.008670520231213872,3.5,4.0,257,441
Indianapolis,Nightlife,0.01567398119122257,3.5,3.0,257,67
Indianapolis,Nightlife,0.010245901639344262,3.5,4.5,257,236
Indianapolis,Nightlife,0.016091954022988506,3.5,4.0,257,184
Indianapolis,Nightlife,0.019823788546255508,3.5,4.5,257,206
Indianapolis,Nightlife,0.011834319526627219,3.5,4.0,257,427
Indianapolis,Nightlife,0.013157894736842105,3.5,4.0,257,128
Indianapolis,Nightlife,0.018115942028985508,3.5,4.5,257,305
Indianapolis,Nightlife,0.006557377049180328,3.5,4.5,257,971
Indianapolis,Nightlife,0.042821158690176324,4.0,4.5,208,206
Indianapolis,Nightlife,0.03927986906710311,4.0,4.0,208,427
Indianapolis,Nightlife,0.025806451612903226,4.0,4.5,208,110
Indianapolis,Nightlife,0.016129032258064516,4.0,3.0,208,107
Indianapolis,Nightlife,0.04056795131845842,4.0,4.5,208,305
Indianapolis,Nightlife,0.028469750889679714,4.0,4.5,208,81
Indianapolis,Nightlife,0.00855431993156544,4.0,4.5,208,971
Indianapolis,Nightlife,0.026923076923076925,4.0,4.5,208,59
Indianapolis,Nightlife,0.010582010582010581,4.5,4.0,132,441
Indianapolis,Nightlife,0.04843304843304843,4.5,4.5,132,236
Indianapolis,Nightlife,0.026905829596412557,4.5,4.0,132,97
Indianapolis,Nightlife,0.020072992700729927,4.5,4.0,132,427
Indianapolis,Nightlife,0.035856573705179286,4.5,4.0,132,128
Indianapolis,Nightlife,0.04419889502762431,4.5,4.5,132,57
Indianapolis,Nightlife,0.027958993476234855,4.5,4.5,132,971
Indianapolis,Nightlife,0.021739130434782608,4.0,4.0,43,427
Indianapolis,Nightlife,0.014577259475218658,4.0,4.5,43,305
Indianapolis,Nightlife,0.004955401387512388,4.0,4.5,43,971
Indianapolis,Nightlife,0.020080321285140562,4.5,4.5,48,206
Indianapolis,Nightlife,0.014957264957264958,4.5,4.0,48,427
Indianapolis,Nightlife,0.039473684210526314,4.5,4.5,48,110
Indianapolis,Nightlife,0.01729106628242075,4.5,4.5,48,305
Indianapolis,Nightlife,0.04032258064516129,4.5,4.5,48,81
Indianapolis,Nightlife,0.004930966469428008,4.5,4.5,48,971
Indianapolis,Nightlife,0.020030816640986132,3.5,4.0,221,441
Indianapolis,Nightlife,0.0176678445229682,3.5,3.0,221,67
Indianapolis,Nightlife,0.011061946902654867,3.5,4.5,221,236
Indianapolis,Nightlife,0.01597444089456869,3.5,4.0,221,97
Indianapolis,Nightlife,0.014084507042253521,3.5,4.0,221,427
Indianapolis,Nightlife,0.02046783625730994,3.5,4.0,221,128
Indianapolis,Nightlife,0.018461538461538463,3.5,4.5,221,110
Indianapolis,Nightlife,0.011538461538461539,3.5,4.5,221,305
Indianapolis,Nightlife,0.016835016835016835,3.5,4.5,221,81
Indianapolis,Nightlife,0.013605442176870748,3.5,4.5,221,971
Indianapolis,Nightlife,0.030441400304414,4.0,4.5,441,236
Indianapolis,Nightlife,0.027914614121510674,4.0,4.0,441,184
Indianapolis,Nightlife,0.017013232514177693,4.0,4.0,441,97
Indianapolis,Nightlife,0.026984126984126985,4.0,4.5,441,206
Indianapolis,Nightlife,0.0199764982373678,4.0,4.0,441,427
Indianapolis,Nightlife,0.01971326164874552,4.0,4.0,441,128
Indianapolis,Nightlife,0.022263450834879406,4.0,4.5,441,110
Indianapolis,Nightlife,0.021917808219178082,4.0,4.5,441,305
Indianapolis,Nightlife,0.010245901639344262,4.0,4.5,441,52
Indianapolis,Nightlife,0.014256619144602852,4.0,4.5,441,57
Indianapolis,Nightlife,0.009671179883945842,4.0,4.5,441,81
Indianapolis,Nightlife,0.05451829723674384,4.0,4.5,441,971
Indianapolis,Nightlife,0.010309278350515464,4.0,4.5,441,49
Indianapolis,Nightlife,0.00484027105517909,3.0,4.5,67,971
Indianapolis,Nightlife,0.01937046004842615,4.5,4.0,236,184
Indianapolis,Nightlife,0.030959752321981424,4.5,4.0,236,97
Indianapolis,Nightlife,0.018433179723502304,4.5,4.5,236,206
Indianapolis,Nightlife,0.012213740458015267,4.5,4.0,236,427
Indianapolis,Nightlife,0.02535211267605634,4.5,4.0,236,128
Indianapolis,Nightlife,0.0150093808630394,4.5,4.5,236,305
Indianapolis,Nightlife,0.03900709219858156,4.5,4.5,236,57
Indianapolis,Nightlife,0.05231037489102005,4.5,4.5,236,971
Indianapolis,Nightlife,0.056179775280898875,4.0,4.0,184,97
Indianapolis,Nightlife,0.03713527851458886,4.0,4.5,184,206
Indianapolis,Nightlife,0.014925373134328358,4.0,4.0,184,427
Indianapolis,Nightlife,0.02622950819672131,4.0,4.0,184,128
Indianapolis,Nightlife,0.024305555555555556,4.0,4.5,184,110
Indianapolis,Nightlife,0.016597510373443983,4.0,4.5,184,305
Indianapolis,Nightlife,0.02109704641350211,4.0,4.5,184,57
Indianapolis,Nightlife,0.023076923076923078,4.0,4.5,184,81
Indianapolis,Nightlife,0.023914968999114262,4.0,4.5,184,971
Indianapolis,Nightlife,0.023076923076923078,3.5,4.5,60,206
Indianapolis,Nightlife,0.012474012474012475,3.5,4.0,60,427
Indianapolis,Nightlife,0.0273224043715847,3.5,4.0,60,128
Indianapolis,Nightlife,0.025280898876404494,3.5,4.5,60,305
Indianapolis,Nightlife,0.03676470588235294,3.5,4.5,60,81
Indianapolis,Nightlife,0.01376597836774828,3.5,4.5,60,971
Indianapolis,Nightlife,0.02364864864864865,4.0,4.5,97,206
Indianapolis,Nightlife,0.0273972602739726,4.0,4.0,97,128
Indianapolis,Nightlife,0.04020100502512563,4.0,4.5,97,110
Indianapolis,Nightlife,0.015151515151515152,4.0,4.5,97,305
Indianapolis,Nightlife,0.02005730659025788,4.0,4.5,97,971
Indianapolis,Nightlife,0.05149501661129568,4.5,4.0,206,427
Indianapolis,Nightlife,0.024539877300613498,4.5,4.0,206,128
Indianapolis,Nightlife,0.046357615894039736,4.5,4.5,206,110
Indianapolis,Nightlife,0.06680584551148225,4.5,4.5,206,305
Indianapolis,Nightlife,0.027888446215139442,4.5,4.5,206,52
Indianapolis,Nightlife,0.05128205128205128,4.5,4.5,206,81
Indianapolis,Nightlife,0.03609154929577465,4.5,4.5,206,971
Indianapolis,Nightlife,0.025878003696857672,4.0,4.0,427,128
Indianapolis,Nightlife,0.02676864244741874,4.0,4.5,427,110
Indianapolis,Nightlife,0.017142857142857144,4.0,3.0,427,107
Indianapolis,Nightlife,0.01680672268907563,4.0,4.0,427,57
Indianapolis,Nightlife,0.07964601769911504,4.0,4.5,427,305
Indianapolis,Nightlife,0.023504273504273504,4.0,4.5,427,52
Indianapolis,Nightlife,0.036734693877551024,4.0,4.5,427,81
Indianapolis,Nightlife,0.04640718562874251,4.0,4.5,427,971
Indianapolis,Nightlife,0.023157894736842106,4.0,4.5,427,59
Indianapolis,Nightlife,0.02145922746781116,4.0,4.5,128,110
Indianapolis,Nightlife,0.03588516746411483,4.0,4.5,128,305
Indianapolis,Nightlife,0.02137546468401487,4.0,4.5,128,971
Indianapolis,Nightlife,0.029069767441860465,4.0,4.5,128,49
Indianapolis,Nightlife,0.02843601895734597,4.5,3.0,110,107
Indianapolis,Nightlife,0.058673469387755105,4.5,4.5,110,305
Indianapolis,Nightlife,0.03184713375796178,4.5,4.5,110,52
Indianapolis,Nightlife,0.0670391061452514,4.5,4.5,110,81
Indianapolis,Nightlife,0.01885014137606032,4.5,4.5,110,971
Indianapolis,Nightlife,0.005597014925373134,3.0,4.5,107,971
Indianapolis,Nightlife,0.0375,3.0,4.5,107,59
Indianapolis,Nightlife,0.014005602240896359,4.0,4.5,57,305
Indianapolis,Nightlife,0.004887585532746823,4.0,4.5,57,971
Indianapolis,Nightlife,0.034782608695652174,4.5,4.5,305,52
Indianapolis,Nightlife,0.04043126684636118,4.5,4.5,305,81
Indianapolis,Nightlife,0.02986279257465698,4.5,4.5,305,971
Indianapolis,Nightlife,0.023121387283236993,4.5,4.5,305,49
Indianapolis,Nightlife,0.02824858757062147,4.5,4.5,305,59
Indianapolis,Nightlife,0.047244094488188976,4.5,4.5,52,81
Indianapolis,Nightlife,0.010869565217391304,4.5,4.5,52,971
Indianapolis,Nightlife,0.013806706114398421,4.5,4.5,57,971
Indianapolis,Nightlife,0.01937984496124031,4.5,4.5,81,971
Indianapolis,Nightlife,0.007905138339920948,4.5,4.5,971,49
Indianapolis,Nightlife,0.005859375,4.5,4.5,971,59
Indianapolis,American (New),0.00980392156862745,3.5,3.5,257,258
Indianapolis,American (New),0.010570824524312896,3.5,3.5,257,221
Indianapolis,American (New),0.01567398119122257,3.5,3.0,257,67
Indianapolis,American (New),0.004297114794352364,3.5,4.0,257,1379
Indianapolis,American (New),0.016091954022988506,3.5,4.0,257,184
Indianapolis,American (New),0.008741258741258742,3.5,4.0,257,320
Indianapolis,American (New),0.006557377049180328,3.5,4.5,257,971
Indianapolis,American (New),0.024175824175824177,4.0,3.5,208,258
Indianapolis,American (New),0.013513513513513514,4.0,3.5,208,167
Indianapolis,American (New),0.012763241863433313,4.0,4.0,208,1379
Indianapolis,American (New),0.00855431993156544,4.0,4.5,208,971
Indianapolis,American (New),0.010548523206751054,3.5,3.5,258,221
Indianapolis,American (New),0.008004926108374385,3.5,4.0,258,1379
Indianapolis,American (New),0.01141552511415525,3.5,4.0,258,184
Indianapolis,American (New),0.01358695652173913,3.5,4.5,258,115
Indianapolis,American (New),0.019933554817275746,3.5,3.0,258,49
Indianapolis,American (New),0.015817223198594025,3.5,4.0,258,320
Indianapolis,American (New),0.009860312243221035,3.5,4.5,258,971
Indianapolis,American (New),0.009797517962116264,3.5,4.0,167,1379
Indianapolis,American (New),0.010657193605683837,3.5,4.5,167,971
Indianapolis,American (New),0.0176678445229682,3.5,3.0,221,67
Indianapolis,American (New),0.007556675062972292,3.5,4.0,221,1379
Indianapolis,American (New),0.01597444089456869,3.5,4.0,221,97
Indianapolis,American (New),0.015105740181268883,3.5,4.5,221,115
Indianapolis,American (New),0.013605442176870748,3.5,4.5,221,971
Indianapolis,American (New),0.00484027105517909,3.0,4.5,67,971
Indianapolis,American (New),0.0056657223796034,4.5,4.0,41,1379
Indianapolis,American (New),0.016244314489928524,4.0,4.0,1379,184
Indianapolis,American (New),0.0091164095371669,4.0,3.5,1379,60
Indianapolis,American (New),0.00819672131147541,4.0,4.0,1379,97
Indianapolis,American (New),0.021189336978810664,4.0,4.5,1379,115
Indianapolis,American (New),0.004219409282700422,4.0,3.0,1379,49
Indianapolis,American (New),0.01858513189448441,4.0,4.0,1379,320
Indianapolis,American (New),0.08095676172953081,4.0,4.5,1379,971
Indianapolis,American (New),0.056179775280898875,4.0,4.0,184,97
Indianapolis,American (New),0.023890784982935155,4.0,4.5,184,115
Indianapolis,American (New),0.023914968999114262,4.0,4.5,184,971
Indianapolis,American (New),0.01376597836774828,3.5,4.5,60,971
Indianapolis,American (New),0.024154589371980676,4.0,4.5,97,115
Indianapolis,American (New),0.02005730659025788,4.0,4.5,97,971
Indianapolis,American (New),0.01876172607879925,4.5,4.5,115,971
Indianapolis,American (New),0.018942383583267563,4.0,4.5,320,971
Indianapolis,Sports Bars,0.010570824524312896,3.5,3.5,257,221
Indianapolis,Sports Bars,0.01567398119122257,3.5,3.0,257,67
Indianapolis,Sports Bars,0.0176678445229682,3.5,3.0,221,67
Indianapolis,Cocktail Bars,0.04419889502762431,4.5,4.5,132,57
Indianapolis,Beer Bar,0.027914614121510674,4.0,4.0,441,184
Indianapolis,Beer Bar,0.017013232514177693,4.0,4.0,441,97
Indianapolis,Beer Bar,0.056179775280898875,4.0,4.0,184,97
Indianapolis,Food,0.033444816053511704,4.5,4.0,139,170
Indianapolis,Food,0.01742627345844504,4.5,4.0,139,1379
Indianapolis,Food,0.038461538461538464,4.5,4.0,139,184
Indianapolis,Food,0.02577319587628866,4.5,3.5,139,60
Indianapolis,Food,0.027070063694267517,4.5,4.5,139,506
Indianapolis,Food,0.02608695652173913,4.5,4.0,139,97
Indianapolis,Food,0.07352941176470588,4.5,4.0,139,153
Indianapolis,Food,0.04229607250755287,4.5,4.5,139,206
Indianapolis,Food,0.012658227848101266,4.5,4.0,139,421
Indianapolis,Food,0.08029197080291971,4.5,4.5,139,305
Indianapolis,Food,0.04945054945054945,4.5,4.5,139,52
Indianapolis,Food,0.05405405405405406,4.5,4.5,139,173
Indianapolis,Food,0.031055900621118012,4.5,4.0,139,193
Indianapolis,Food,0.012773722627737226,4.5,4.5,139,971
Indianapolis,Food,0.04371584699453552,4.0,4.5,18,173
Indianapolis,Food,0.008004926108374385,3.5,4.0,258,1379
Indianapolis,Food,0.01141552511415525,3.5,4.0,258,184
Indianapolis,Food,0.0079155672823219,3.5,4.5,258,506
Indianapolis,Food,0.019851116625310174,3.5,4.0,258,153
Indianapolis,Food,0.01358695652173913,3.5,4.5,258,115
Indianapolis,Food,0.024282560706401765,3.5,4.5,258,206
Indianapolis,Food,0.017991004497751123,3.5,4.0,258,421
Indianapolis,Food,0.023636363636363636,3.5,4.5,258,305
Indianapolis,Food,0.02619047619047619,3.5,4.5,258,173
Indianapolis,Food,0.022675736961451247,3.5,4.0,258,193
Indianapolis,Food,0.011363636363636364,3.5,3.5,258,187
Indianapolis,Food,0.009860312243221035,3.5,4.5,258,971
Indianapolis,Food,0.02631578947368421,3.5,4.0,25,170
Indianapolis,Food,0.004291845493562232,3.5,4.0,25,1379
Indianapolis,Food,0.01834862385321101,4.0,4.5,170,163
Indianapolis,Food,0.034482758620689655,4.0,5.0,170,40
Indianapolis,Food,0.023696682464454975,4.0,5.0,170,46
Indianapolis,Food,0.01507208387942333,4.0,4.0,170,1379
Indianapolis,Food,0.028985507246376812,4.0,4.0,170,184
Indianapolis,Food,0.02735562310030395,4.0,4.5,170,506
Indianapolis,Food,0.03088803088803089,4.0,4.0,170,97
Indianapolis,Food,0.025396825396825397,4.0,4.0,170,153
Indianapolis,Food,0.017857142857142856,4.0,4.5,170,115
Indianapolis,Food,0.021739130434782608,4.0,4.5,170,206
Indianapolis,Food,0.041353383458646614,4.0,3.0,170,107
Indianapolis,Food,0.02249134948096886,4.0,4.0,170,421
Indianapolis,Food,0.03260869565217391,4.0,4.5,170,305
Indianapolis,Food,0.04892966360856269,4.0,4.5,170,173
Indianapolis,Food,0.022556390977443608,4.0,4.0,170,102
Indianapolis,Food,0.013966480446927373,4.0,4.0,170,193
Indianapolis,Food,0.028391167192429023,4.0,4.5,170,156
Indianapolis,Food,0.016028495102404273,4.0,4.5,170,971
Indianapolis,Food,0.0035236081747709656,3.5,4.0,45,1379
Indianapolis,Food,0.009823182711198428,4.5,4.0,163,1379
Indianapolis,Food,0.023529411764705882,4.5,4.0,163,184
Indianapolis,Food,0.010574018126888218,4.5,4.5,163,506
Indianapolis,Food,0.027777777777777776,4.5,4.5,163,59
Indianapolis,Food,0.017421602787456445,4.5,4.0,163,421
Indianapolis,Food,0.01079913606911447,4.5,4.5,163,305
Indianapolis,Food,0.052805280528052806,4.5,4.0,163,156
Indianapolis,Food,0.022026431718061675,4.5,5.0,163,69
Indianapolis,Food,0.028225806451612902,4.5,3.5,163,92
Indianapolis,Food,0.026041666666666668,4.5,4.0,163,34
Indianapolis,Food,0.019169329073482427,4.5,4.5,163,156
Indianapolis,Food,0.013404825737265416,4.5,4.5,163,971
Indianapolis,Food,0.022900763358778626,4.5,5.0,163,105
Indianapolis,Food,0.013303769401330377,3.5,4.0,36,421
Indianapolis,Food,0.006802721088435374,3.5,4.0,101,1379
Indianapolis,Food,0.008305647840531562,3.5,4.5,101,506
Indianapolis,Food,0.009671179883945842,3.5,4.0,101,421
Indianapolis,Food,0.017543859649122806,3.5,4.5,101,305
Indianapolis,Food,0.022388059701492536,3.5,4.5,101,173
Indianapolis,Food,0.01730103806228374,3.5,4.0,101,193
Indianapolis,Food,0.02390438247011952,3.5,4.5,101,156
Indianapolis,Food,0.008466603951081843,3.5,4.5,101,971
Indianapolis,Food,0.00496031746031746,4.0,4.5,42,971
Indianapolis,Food,0.0078125,5.0,4.0,40,1379
Indianapolis,Food,0.009242144177449169,5.0,4.5,40,506
Indianapolis,Food,0.02074688796680498,5.0,4.5,40,206
Indianapolis,Food,0.05945945945945946,5.0,4.5,40,156
Indianapolis,Food,0.0069721115537848604,5.0,4.5,40,971
Indianapolis,Food,0.012073863636363636,5.0,4.0,46,1379
Indianapolis,Food,0.014705882352941176,5.0,4.5,46,506
Indianapolis,Food,0.020242914979757085,5.0,4.5,46,206
Indianapolis,Food,0.02188183807439825,5.0,4.0,46,421
Indianapolis,Food,0.020348837209302327,5.0,4.5,46,305
Indianapolis,Food,0.035897435897435895,5.0,4.5,46,156
Indianapolis,Food,0.014970059880239521,5.0,4.5,46,971
Indianapolis,Food,0.016244314489928524,4.0,4.0,1379,184
Indianapolis,Food,0.0091164095371669,4.0,3.5,1379,60
Indianapolis,Food,0.03628367234744365,4.0,4.5,1379,506
Indianapolis,Food,0.00819672131147541,4.0,4.0,1379,97
Indianapolis,Food,0.006298110566829951,4.0,4.5,1379,59
Indianapolis,Food,0.019973368841544607,4.0,4.0,1379,153
Indianapolis,Food,0.021189336978810664,4.0,4.5,1379,115
Indianapolis,Food,0.006788866259334691,4.0,3.5,1379,104
Indianapolis,Food,0.029889538661468484,4.0,4.5,1379,206
Indianapolis,Food,0.0034916201117318434,4.0,3.5,1379,58
Indianapolis,Food,0.0036153289949385392,4.0,4.5,1379,9
Indianapolis,Food,0.00337609723160027,4.0,3.0,1379,107
Indianapolis,Food,0.037463976945244955,4.0,4.0,1379,421
Indianapolis,Food,0.03503380454824831,4.0,4.5,1379,305
Indianapolis,Food,0.008456659619450317,4.0,4.5,1379,52
Indianapolis,Food,0.015042511445389144,4.0,4.5,1379,173
Indianapolis,Food,0.00954328561690525,4.0,4.0,1379,102
Indianapolis,Food,0.003924133420536298,4.0,4.0,1379,156
Indianapolis,Food,0.013296011196641007,4.0,5.0,1379,69
Indianapolis,Food,0.003526093088857546,4.0,4.5,1379,44
Indianapolis,Food,0.0047814207650273225,4.0,3.5,1379,92
Indianapolis,Food,0.0068634179821551134,4.0,4.0,1379,88
Indianapolis,Food,0.020116807268007787,4.0,4.0,1379,193
Indianapolis,Food,0.014248704663212436,4.0,3.5,1379,187
Indianapolis,Food,0.003566333808844508,4.0,3.5,1379,28
Indianapolis,Food,0.02606951871657754,4.0,4.5,1379,156
Indianapolis,Food,0.08095676172953081,4.0,4.5,1379,971
Indianapolis,Food,0.005420054200542005,4.0,5.0,1379,105
Indianapolis,Food,0.007052186177715092,4.0,4.5,1379,49
Indianapolis,Food,0.0035790980672870437,4.0,4.5,1379,23
Indianapolis,Food,0.025222551928783383,4.0,4.5,184,506
Indianapolis,Food,0.056179775280898875,4.0,4.0,184,97
Indianapolis,Food,0.03048780487804878,4.0,4.0,184,153
Indianapolis,Food,0.023890784982935155,4.0,4.5,184,115
Indianapolis,Food,0.03713527851458886,4.0,4.5,184,206
Indianapolis,Food,0.02364864864864865,4.0,4.0,184,421
Indianapolis,Food,0.016597510373443983,4.0,4.5,184,305
Indianapolis,Food,0.025787965616045846,4.0,4.5,184,173
Indianapolis,Food,0.036734693877551024,4.0,5.0,184,69
Indianapolis,Food,0.013623978201634877,4.0,3.5,184,187
Indianapolis,Food,0.01488095238095238,4.0,4.5,184,156
Indianapolis,Food,0.023914968999114262,4.0,4.5,184,971
Indianapolis,Food,0.023076923076923078,3.5,4.5,60,206
Indianapolis,Food,0.025280898876404494,3.5,4.5,60,305
Indianapolis,Food,0.01376597836774828,3.5,4.5,60,971
Indianapolis,Food,0.01174496644295302,4.5,4.0,506,97
Indianapolis,Food,0.01073345259391771,4.5,4.5,506,59
Indianapolis,Food,0.015408320493066256,4.5,4.0,506,153
Indianapolis,Food,0.00975609756097561,4.5,4.5,506,115
Indianapolis,Food,0.022988505747126436,4.5,4.5,506,206
Indianapolis,Food,0.03807390817469205,4.5,4.0,506,421
Indianapolis,Food,0.030495552731893267,4.5,4.5,506,305
Indianapolis,Food,0.010869565217391304,4.5,4.5,506,52
Indianapolis,Food,0.0256797583081571,4.5,4.5,506,173
Indianapolis,Food,0.021848739495798318,4.5,4.0,506,102
Indianapolis,Food,0.017699115044247787,4.5,5.0,506,69
Indianapolis,Food,0.01192504258943782,4.5,4.0,506,88
Indianapolis,Food,0.011577424023154847,4.5,4.0,506,193
Indianapolis,Food,0.01020408163265306,4.5,3.5,506,187
Indianapolis,Food,0.016897081413210446,4.5,4.5,506,156
Indianapolis,Food,0.027835768963117607,4.5,4.5,506,971
Indianapolis,Food,0.02459016393442623,4.0,4.0,97,153
Indianapolis,Food,0.024154589371980676,4.0,4.5,97,115
Indianapolis,Food,0.02364864864864865,4.0,4.5,97,206
Indianapolis,Food,0.0136986301369863,4.0,4.0,97,421
Indianapolis,Food,0.015151515151515152,4.0,4.5,97,305
Indianapolis,Food,0.026615969581749048,4.0,4.5,97,173
Indianapolis,Food,0.0375,4.0,5.0,97,69
Indianapolis,Food,0.02005730659025788,4.0,4.5,97,971
Indianapolis,Food,0.010526315789473684,4.5,4.0,59,421
Indianapolis,Food,0.02681992337164751,4.0,4.5,153,115
Indianapolis,Food,0.049707602339181284,4.0,4.5,153,206
Indianapolis,Food,0.01773049645390071,4.0,4.0,153,421
Indianapolis,Food,0.09307875894988067,4.0,4.5,153,305
Indianapolis,Food,0.03535353535353535,4.0,4.5,153,52
Indianapolis,Food,0.04823151125401929,4.0,4.5,153,173
Indianapolis,Food,0.021021021021021023,4.0,3.5,153,187
Indianapolis,Food,0.019801980198019802,4.0,4.5,153,156
Indianapolis,Food,0.02181818181818182,4.0,4.5,153,971
Indianapolis,Food,0.014285714285714285,2.5,4.5,50,305
Indianapolis,Food,0.005813953488372093,4.0,4.5,67,971
Indianapolis,Food,0.017077798861480076,4.5,4.0,115,421
Indianapolis,Food,0.03194103194103194,4.5,4.5,115,305
Indianapolis,Food,0.03435114503816794,4.5,4.5,115,156
Indianapolis,Food,0.01876172607879925,4.5,4.5,115,971
Indianapolis,Food,0.008442776735459663,3.5,4.5,104,971
Indianapolis,Food,0.022321428571428572,4.5,4.5,206,23
Indianapolis,Food,0.03125,4.5,4.0,206,421
Indianapolis,Food,0.06680584551148225,4.5,4.5,206,305
Indianapolis,Food,0.027888446215139442,4.5,4.5,206,52
Indianapolis,Food,0.06162464985994398,4.5,4.5,206,173
Indianapolis,Food,0.026119402985074626,4.5,5.0,206,69
Indianapolis,Food,0.017857142857142856,4.5,4.0,206,193
Indianapolis,Food,0.01288659793814433,4.5,3.5,206,187
Indianapolis,Food,0.028409090909090908,4.5,4.5,206,156
Indianapolis,Food,0.03609154929577465,4.5,4.5,206,971
Indianapolis,Food,0.016985138004246284,3.5,4.0,58,421
Indianapolis,Food,0.019662921348314606,3.5,4.5,58,305
Indianapolis,Food,0.011185682326621925,3.5,4.0,31,421
Indianapolis,Food,0.009560229445506692,3.0,4.0,107,421
Indianapolis,Food,0.040892193308550186,3.0,4.5,107,173
Indianapolis,Food,0.005597014925373134,3.0,4.5,107,971
Indianapolis,Food,0.04160688665710186,4.0,4.5,421,305
Indianapolis,Food,0.010683760683760684,4.0,4.5,421,52
Indianapolis,Food,0.03125,4.0,4.5,421,173
Indianapolis,Food,0.01949317738791423,4.0,4.0,421,102
Indianapolis,Food,0.02510460251046025,4.0,5.0,421,69
Indianapolis,Food,0.011834319526627219,4.0,3.5,421,92
Indianapolis,Food,0.02208835341365462,4.0,4.0,421,88
Indianapolis,Food,0.011111111111111112,4.0,4.0,421,34
Indianapolis,Food,0.025041736227045076,4.0,4.0,421,193
Indianapolis,Food,0.021848739495798318,4.0,3.5,421,187
Indianapolis,Food,0.021238938053097345,4.0,4.5,421,156
Indianapolis,Food,0.03187546330615271,4.0,4.5,421,971
Indianapolis,Food,0.011538461538461539,4.0,5.0,421,105
Indianapolis,Food,0.011111111111111112,4.0,3.5,421,34
Indianapolis,Food,0.004789272030651341,4.0,4.5,78,971
Indianapolis,Food,0.034782608695652174,4.5,4.5,305,52
Indianapolis,Food,0.06696428571428571,4.5,4.5,305,173
Indianapolis,Food,0.012437810945273632,4.5,4.0,305,102
Indianapolis,Food,0.02108433734939759,4.5,4.0,305,34
Indianapolis,Food,0.0375,4.5,4.0,305,193
Indianapolis,Food,0.018633540372670808,4.5,3.5,305,187
Indianapolis,Food,0.029017857142857144,4.5,4.5,305,156
Indianapolis,Food,0.02986279257465698,4.5,4.5,305,971
Indianapolis,Food,0.023121387283236993,4.5,4.5,305,49
Indianapolis,Food,0.021367521367521368,4.5,3.5,52,187
Indianapolis,Food,0.010869565217391304,4.5,4.5,52,971
Indianapolis,Food,0.029850746268656716,4.5,4.0,173,34
Indianapolis,Food,0.03389830508474576,4.5,4.0,173,193
Indianapolis,Food,0.014084507042253521,4.5,3.5,173,187
Indianapolis,Food,0.03076923076923077,4.5,3.5,173,28
Indianapolis,Food,0.028125,4.5,4.5,173,156
Indianapolis,Food,0.024171888988361683,4.5,4.5,173,971
Indianapolis,Food,0.007511737089201878,4.0,4.5,102,971
Indianapolis,Food,0.022935779816513763,4.0,2.0,156,67
Indianapolis,Food,0.024793388429752067,4.0,3.5,156,92
Indianapolis,Food,0.052083333333333336,2.0,4.0,67,34
Indianapolis,Food,0.015625,5.0,4.5,69,971
Indianapolis,Food,0.005946481665014866,4.5,4.5,44,971
Indianapolis,Food,0.04132231404958678,3.5,4.0,92,34
Indianapolis,Food,0.024793388429752067,3.5,4.5,92,156
Indianapolis,Food,0.006628787878787879,3.5,4.5,92,971
Indianapolis,Food,0.01049618320610687,4.0,4.5,88,971
Indianapolis,Food,0.02346041055718475,4.0,4.5,193,156
Indianapolis,Food,0.014821272885789015,4.0,4.5,193,971
Indianapolis,Food,0.017804154302670624,3.5,4.5,187,156
Indianapolis,Food,0.018469656992084433,3.5,4.5,187,971
Indianapolis,Food,0.005030181086519115,3.5,4.5,28,971
Indianapolis,Food,0.027347310847766638,4.5,4.5,156,971
Indianapolis,Food,0.009380863039399626,4.5,5.0,971,105
Indianapolis,Food,0.007905138339920948,4.5,4.5,971,49
Indianapolis,Food,0.0070921985815602835,4.5,4.5,971,23
Indianapolis,Specialty Food,0.022388059701492536,3.5,4.5,101,173
Indianapolis,Specialty Food,0.02390438247011952,3.5,4.5,101,156
Indianapolis,Specialty Food,0.03435114503816794,4.5,4.5,115,156
Indianapolis,Specialty Food,0.028125,4.5,4.5,173,156
Indianapolis,Breweries,0.038461538461538464,4.5,4.0,139,184
Indianapolis,Breweries,0.02608695652173913,4.5,4.0,139,97
Indianapolis,Breweries,0.07352941176470588,4.5,4.0,139,153
Indianapolis,Breweries,0.08029197080291971,4.5,4.5,139,305
Indianapolis,Breweries,0.04945054945054945,4.5,4.5,139,52
Indianapolis,Breweries,0.01141552511415525,3.5,4.0,258,184
Indianapolis,Breweries,0.019851116625310174,3.5,4.0,258,153
Indianapolis,Breweries,0.023636363636363636,3.5,4.5,258,305
Indianapolis,Breweries,0.056179775280898875,4.0,4.0,184,97
Indianapolis,Breweries,0.03048780487804878,4.0,4.0,184,153
Indianapolis,Breweries,0.016597510373443983,4.0,4.5,184,305
Indianapolis,Breweries,0.02459016393442623,4.0,4.0,97,153
Indianapolis,Breweries,0.015151515151515152,4.0,4.5,97,305
Indianapolis,Breweries,0.09307875894988067,4.0,4.5,153,305
Indianapolis,Breweries,0.03535353535353535,4.0,4.5,153,52
Indianapolis,Breweries,0.034782608695652174,4.5,4.5,305,52
Indianapolis,Beer,0.01742627345844504,4.5,4.0,139,1379
Indianapolis,Beer,0.02608695652173913,4.5,4.0,139,97
Indianapolis,Beer,0.07352941176470588,4.5,4.0,139,153
Indianapolis,Beer,0.08029197080291971,4.5,4.5,139,305
Indianapolis,Beer,0.04945054945054945,4.5,4.5,139,52
Indianapolis,Beer,0.05405405405405406,4.5,4.5,139,173
Indianapolis,Beer,0.0035236081747709656,3.5,4.0,45,1379
Indianapolis,Beer,0.00819672131147541,4.0,4.0,1379,97
Indianapolis,Beer,0.019973368841544607,4.0,4.0,1379,153
Indianapolis,Beer,0.03503380454824831,4.0,4.5,1379,305
Indianapolis,Beer,0.008456659619450317,4.0,4.5,1379,52
Indianapolis,Beer,0.015042511445389144,4.0,4.5,1379,173
Indianapolis,Beer,0.003924133420536298,4.0,4.0,1379,156
Indianapolis,Beer,0.02459016393442623,4.0,4.0,97,153
Indianapolis,Beer,0.015151515151515152,4.0,4.5,97,305
Indianapolis,Beer,0.026615969581749048,4.0,4.5,97,173
Indianapolis,Beer,0.09307875894988067,4.0,4.5,153,305
Indianapolis,Beer,0.03535353535353535,4.0,4.5,153,52
Indianapolis,Beer,0.04823151125401929,4.0,4.5,153,173
Indianapolis,Beer,0.034782608695652174,4.5,4.5,305,52
Indianapolis,Beer,0.06696428571428571,4.5,4.5,305,173
Indianapolis,Wine & Spirits,0.01742627345844504,4.5,4.0,139,1379
Indianapolis,Wine & Spirits,0.02608695652173913,4.5,4.0,139,97
Indianapolis,Wine & Spirits,0.07352941176470588,4.5,4.0,139,153
Indianapolis,Wine & Spirits,0.08029197080291971,4.5,4.5,139,305
Indianapolis,Wine & Spirits,0.04945054945054945,4.5,4.5,139,52
Indianapolis,Wine & Spirits,0.05405405405405406,4.5,4.5,139,173
Indianapolis,Wine & Spirits,0.0035236081747709656,3.5,4.0,45,1379
Indianapolis,Wine & Spirits,0.00819672131147541,4.0,4.0,1379,97
Indianapolis,Wine & Spirits,0.019973368841544607,4.0,4.0,1379,153
Indianapolis,Wine & Spirits,0.03503380454824831,4.0,4.5,1379,305
Indianapolis,Wine & Spirits,0.008456659619450317,4.0,4.5,1379,52
Indianapolis,Wine & Spirits,0.015042511445389144,4.0,4.5,1379,173
Indianapolis,Wine & Spirits,0.003924133420536298,4.0,4.0,1379,156
Indianapolis,Wine & Spirits,0.02459016393442623,4.0,4.0,97,153
Indianapolis,Wine & Spirits,0.015151515151515152,4.0,4.5,97,305
Indianapolis,Wine & Spirits,0.026615969581749048,4.0,4.5,97,173
Indianapolis,Wine & Spirits,0.09307875894988067,4.0,4.5,153,305
Indianapolis,Wine & Spirits,0.03535353535353535,4.0,4.5,153,52
Indianapolis,Wine & Spirits,0.04823151125401929,4.0,4.5,153,173
Indianapolis,Wine & Spirits,0.034782608695652174,4.5,4.5,305,52
Indianapolis,Wine & Spirits,0.06696428571428571,4.5,4.5,305,173
Indianapolis,Desserts,0.022675736961451247,3.5,4.0,258,193
Indianapolis,Desserts,0.011363636363636364,3.5,3.5,258,187
Indianapolis,Pizza,0.022267206477732792,3.5,3.5,221,284
Indianapolis,Pizza,0.014084507042253521,3.5,4.0,221,427
Indianapolis,Pizza,0.014925373134328358,4.0,4.0,184,427
Indianapolis,Pizza,0.036734693877551024,4.0,5.0,184,69
Indianapolis,Pizza,0.015714285714285715,3.5,4.0,284,427
Indianapolis,Pizza,0.010615711252653927,4.0,3.0,427,49
Indianapolis,Pizza,0.017142857142857144,4.0,3.0,427,107
Indianapolis,Pizza,0.012244897959183673,4.0,5.0,427,69
Indianapolis,Arts & Entertainment,0.013043478260869565,4.0,4.5,28,438
Indianapolis,Arts & Entertainment,0.01072961373390558,4.0,4.5,33,438
Indianapolis,Arts & Entertainment,0.020080321285140562,4.5,4.5,48,206
Indianapolis,Arts & Entertainment,0.0125,4.5,4.5,48,438
Indianapolis,Arts & Entertainment,0.039473684210526314,4.5,4.5,48,110
Indianapolis,Arts & Entertainment,0.01729106628242075,4.5,4.5,48,305
Indianapolis,Arts & Entertainment,0.02384737678855326,4.5,4.5,206,438
Indianapolis,Arts & Entertainment,0.046357615894039736,4.5,4.5,206,110
Indianapolis,Arts & Entertainment,0.06680584551148225,4.5,4.5,206,305
Indianapolis,Arts & Entertainment,0.027888446215139442,4.5,4.5,206,52
Indianapolis,Arts & Entertainment,0.022727272727272728,4.5,4.5,206,109
Indianapolis,Arts & Entertainment,0.04380952380952381,4.5,4.5,438,110
Indianapolis,Arts & Entertainment,0.03337969401947149,4.5,4.5,438,305
Indianapolis,Arts & Entertainment,0.010309278350515464,4.5,4.5,438,52
Indianapolis,Arts & Entertainment,0.01020408163265306,4.5,4.5,438,57
Indianapolis,Arts & Entertainment,0.045889101338432124,4.5,4.5,438,109
Indianapolis,Arts & Entertainment,0.058673469387755105,4.5,4.5,110,305
Indianapolis,Arts & Entertainment,0.03184713375796178,4.5,4.5,110,52
Indianapolis,Arts & Entertainment,0.07352941176470588,4.5,4.5,110,109
Indianapolis,Arts & Entertainment,0.034782608695652174,4.5,4.5,305,52
Indianapolis,Arts & Entertainment,0.023121387283236993,4.5,4.5,305,49
Indianapolis,Arts & Entertainment,0.02729528535980149,4.5,4.5,305,109
Indianapolis,Sushi Bars,0.022413793103448276,4.0,4.0,246,346
Indianapolis,Sushi Bars,0.011363636363636364,4.0,3.5,346,187
Indianapolis,Grocery,0.04371584699453552,4.0,4.5,18,173
Indianapolis,Grocery,0.029850746268656716,4.5,4.0,173,34
Indianapolis,Lounges,0.042821158690176324,4.0,4.5,208,206
Indianapolis,Lounges,0.023076923076923078,3.5,4.5,60,206
Indianapolis,Home & Garden,0.02575107296137339,4.5,4.0,205,34
Indianapolis,Art Galleries,0.06680584551148225,4.5,4.5,206,305
Indianapolis,Art Galleries,0.022727272727272728,4.5,4.5,206,109
Indianapolis,Art Galleries,0.02729528535980149,4.5,4.5,305,109
Indianapolis,Sandwiches,0.009157509157509158,4.0,4.5,45,506
Indianapolis,Sandwiches,0.03225806451612903,4.0,4.5,45,115
Indianapolis,Sandwiches,0.014970059880239521,4.5,4.5,176,163
Indianapolis,Sandwiches,0.01337295690936107,4.5,4.5,176,506
Indianapolis,Sandwiches,0.021052631578947368,4.5,4.5,176,115
Indianapolis,Sandwiches,0.010574018126888218,4.5,4.5,163,506
Indianapolis,Sandwiches,0.019169329073482427,4.5,4.5,163,156
Indianapolis,Sandwiches,0.009722222222222222,3.5,4.5,221,506
Indianapolis,Sandwiches,0.015105740181268883,3.5,4.5,221,115
Indianapolis,Sandwiches,0.03389830508474576,4.5,4.5,27,156
Indianapolis,Sandwiches,0.009242144177449169,5.0,4.5,40,506
Indianapolis,Sandwiches,0.05945945945945946,5.0,4.5,40,156
Indianapolis,Sandwiches,0.010948905109489052,4.5,4.0,506,48
Indianapolis,Sandwiches,0.00975609756097561,4.5,4.5,506,115
Indianapolis,Sandwiches,0.014842300556586271,4.5,4.5,506,41
Indianapolis,Sandwiches,0.016897081413210446,4.5,4.5,506,156
Indianapolis,Sandwiches,0.03435114503816794,4.5,4.5,115,156
Indianapolis,Salad,0.020030816640986132,3.5,4.0,221,441
Indianapolis,Salad,0.022267206477732792,3.5,3.5,221,284
Indianapolis,Salad,0.02,3.5,3.5,221,187
Indianapolis,Salad,0.00931098696461825,3.5,4.0,101,441
Indianapolis,Salad,0.016830294530154277,4.0,3.5,441,284
Indianapolis,Salad,0.01948051948051948,4.0,3.5,441,187
Indianapolis,Salad,0.011111111111111112,4.0,5.0,441,105
Indianapolis,Salad,0.01948051948051948,3.5,3.5,284,187
Indianapolis,Pubs,0.056179775280898875,4.0,4.0,184,97
Indianapolis,Pubs,0.014925373134328358,4.0,4.0,184,427
Indianapolis,Pubs,0.023076923076923078,4.0,4.5,184,81
Indianapolis,Pubs,0.01680672268907563,4.0,4.0,427,57
Indianapolis,Pubs,0.036734693877551024,4.0,4.5,427,81
Indianapolis,Pubs,0.023157894736842106,4.0,4.5,427,59
Indianapolis,Event Planning & Services,0.01764705882352941,4.5,4.5,41,305
Indianapolis,Event Planning & Services,0.01718213058419244,4.5,4.5,91,205
Indianapolis,Event Planning & Services,0.05115089514066496,4.5,4.5,206,205
Indianapolis,Event Planning & Services,0.03153153153153153,4.5,4.5,206,23
Indianapolis,Event Planning & Services,0.06680584551148225,4.5,4.5,206,305
Indianapolis,Event Planning & Services,0.05128205128205128,4.5,4.5,206,81
Indianapolis,Event Planning & Services,0.028409090909090908,4.5,4.5,206,156
Indianapolis,Event Planning & Services,0.022935779816513763,4.5,5.0,206,17
Indianapolis,Event Planning & Services,0.022727272727272728,4.5,4.5,206,109
Indianapolis,Event Planning & Services,0.07368421052631578,4.5,4.5,205,305
Indianapolis,Event Planning & Services,0.025089605734767026,4.5,4.5,205,81
Indianapolis,Event Planning & Services,0.03142857142857143,4.5,4.5,205,156
Indianapolis,Event Planning & Services,0.04318936877076412,4.5,4.5,205,109
Indianapolis,Event Planning & Services,0.028735632183908046,4.5,4.5,23,156
Indianapolis,Event Planning & Services,0.04043126684636118,4.5,4.5,305,81
Indianapolis,Event Planning & Services,0.029017857142857144,4.5,4.5,305,156
Indianapolis,Event Planning & Services,0.023121387283236993,4.5,4.5,305,49
Indianapolis,Event Planning & Services,0.02729528535980149,4.5,4.5,305,109
Indianapolis,Event Planning & Services,0.023166023166023165,4.5,4.5,156,109
Indianapolis,Venues & Event Spaces,0.01764705882352941,4.5,4.5,41,305
Indianapolis,Venues & Event Spaces,0.028735632183908046,4.5,4.5,23,156
Indianapolis,Venues & Event Spaces,0.029017857142857144,4.5,4.5,305,156
Indianapolis,Venues & Event Spaces,0.02729528535980149,4.5,4.5,305,109
Indianapolis,Venues & Event Spaces,0.023166023166023165,4.5,4.5,156,109
Indianapolis,Coffee & Tea,0.034482758620689655,4.0,5.0,170,40
Indianapolis,Coffee & Tea,0.023696682464454975,4.0,5.0,170,46
Indianapolis,Coffee & Tea,0.01507208387942333,4.0,4.0,170,1379
Indianapolis,Coffee & Tea,0.02735562310030395,4.0,4.5,170,506
Indianapolis,Coffee & Tea,0.021739130434782608,4.0,4.5,170,206
Indianapolis,Coffee & Tea,0.022556390977443608,4.0,4.0,170,102
Indianapolis,Coffee & Tea,0.028391167192429023,4.0,4.5,170,156
Indianapolis,Coffee & Tea,0.0078125,5.0,4.0,40,1379
Indianapolis,Coffee & Tea,0.009242144177449169,5.0,4.5,40,506
Indianapolis,Coffee & Tea,0.02074688796680498,5.0,4.5,40,206
Indianapolis,Coffee & Tea,0.05945945945945946,5.0,4.5,40,156
Indianapolis,Coffee & Tea,0.012073863636363636,5.0,4.0,46,1379
Indianapolis,Coffee & Tea,0.014705882352941176,5.0,4.5,46,506
Indianapolis,Coffee & Tea,0.020242914979757085,5.0,4.5,46,206
Indianapolis,Coffee & Tea,0.035897435897435895,5.0,4.5,46,156
Indianapolis,Coffee & Tea,0.03628367234744365,4.0,4.5,1379,506
Indianapolis,Coffee & Tea,0.006788866259334691,4.0,3.5,1379,104
Indianapolis,Coffee & Tea,0.029889538661468484,4.0,4.5,1379,206
Indianapolis,Coffee & Tea,0.00954328561690525,4.0,4.0,1379,102
Indianapolis,Coffee & Tea,0.0047814207650273225,4.0,3.5,1379,92
Indianapolis,Coffee & Tea,0.003566333808844508,4.0,3.5,1379,28
Indianapolis,Coffee & Tea,0.02606951871657754,4.0,4.5,1379,156
Indianapolis,Coffee & Tea,0.022988505747126436,4.5,4.5,506,206
Indianapolis,Coffee & Tea,0.021848739495798318,4.5,4.0,506,102
Indianapolis,Coffee & Tea,0.016897081413210446,4.5,4.5,506,156
Indianapolis,Coffee & Tea,0.028409090909090908,4.5,4.5,206,156
Indianapolis,Coffee & Tea,0.024793388429752067,3.5,4.5,92,156
Indianapolis,Indian,0.027522935779816515,3.5,4.0,167,169
Indianapolis,Indian,0.025252525252525252,4.0,3.5,169,34
Indianapolis,Hotels & Travel,0.05128205128205128,4.5,4.5,206,81
Indianapolis,Cafes,0.0078125,5.0,4.0,40,1379
Indianapolis,Cafes,0.009242144177449169,5.0,4.5,40,506
Indianapolis,Cafes,0.01272264631043257,5.0,4.0,40,358
Indianapolis,Cafes,0.03628367234744365,4.0,4.5,1379,506
Indianapolis,Cafes,0.006788866259334691,4.0,3.5,1379,104
Indianapolis,Cafes,0.01858513189448441,4.0,4.0,1379,320
Indianapolis,Cafes,0.03086053412462908,4.0,4.0,1379,358
Indianapolis,Cafes,0.003566333808844508,4.0,3.5,1379,28
Indianapolis,Cafes,0.008547008547008548,4.5,4.0,506,320
Indianapolis,Cafes,0.031026252983293555,4.5,4.0,506,358
Indianapolis,Cafes,0.014970059880239521,4.0,4.0,320,358
Indianapolis,Cafes,0.013123359580052493,4.0,3.5,358,28
Indianapolis,Mexican,0.017241379310344827,4.5,4.0,176,178
Indianapolis,Mexican,0.014675052410901468,4.5,4.0,176,308
Indianapolis,Mexican,0.02304147465437788,4.5,4.5,176,46
Indianapolis,Mexican,0.018650088809946713,4.5,4.5,176,971
Indianapolis,Mexican,0.014925373134328358,4.0,3.0,178,162
Indianapolis,Mexican,0.014613778705636743,4.0,4.0,178,308
Indianapolis,Mexican,0.022900763358778626,4.0,4.5,178,90
Indianapolis,Mexican,0.03887884267631103,4.0,4.5,178,971
Indianapolis,Mexican,0.00496031746031746,4.0,4.5,42,971
Indianapolis,Mexican,0.01634877384196185,3.0,4.0,65,308
Indianapolis,Mexican,0.004849660523763337,3.0,4.5,65,971
Indianapolis,Mexican,0.02100840336134454,3.5,3.0,81,162
Indianapolis,Mexican,0.013020833333333334,3.5,4.0,81,308
Indianapolis,Mexican,0.016216216216216217,2.5,4.0,68,308
Indianapolis,Mexican,0.007759456838021339,2.5,4.5,68,971
Indianapolis,Mexican,0.006060606060606061,4.5,4.5,25,971
Indianapolis,Mexican,0.017316017316017316,3.0,4.0,162,308
Indianapolis,Mexican,0.017055655296229804,3.0,4.5,162,971
Indianapolis,Mexican,0.005813953488372093,4.0,4.5,67,971
Indianapolis,Mexican,0.016666666666666666,4.0,3.5,308,58
Indianapolis,Mexican,0.02313624678663239,4.0,4.5,308,90
Indianapolis,Mexican,0.028962188254223652,4.0,4.5,308,971
Indianapolis,Mexican,0.007928642220019821,4.5,4.5,46,971
Indianapolis,Mexican,0.006641366223908918,4.5,4.5,90,971
Indianapolis,Vegetarian,0.017241379310344827,4.5,4.5,127,168
Indianapolis,Burgers,0.013461538461538462,4.0,4.0,86,441
Indianapolis,Burgers,0.018796992481203006,4.0,4.0,86,184
Indianapolis,Burgers,0.027914614121510674,4.0,4.0,441,184
Indianapolis,Burgers,0.02018348623853211,4.0,4.5,441,115
Indianapolis,Burgers,0.017964071856287425,4.0,5.0,441,69
Indianapolis,Burgers,0.023890784982935155,4.0,4.5,184,115
Indianapolis,Burgers,0.036734693877551024,4.0,5.0,184,69
Indianapolis,Burgers,0.022935779816513763,4.0,2.0,156,67
Indianapolis,Performing Arts,0.039473684210526314,4.5,4.5,48,110
Indianapolis,Flowers & Gifts,0.06779661016949153,4.5,4.5,205,173
Indianapolis,Tacos,0.00496031746031746,4.0,4.5,42,971
Indianapolis,Tacos,0.006060606060606061,4.5,4.5,25,971
Indianapolis,Tacos,0.007928642220019821,4.5,4.5,46,971
Indianapolis,Local Flavor,0.034782608695652174,4.5,4.5,305,52
Indianapolis,Wine Bars,0.0150093808630394,4.5,4.5,236,305
Indianapolis,Wine Bars,0.023121387283236993,4.5,4.5,305,49
Indianapolis,Arts & Crafts,0.04219409282700422,4.5,4.5,205,42
Indianapolis,Vietnamese,0.02850877192982456,4.0,4.0,48,421
Indianapolis,Vietnamese,0.011538461538461539,4.0,5.0,421,105
Indianapolis,Latin American,0.017055655296229804,3.0,4.5,162,971
Indianapolis,Latin American,0.005813953488372093,4.0,4.5,67,971
Indianapolis,Museums,0.045889101338432124,4.5,4.5,438,109
Indianapolis,Wineries,0.023121387283236993,4.5,4.5,305,49
Indianapolis,Empanadas,0.015625,5.0,4.5,69,971
Nashville,Restaurants,0.03896103896103896,4.0,3.5,161,159
Nashville,Restaurants,0.011182108626198083,4.0,3.5,161,472
Nashville,Restaurants,0.020370370370370372,4.0,4.5,161,390
Nashville,Restaurants,0.03474903474903475,4.0,4.0,161,107
Nashville,Restaurants,0.0166270783847981,4.0,4.0,161,267
Nashville,Restaurants,0.009153318077803204,4.0,4.0,161,721
Nashville,Restaurants,0.008017103153393906,4.0,4.0,161,1725
Nashville,Restaurants,0.015065913370998116,4.0,3.5,161,378
Nashville,Restaurants,0.01167883211678832,4.0,3.5,161,532
Nashville,Restaurants,0.006314127861089187,4.0,4.0,161,1114
Nashville,Restaurants,0.010775862068965518,4.0,3.0,161,308
Nashville,Restaurants,0.008665511265164644,4.0,4.5,161,421
Nashville,Restaurants,0.002705139765554554,4.0,4.0,161,2063
Nashville,Restaurants,0.019197207678883072,4.0,4.0,161,423
Nashville,Restaurants,0.02631578947368421,4.0,3.5,161,151
Nashville,Restaurants,0.019823788546255508,4.0,4.0,161,302
Nashville,Restaurants,0.009615384615384616,4.0,3.5,161,364
Nashville,Restaurants,0.011904761904761904,4.0,4.0,161,604
Nashville,Restaurants,0.006693440428380187,3.5,4.5,159,593
Nashville,Restaurants,0.011217948717948718,3.5,3.5,159,472
Nashville,Restaurants,0.016666666666666666,3.5,4.5,159,390
Nashville,Restaurants,0.02,3.5,4.5,159,249
Nashville,Restaurants,0.011876484560570071,3.5,4.0,159,267
Nashville,Restaurants,0.010332950631458095,3.5,4.0,159,721
Nashville,Restaurants,0.01576182136602452,3.5,4.5,159,421
Nashville,Restaurants,0.012903225806451613,3.5,4.0,159,1725
Nashville,Restaurants,0.015122873345935728,3.5,3.5,159,378
Nashville,Restaurants,0.007288629737609329,3.5,3.5,159,532
Nashville,Restaurants,0.007120253164556962,3.5,4.0,159,1114
Nashville,Restaurants,0.013755158184319119,3.5,4.0,159,578
Nashville,Restaurants,0.012216404886561954,3.5,4.5,159,421
Nashville,Restaurants,0.005885015844273427,3.5,4.0,159,2063
Nashville,Restaurants,0.01217391304347826,3.5,4.0,159,423
Nashville,Restaurants,0.019736842105263157,3.5,3.5,159,151
Nashville,Restaurants,0.017699115044247787,3.5,3.5,159,186
Nashville,Restaurants,0.010596026490066225,3.5,4.0,159,604
Nashville,Restaurants,0.006493506493506494,4.5,4.0,593,182
Nashville,Restaurants,0.011786038077969175,4.5,3.0,593,1639
Nashville,Restaurants,0.014271151885830785,4.5,3.0,593,402
Nashville,Restaurants,0.013301088270858524,4.5,3.5,593,245
Nashville,Restaurants,0.006616257088846881,4.5,3.5,593,472
Nashville,Restaurants,0.013959390862944163,4.5,3.0,593,206
Nashville,Restaurants,0.008781558726673985,4.5,3.5,593,326
Nashville,Restaurants,0.009163802978235968,4.5,3.0,593,288
Nashville,Restaurants,0.006289308176100629,4.5,4.0,593,367
Nashville,Restaurants,0.013024602026049204,4.5,4.5,593,107
Nashville,Restaurants,0.011547344110854504,4.5,4.0,593,721
Nashville,Restaurants,0.011019283746556474,4.5,4.0,593,141
Nashville,Restaurants,0.01634877384196185,4.5,3.5,593,153
Nashville,Restaurants,0.008274231678486997,4.5,4.0,593,260
Nashville,Restaurants,0.0099601593625498,4.5,4.5,593,421
Nashville,Restaurants,0.008264462809917356,4.5,4.0,593,1725
Nashville,Restaurants,0.011458333333333333,4.5,3.5,593,378
Nashville,Restaurants,0.006261180679785331,4.5,3.5,593,532
Nashville,Restaurants,0.01971326164874552,4.5,4.0,593,1114
Nashville,Restaurants,0.01122334455667789,4.5,3.0,593,308
Nashville,Restaurants,0.006878761822871883,4.5,4.0,593,578
Nashville,Restaurants,0.011851851851851851,4.5,3.5,593,90
Nashville,Restaurants,0.009587727708533078,4.5,4.0,593,460
Nashville,Restaurants,0.022718521370812476,4.5,4.0,593,2063
Nashville,Restaurants,0.0056179775280898875,4.5,4.0,593,302
Nashville,Restaurants,0.007368421052631579,4.5,3.5,593,364
Nashville,Restaurants,0.00672834314550042,4.5,4.0,593,604
Nashville,Restaurants,0.010767160161507403,4.5,3.5,593,158
Nashville,Restaurants,0.00421274354923644,4.0,4.0,182,1725
Nashville,Restaurants,0.008333333333333333,4.0,3.5,182,665
Nashville,Restaurants,0.006906758756783424,3.0,3.0,1639,402
Nashville,Restaurants,0.0042643923240938165,3.0,3.5,1639,245
Nashville,Restaurants,0.00715648854961832,3.0,3.5,1639,472
Nashville,Restaurants,0.00819672131147541,3.0,3.0,1639,206
Nashville,Restaurants,0.004455445544554455,3.0,4.5,1639,390
Nashville,Restaurants,0.003575076608784474,3.0,3.5,1639,326
Nashville,Restaurants,0.0046923879040667365,3.0,3.0,1639,288
Nashville,Restaurants,0.006034009873834339,3.0,3.5,1639,195
Nashville,Restaurants,0.003501750875437719,3.0,4.0,1639,367
Nashville,Restaurants,0.004602991944764097,3.0,4.5,1639,107
Nashville,Restaurants,0.003948110547095319,3.0,4.0,1639,141
Nashville,Restaurants,0.004484304932735426,3.0,3.5,1639,153
Nashville,Restaurants,0.007427055702917772,3.0,4.0,1639,260
Nashville,Restaurants,0.0034096444227959084,3.0,4.5,1639,421
Nashville,Restaurants,0.003579952267303103,3.0,4.0,1639,1725
Nashville,Restaurants,0.003982080637132902,3.0,3.5,1639,378
Nashville,Restaurants,0.0076866764275256225,3.0,4.0,1639,1114
Nashville,Restaurants,0.0036082474226804126,3.0,3.0,1639,308
Nashville,Restaurants,0.004797208896641954,3.0,3.5,1639,665
Nashville,Restaurants,0.012305168170631665,3.0,4.0,1639,2063
Nashville,Restaurants,0.0025025025025025025,3.0,3.5,1639,364
Nashville,Restaurants,0.0031305903398926656,3.0,4.0,1639,604
Nashville,Restaurants,0.004471771939631079,3.0,3.5,1639,158
Nashville,Restaurants,0.0352,3.0,3.5,402,245
Nashville,Restaurants,0.013888888888888888,3.0,3.0,402,36
Nashville,Restaurants,0.0234192037470726,3.0,3.5,402,472
Nashville,Restaurants,0.011737089201877934,3.0,3.0,402,29
Nashville,Restaurants,0.01556420233463035,3.0,3.5,402,120
Nashville,Restaurants,0.012371134020618556,3.0,3.0,402,89
Nashville,Restaurants,0.03754266211604096,3.0,3.0,402,206
Nashville,Restaurants,0.0063532401524777635,3.0,4.5,402,390
Nashville,Restaurants,0.01839080459770115,3.0,4.0,402,41
Nashville,Restaurants,0.01002004008016032,3.0,3.0,402,102
Nashville,Restaurants,0.0196078431372549,3.0,3.5,402,326
Nashville,Restaurants,0.013215859030837005,3.0,3.0,402,288
Nashville,Restaurants,0.01897810218978102,3.0,4.0,402,296
Nashville,Restaurants,0.018115942028985508,3.0,4.0,402,160
Nashville,Restaurants,0.025333333333333333,3.0,4.0,402,367
Nashville,Restaurants,0.0408997955010225,3.0,4.5,402,107
Nashville,Restaurants,0.01059322033898305,3.0,4.0,402,75
Nashville,Restaurants,0.00807899461400359,3.0,4.0,402,721
Nashville,Restaurants,0.011086474501108648,3.0,4.0,402,54
Nashville,Restaurants,0.026465028355387523,3.0,4.0,402,141
Nashville,Restaurants,0.037383177570093455,3.0,3.5,402,153
Nashville,Restaurants,0.013782542113323124,3.0,4.0,402,260
Nashville,Restaurants,0.006112469437652812,3.0,4.5,402,421
Nashville,Restaurants,0.0037753657385559227,3.0,4.0,402,1725
Nashville,Restaurants,0.018276762402088774,3.0,3.5,402,378
Nashville,Restaurants,0.00646551724137931,3.0,3.5,402,532
Nashville,Restaurants,0.01676727028839705,3.0,4.0,402,1114
Nashville,Restaurants,0.033478893740902474,3.0,3.0,402,308
Nashville,Restaurants,0.006160164271047228,3.0,4.0,402,578
Nashville,Restaurants,0.02286902286902287,3.0,3.5,402,90
Nashville,Restaurants,0.012300123001230012,3.0,4.5,402,421
Nashville,Restaurants,0.026228143213988343,3.0,4.0,402,2063
Nashville,Restaurants,0.006097560975609756,3.0,4.0,402,423
Nashville,Restaurants,0.010822510822510822,3.0,3.0,402,65
Nashville,Restaurants,0.010309278350515464,3.0,3.5,402,186
Nashville,Restaurants,0.017341040462427744,3.0,4.0,402,302
Nashville,Restaurants,0.010554089709762533,3.0,3.5,402,364
Nashville,Restaurants,0.011513157894736841,3.0,3.5,402,213
Nashville,Restaurants,0.012106537530266344,3.0,2.5,402,16
Nashville,Restaurants,0.009823182711198428,3.0,3.5,402,112
Nashville,Restaurants,0.028629856850715747,3.0,4.0,402,604
Nashville,Restaurants,0.029411764705882353,3.0,3.5,402,158
Nashville,Restaurants,0.025547445255474453,3.5,3.0,245,36
Nashville,Restaurants,0.01991465149359886,3.5,3.5,245,472
Nashville,Restaurants,0.032036613272311214,3.5,3.0,245,206
Nashville,Restaurants,0.02146690518783542,3.5,3.5,245,326
Nashville,Restaurants,0.009328358208955223,3.5,4.0,245,296
Nashville,Restaurants,0.021702838063439065,3.5,4.0,245,367
Nashville,Restaurants,0.023255813953488372,3.5,4.5,245,107
Nashville,Restaurants,0.0072992700729927005,3.5,4.0,245,721
Nashville,Restaurants,0.023972602739726026,3.5,4.0,245,54
Nashville,Restaurants,0.013123359580052493,3.5,4.0,245,141
Nashville,Restaurants,0.028423772609819122,3.5,3.5,245,153
Nashville,Restaurants,0.022267206477732792,3.5,4.0,245,260
Nashville,Restaurants,0.003054989816700611,3.5,4.0,245,1725
Nashville,Restaurants,0.019639934533551555,3.5,3.5,245,378
Nashville,Restaurants,0.007782101167315175,3.5,3.5,245,532
Nashville,Restaurants,0.009658246656760773,3.5,4.0,245,1114
Nashville,Restaurants,0.035580524344569285,3.5,3.0,245,308
Nashville,Restaurants,0.006112469437652812,3.5,4.0,245,578
Nashville,Restaurants,0.027607361963190184,3.5,3.5,245,90
Nashville,Restaurants,0.007564296520423601,3.5,4.5,245,421
Nashville,Restaurants,0.010065645514223195,3.5,4.0,245,2063
Nashville,Restaurants,0.00906344410876133,3.5,4.0,245,423
Nashville,Restaurants,0.016728624535315983,3.5,4.0,245,302
Nashville,Restaurants,0.01327433628318584,3.5,3.5,245,213
Nashville,Restaurants,0.0341047503045067,3.5,4.0,245,604
Nashville,Restaurants,0.01256281407035176,3.5,3.5,245,158
Nashville,Restaurants,0.02459016393442623,4.0,4.0,99,151
Nashville,Restaurants,0.0071633237822349575,4.0,4.0,99,604
Nashville,Restaurants,0.015113350125944584,3.0,4.0,36,367
Nashville,Restaurants,0.020689655172413793,3.0,4.0,36,260
Nashville,Restaurants,0.023809523809523808,3.0,3.0,36,308
Nashville,Restaurants,0.002866698518872432,3.0,4.0,36,2063
Nashville,Restaurants,0.011058451816745656,3.0,4.0,36,604
Nashville,Restaurants,0.009784735812133072,3.5,4.5,472,44
Nashville,Restaurants,0.013201320132013201,3.5,3.0,472,142
Nashville,Restaurants,0.02416918429003021,3.5,3.0,472,206
Nashville,Restaurants,0.01411764705882353,3.5,4.5,472,390
Nashville,Restaurants,0.015492957746478873,3.5,4.5,472,249
Nashville,Restaurants,0.00984251968503937,3.5,4.0,472,41
Nashville,Restaurants,0.012345679012345678,3.5,3.0,472,102
Nashville,Restaurants,0.023076923076923078,3.5,3.5,472,326
Nashville,Restaurants,0.013192612137203167,3.5,4.0,472,296
Nashville,Restaurants,0.014198782961460446,3.5,3.0,472,28
Nashville,Restaurants,0.023170731707317073,3.5,4.0,472,367
Nashville,Restaurants,0.01417004048582996,3.5,4.5,472,29
Nashville,Restaurants,0.022968197879858657,3.5,4.5,472,107
Nashville,Restaurants,0.009562841530054645,3.5,4.0,472,267
Nashville,Restaurants,0.00922509225092251,3.5,4.0,472,75
Nashville,Restaurants,0.015319148936170212,3.5,4.0,472,721
Nashville,Restaurants,0.02508361204013378,3.5,4.0,472,141
Nashville,Restaurants,0.016260162601626018,3.5,3.5,472,153
Nashville,Restaurants,0.028089887640449437,3.5,4.0,472,260
Nashville,Restaurants,0.014772727272727272,3.5,4.5,472,421
Nashville,Restaurants,0.007336084364970197,3.5,4.0,472,1725
Nashville,Restaurants,0.036585365853658534,3.5,3.5,472,378
Nashville,Restaurants,0.018255578093306288,3.5,3.5,472,532
Nashville,Restaurants,0.02256608639587363,3.5,4.0,472,1114
Nashville,Restaurants,0.035856573705179286,3.5,3.0,472,308
Nashville,Restaurants,0.011560693641618497,3.5,4.0,472,578
Nashville,Restaurants,0.008976660682226212,3.5,3.5,472,90
Nashville,Restaurants,0.017084282460136675,3.5,4.5,472,421
Nashville,Restaurants,0.008635578583765112,3.5,4.0,472,112
Nashville,Restaurants,0.008680555555555556,3.5,4.5,472,109
Nashville,Restaurants,0.011131725417439703,3.5,3.5,472,73
Nashville,Restaurants,0.009174311926605505,3.5,3.5,472,78
Nashville,Restaurants,0.013189448441247002,3.5,4.0,472,2063
Nashville,Restaurants,0.008547008547008548,3.5,4.0,472,118
Nashville,Restaurants,0.010158013544018058,3.5,4.0,472,423
Nashville,Restaurants,0.009724473257698542,3.5,3.5,472,151
Nashville,Restaurants,0.009202453987730062,3.5,3.5,472,186
Nashville,Restaurants,0.018421052631578946,3.5,4.0,472,302
Nashville,Restaurants,0.0170316301703163,3.5,3.5,472,364
Nashville,Restaurants,0.011816838995568686,3.5,3.5,472,213
Nashville,Restaurants,0.012131715771230503,3.5,3.5,472,112
Nashville,Restaurants,0.041626331074540175,3.5,4.0,472,604
Nashville,Restaurants,0.011235955056179775,3.5,3.5,472,158
Nashville,Restaurants,0.026200873362445413,3.0,3.0,29,206
Nashville,Restaurants,0.015384615384615385,3.0,4.0,29,367
Nashville,Restaurants,0.03409090909090909,3.0,3.5,29,153
Nashville,Restaurants,0.0023957834211787254,3.0,4.0,29,2063
Nashville,Restaurants,0.003691983122362869,3.5,4.0,178,1725
Nashville,Restaurants,0.01875,3.5,3.0,120,206
Nashville,Restaurants,0.011337868480725623,3.5,3.5,120,326
Nashville,Restaurants,0.020964360587002098,3.5,4.0,120,367
Nashville,Restaurants,0.03409090909090909,3.5,3.5,120,153
Nashville,Restaurants,0.013333333333333334,3.5,4.0,120,260
Nashville,Restaurants,0.012195121951219513,3.5,3.5,120,378
Nashville,Restaurants,0.004885993485342019,3.5,4.0,120,1114
Nashville,Restaurants,0.021479713603818614,3.5,3.0,120,308
Nashville,Restaurants,0.024390243902439025,3.5,3.5,120,90
Nashville,Restaurants,0.0055274067250115156,3.5,4.0,120,2063
Nashville,Restaurants,0.014423076923076924,3.5,4.0,120,302
Nashville,Restaurants,0.012587412587412588,3.5,4.0,120,604
Nashville,Restaurants,0.018315018315018316,3.5,3.5,120,158
Nashville,Restaurants,0.017241379310344827,3.0,3.0,89,206
Nashville,Restaurants,0.013333333333333334,3.0,4.0,89,367
Nashville,Restaurants,0.017948717948717947,3.0,3.0,89,308
Nashville,Restaurants,0.0032634032634032634,3.0,4.0,89,2063
Nashville,Restaurants,0.0048,3.0,4.0,142,1114
Nashville,Restaurants,0.004098360655737705,3.0,4.0,142,2063
Nashville,Restaurants,0.024896265560165973,3.0,4.0,206,41
Nashville,Restaurants,0.03300970873786408,3.0,3.5,206,326
Nashville,Restaurants,0.01646090534979424,3.0,3.0,206,288
Nashville,Restaurants,0.02240325865580448,3.0,4.0,206,296
Nashville,Restaurants,0.04562043795620438,3.0,4.0,206,367
Nashville,Restaurants,0.029605263157894735,3.0,4.5,206,107
Nashville,Restaurants,0.010905125408942203,3.0,4.0,206,721
Nashville,Restaurants,0.02766798418972332,3.0,4.0,206,54
Nashville,Restaurants,0.03582089552238806,3.0,4.0,206,141
Nashville,Restaurants,0.0345821325648415,3.0,3.5,206,153
Nashville,Restaurants,0.024175824175824177,3.0,4.0,206,260
Nashville,Restaurants,0.008038585209003215,3.0,4.5,206,421
Nashville,Restaurants,0.019197207678883072,3.0,3.5,206,378
Nashville,Restaurants,0.010958904109589041,3.0,3.5,206,532
Nashville,Restaurants,0.011494252873563218,3.0,4.0,206,1114
Nashville,Restaurants,0.028,3.0,3.0,206,308
Nashville,Restaurants,0.02422145328719723,3.0,3.5,206,90
Nashville,Restaurants,0.01129032258064516,3.0,4.5,206,421
Nashville,Restaurants,0.01566696508504924,3.0,4.0,206,2063
Nashville,Restaurants,0.01567398119122257,3.0,4.0,206,118
Nashville,Restaurants,0.01288244766505636,3.0,4.0,206,423
Nashville,Restaurants,0.012919896640826873,3.0,3.5,206,186
Nashville,Restaurants,0.026262626262626262,3.0,4.0,206,302
Nashville,Restaurants,0.014234875444839857,3.0,3.5,206,364
Nashville,Restaurants,0.01699029126213592,3.0,3.5,206,213
Nashville,Restaurants,0.026615969581749048,3.0,4.0,206,604
Nashville,Restaurants,0.04297994269340974,3.0,3.5,206,158
Nashville,Restaurants,0.012658227848101266,4.5,3.5,74,326
Nashville,Restaurants,0.03048780487804878,3.5,4.0,57,112
Nashville,Restaurants,0.007886435331230283,4.5,4.5,390,249
Nashville,Restaurants,0.009873060648801129,4.5,3.5,390,326
Nashville,Restaurants,0.01016260162601626,4.5,4.0,390,107
Nashville,Restaurants,0.006648936170212766,4.5,4.0,390,367
Nashville,Restaurants,0.012219959266802444,4.5,4.5,390,107
Nashville,Restaurants,0.029780564263322883,4.5,4.0,390,267
Nashville,Restaurants,0.005429864253393665,4.5,4.0,390,721
Nashville,Restaurants,0.009505703422053232,4.5,4.0,390,141
Nashville,Restaurants,0.016494845360824743,4.5,4.5,390,103
Nashville,Restaurants,0.007751937984496124,4.5,4.0,390,260
Nashville,Restaurants,0.011221945137157107,4.5,4.5,390,421
Nashville,Restaurants,0.00954653937947494,4.5,4.0,390,1725
Nashville,Restaurants,0.011857707509881422,4.5,3.5,390,378
Nashville,Restaurants,0.013186813186813187,4.5,3.5,390,532
Nashville,Restaurants,0.010073875083948958,4.5,4.0,390,1114
Nashville,Restaurants,0.005192107995846314,4.5,4.0,390,578
Nashville,Restaurants,0.008706467661691543,4.5,4.5,390,421
Nashville,Restaurants,0.0045045045045045045,4.5,4.0,390,2063
Nashville,Restaurants,0.009937888198757764,4.5,4.0,390,423
Nashville,Restaurants,0.009328358208955223,4.5,3.5,390,151
Nashville,Restaurants,0.00727802037845706,4.5,4.0,390,302
Nashville,Restaurants,0.03287671232876712,4.5,3.5,390,364
Nashville,Restaurants,0.008113590263691683,4.5,4.0,390,604
Nashville,Restaurants,0.024509803921568627,4.5,3.5,164,45
Nashville,Restaurants,0.011737089201877934,4.5,4.0,164,267
Nashville,Restaurants,0.010273972602739725,4.5,4.0,164,721
Nashville,Restaurants,0.006393180607352157,4.5,4.0,164,1725
Nashville,Restaurants,0.022641509433962263,4.5,3.5,164,378
Nashville,Restaurants,0.008695652173913044,4.5,3.5,164,532
Nashville,Restaurants,0.003927729772191673,4.5,4.0,164,1114
Nashville,Restaurants,0.008152173913043478,4.5,4.0,164,578
Nashville,Restaurants,0.022727272727272728,4.5,3.5,164,61
Nashville,Restaurants,0.0045105999097880016,4.5,4.0,164,2063
Nashville,Restaurants,0.013435700575815739,4.5,3.5,164,364
Nashville,Restaurants,0.01891891891891892,4.5,3.5,164,213
Nashville,Restaurants,0.00655307994757536,4.5,4.0,164,604
Nashville,Restaurants,0.014827018121911038,4.5,4.0,249,367
Nashville,Restaurants,0.007268951194184839,4.5,4.0,249,721
Nashville,Restaurants,0.007518796992481203,4.5,4.5,249,421
Nashville,Restaurants,0.008171603677221655,4.5,4.0,249,1725
Nashville,Restaurants,0.012924071082390954,4.5,3.5,249,378
Nashville,Restaurants,0.011658031088082901,4.5,3.5,249,532
Nashville,Restaurants,0.005904059040590406,4.5,4.0,249,1114
Nashville,Restaurants,0.014723926380368098,4.5,4.0,249,578
Nashville,Restaurants,0.009036144578313253,4.5,4.5,249,421
Nashville,Restaurants,0.006530256856769699,4.5,4.0,249,2063
Nashville,Restaurants,0.012658227848101266,4.5,3.5,249,151
Nashville,Restaurants,0.011009174311926606,4.5,4.0,249,302
Nashville,Restaurants,0.015476190476190477,4.5,4.0,249,604
Nashville,Restaurants,0.015189873417721518,3.5,4.0,134,267
Nashville,Restaurants,0.002696871628910464,3.5,4.0,134,1725
Nashville,Restaurants,0.0027384755819260614,3.5,4.0,134,2063
Nashville,Restaurants,0.013812154696132596,4.0,3.5,41,326
Nashville,Restaurants,0.017456359102244388,4.0,4.0,41,367
Nashville,Restaurants,0.0066050198150594455,4.0,4.0,41,721
Nashville,Restaurants,0.05555555555555555,4.0,4.0,41,54
Nashville,Restaurants,0.030821917808219176,4.0,4.0,41,260
Nashville,Restaurants,0.012077294685990338,4.0,3.5,41,378
Nashville,Restaurants,0.026470588235294117,4.0,3.0,41,308
Nashville,Restaurants,0.002859866539561487,4.0,4.0,41,2063
Nashville,Restaurants,0.017804154302670624,4.0,4.0,41,302
Nashville,Restaurants,0.032520325203252036,4.0,3.5,41,213
Nashville,Restaurants,0.014150943396226415,4.0,4.0,41,604
Nashville,Restaurants,0.024509803921568627,3.0,4.5,102,107
Nashville,Restaurants,0.009652509652509652,3.0,4.5,102,421
Nashville,Restaurants,0.0027442371020856204,3.0,4.0,102,1725
Nashville,Restaurants,0.006622516556291391,3.0,4.0,102,1114
Nashville,Restaurants,0.01990049751243781,3.0,3.0,102,308
Nashville,Restaurants,0.0037088548910523874,3.0,4.0,102,2063
Nashville,Restaurants,0.01800327332242226,3.5,4.0,326,296
Nashville,Restaurants,0.016736401673640166,3.5,4.0,326,160
Nashville,Restaurants,0.03278688524590164,3.5,4.0,326,367
Nashville,Restaurants,0.01643192488262911,3.5,4.5,326,107
Nashville,Restaurants,0.011594202898550725,3.5,4.0,326,721
Nashville,Restaurants,0.019650655021834062,3.5,4.0,326,141
Nashville,Restaurants,0.030107526881720432,3.5,3.5,326,153
Nashville,Restaurants,0.01559792027729636,3.5,4.0,326,260
Nashville,Restaurants,0.010825439783491205,3.5,4.5,326,421
Nashville,Restaurants,0.004899559039686428,3.5,4.0,326,1725
Nashville,Restaurants,0.027737226277372264,3.5,3.5,326,378
Nashville,Restaurants,0.008225616921269096,3.5,3.5,326,532
Nashville,Restaurants,0.016231474947071278,3.5,4.0,326,1114
Nashville,Restaurants,0.02922077922077922,3.5,3.0,326,308
Nashville,Restaurants,0.008928571428571428,3.5,4.0,326,578
Nashville,Restaurants,0.0196078431372549,3.5,3.5,326,90
Nashville,Restaurants,0.013568521031207599,3.5,4.5,326,421
Nashville,Restaurants,0.018604651162790697,3.5,4.0,326,112
Nashville,Restaurants,0.013146734520780322,3.5,4.0,326,2063
Nashville,Restaurants,0.010796221322537112,3.5,4.0,326,423
Nashville,Restaurants,0.021956087824351298,3.5,3.5,326,186
Nashville,Restaurants,0.012953367875647668,3.5,3.0,326,65
Nashville,Restaurants,0.036303630363036306,3.5,4.0,326,302
Nashville,Restaurants,0.010248901903367497,3.5,3.5,326,364
Nashville,Restaurants,0.011764705882352941,3.5,4.5,326,104
Nashville,Restaurants,0.02544529262086514,3.5,4.5,326,77
Nashville,Restaurants,0.032567049808429116,3.5,3.5,326,213
Nashville,Restaurants,0.034482758620689655,3.5,4.0,326,604
Nashville,Restaurants,0.018947368421052633,3.5,3.5,326,158
Nashville,Restaurants,0.0049800796812749,3.0,4.0,288,721
Nashville,Restaurants,0.00249003984063745,3.0,4.0,288,1725
Nashville,Restaurants,0.009852216748768473,3.0,3.5,288,532
Nashville,Restaurants,0.006460875807609476,3.0,4.0,288,1114
Nashville,Restaurants,0.010169491525423728,3.0,3.0,288,308
Nashville,Restaurants,0.006729475100942127,3.0,4.0,288,460
Nashville,Restaurants,0.008147512864493996,3.0,4.0,288,2063
Nashville,Restaurants,0.012468827930174564,3.0,4.0,288,118
Nashville,Restaurants,0.010080645161290322,3.0,3.5,288,213
Nashville,Restaurants,0.012658227848101266,3.0,3.5,288,112
Nashville,Restaurants,0.015945330296127564,3.0,3.5,288,158
Nashville,Restaurants,0.013333333333333334,4.0,4.0,296,160
Nashville,Restaurants,0.013761467889908258,4.0,4.0,296,367
Nashville,Restaurants,0.015113350125944584,4.0,4.5,296,107
Nashville,Restaurants,0.006930693069306931,4.0,4.0,296,721
Nashville,Restaurants,0.011574074074074073,4.0,4.0,296,141
Nashville,Restaurants,0.01583710407239819,4.0,3.5,296,153
Nashville,Restaurants,0.01090909090909091,4.0,4.0,296,260
Nashville,Restaurants,0.016591251885369532,4.0,3.5,296,378
Nashville,Restaurants,0.009305654974946313,4.0,4.0,296,1114
Nashville,Restaurants,0.01854974704890388,4.0,3.0,296,308
Nashville,Restaurants,0.012446351931330472,4.0,4.0,296,2063
Nashville,Restaurants,0.009831460674157303,4.0,4.0,296,423
Nashville,Restaurants,0.015280135823429542,4.0,4.0,296,302
Nashville,Restaurants,0.01809954751131222,4.0,4.0,296,604
Nashville,Restaurants,0.0026595744680851063,4.0,4.0,160,1725
Nashville,Restaurants,0.003940110323089046,4.0,4.0,160,1114
Nashville,Restaurants,0.012987012987012988,4.0,3.0,160,308
Nashville,Restaurants,0.010434782608695653,4.0,4.5,160,421
Nashville,Restaurants,0.00315884476534296,4.0,4.0,160,2063
Nashville,Restaurants,0.010940919037199124,4.0,4.0,160,302
Nashville,Restaurants,0.007861635220125786,4.0,4.0,37,604
Nashville,Restaurants,0.0072992700729927005,4.0,4.0,107,721
Nashville,Restaurants,0.005488474204171241,4.0,4.0,107,1725
Nashville,Restaurants,0.007886435331230283,4.0,3.5,107,532
Nashville,Restaurants,0.007352941176470588,4.0,4.0,107,578
Nashville,Restaurants,0.00651890482398957,4.0,3.5,107,665
Nashville,Restaurants,0.01072961373390558,4.0,3.5,107,364
Nashville,Restaurants,0.007082152974504249,4.0,4.0,107,604
Nashville,Restaurants,0.019011406844106463,5.0,4.0,8,260
Nashville,Restaurants,0.02252252252252252,2.0,4.5,120,107
Nashville,Restaurants,0.009287925696594427,2.0,3.5,120,532
Nashville,Restaurants,0.0036781609195402297,2.0,4.0,120,2063
Nashville,Restaurants,0.01935483870967742,4.0,4.5,367,107
Nashville,Restaurants,0.00927643784786642,4.0,4.0,367,721
Nashville,Restaurants,0.016,4.0,4.0,367,141
Nashville,Restaurants,0.015625,4.0,3.5,367,153
Nashville,Restaurants,0.01951219512195122,4.0,4.0,367,260
Nashville,Restaurants,0.009652509652509652,4.0,4.0,367,1725
Nashville,Restaurants,0.01637107776261937,4.0,3.5,367,378
Nashville,Restaurants,0.012387387387387387,4.0,3.5,367,532
Nashville,Restaurants,0.011612021857923498,4.0,4.0,367,1114
Nashville,Restaurants,0.038461538461538464,4.0,3.0,367,308
Nashville,Restaurants,0.009615384615384616,4.0,4.0,367,578
Nashville,Restaurants,0.020089285714285716,4.0,3.5,367,90
Nashville,Restaurants,0.011553273427471117,4.0,4.5,367,421
Nashville,Restaurants,0.012684989429175475,4.0,4.0,367,112
Nashville,Restaurants,0.011494252873563218,4.0,3.5,367,73
Nashville,Restaurants,0.016736401673640166,4.0,4.0,367,2063
Nashville,Restaurants,0.007653061224489796,4.0,4.0,367,423
Nashville,Restaurants,0.009746588693957114,4.0,3.5,367,151
Nashville,Restaurants,0.010968921389396709,4.0,3.5,367,186
Nashville,Restaurants,0.022935779816513763,4.0,4.0,367,302
Nashville,Restaurants,0.02654867256637168,4.0,3.5,367,213
Nashville,Restaurants,0.014830508474576272,4.0,3.5,367,112
Nashville,Restaurants,0.03407880724174654,4.0,4.0,367,604
Nashville,Restaurants,0.023391812865497075,4.0,3.5,367,158
Nashville,Restaurants,0.0023957834211787254,4.5,4.0,29,2063
Nashville,Restaurants,0.007961783439490446,4.5,4.0,29,604
Nashville,Restaurants,0.010638297872340425,4.0,3.5,38,532
Nashville,Restaurants,0.004359197907585004,4.0,4.0,38,1114
Nashville,Restaurants,0.007849293563579277,4.0,4.0,38,604
Nashville,Restaurants,0.00975609756097561,4.5,4.0,107,721
Nashville,Restaurants,0.024793388429752067,4.5,4.0,107,141
Nashville,Restaurants,0.0196078431372549,4.5,3.5,107,153
Nashville,Restaurants,0.01662049861495845,4.5,4.0,107,260
Nashville,Restaurants,0.009560229445506692,4.5,4.5,107,421
Nashville,Restaurants,0.023206751054852322,4.5,3.5,107,378
Nashville,Restaurants,0.009478672985781991,4.5,3.5,107,532
Nashville,Restaurants,0.006595218466611707,4.5,4.0,107,1114
Nashville,Restaurants,0.034912718204488775,4.5,3.0,107,308
Nashville,Restaurants,0.006493506493506494,4.5,4.0,107,2063
Nashville,Restaurants,0.01338432122370937,4.5,4.0,107,423
Nashville,Restaurants,0.0199501246882793,4.5,4.0,107,302
Nashville,Restaurants,0.01072961373390558,4.5,3.5,107,364
Nashville,Restaurants,0.015873015873015872,4.5,3.5,107,213
Nashville,Restaurants,0.017167381974248927,4.5,4.0,107,604
Nashville,Restaurants,0.019230769230769232,4.5,3.5,107,158
Nashville,Restaurants,0.007135575942915392,4.0,4.0,267,721
Nashville,Restaurants,0.016483516483516484,4.0,4.5,267,103
Nashville,Restaurants,0.014527845036319613,4.0,4.5,267,152
Nashville,Restaurants,0.007320644216691069,4.0,4.5,267,421
Nashville,Restaurants,0.00911854103343465,4.0,4.0,267,1725
Nashville,Restaurants,0.017834394904458598,4.0,3.5,267,532
Nashville,Restaurants,0.005094614264919942,4.0,4.0,267,1114
Nashville,Restaurants,0.008353221957040573,4.0,4.0,267,578
Nashville,Restaurants,0.007320644216691069,4.0,4.5,267,421
Nashville,Restaurants,0.003013344812742144,4.0,4.0,267,2063
Nashville,Restaurants,0.02154398563734291,4.0,4.0,267,302
Nashville,Restaurants,0.01610305958132045,4.0,3.5,267,364
Nashville,Restaurants,0.01871345029239766,4.0,4.0,267,604
Nashville,Restaurants,0.005171603196991067,4.0,4.0,75,2063
Nashville,Restaurants,0.00741839762611276,4.0,4.0,75,604
Nashville,Restaurants,0.007802340702210663,4.0,4.0,721,54
Nashville,Restaurants,0.010298661174047374,4.0,4.0,721,260
Nashville,Restaurants,0.0088339222614841,4.0,4.5,721,421
Nashville,Restaurants,0.014516798009124844,4.0,4.0,721,1725
Nashville,Restaurants,0.015711645101663587,4.0,3.5,721,378
Nashville,Restaurants,0.02035830618892508,4.0,3.5,721,532
Nashville,Restaurants,0.019444444444444445,4.0,4.0,721,1114
Nashville,Restaurants,0.012795275590551181,4.0,3.0,721,308
Nashville,Restaurants,0.009324009324009324,4.0,4.0,721,578
Nashville,Restaurants,0.007054673721340388,4.0,4.5,721,421
Nashville,Restaurants,0.005106382978723404,4.0,4.0,721,460
Nashville,Restaurants,0.017915904936014627,4.0,4.0,721,2063
Nashville,Restaurants,0.017793594306049824,4.0,4.0,721,423
Nashville,Restaurants,0.006928406466512702,4.0,3.5,721,151
Nashville,Restaurants,0.011148272017837236,4.0,3.5,721,186
Nashville,Restaurants,0.016898608349900597,4.0,4.0,721,302
Nashville,Restaurants,0.006493506493506494,4.0,3.5,721,364
Nashville,Restaurants,0.007551240560949299,4.0,3.5,721,213
Nashville,Restaurants,0.011450381679389313,4.0,4.0,721,604
Nashville,Restaurants,0.008027522935779817,4.0,3.5,721,158
Nashville,Restaurants,0.016181229773462782,4.0,4.0,54,260
Nashville,Restaurants,0.0117096018735363,4.0,3.5,54,378
Nashville,Restaurants,0.004299226139294927,4.0,4.0,54,1114
Nashville,Restaurants,0.016853932584269662,4.0,3.0,54,308
Nashville,Restaurants,0.015432098765432098,4.0,4.0,54,604
Nashville,Restaurants,0.012626262626262626,4.0,4.0,141,260
Nashville,Restaurants,0.009727626459143969,4.0,3.5,141,378
Nashville,Restaurants,0.01661631419939577,4.0,3.5,141,532
Nashville,Restaurants,0.008842443729903537,4.0,4.0,141,1114
Nashville,Restaurants,0.01583710407239819,4.0,3.0,141,308
Nashville,Restaurants,0.006852444038373686,4.0,4.0,141,2063
Nashville,Restaurants,0.020737327188940093,4.0,4.0,141,302
Nashville,Restaurants,0.017759562841530054,4.0,4.0,141,604
Nashville,Restaurants,0.017006802721088437,4.0,3.5,141,158
Nashville,Restaurants,0.022535211267605635,4.5,4.0,103,260
Nashville,Restaurants,0.011583011583011582,4.5,4.5,103,421
Nashville,Restaurants,0.0027427317608337905,4.5,4.0,103,1725
Nashville,Restaurants,0.007936507936507936,4.5,3.5,103,532
Nashville,Restaurants,0.022277227722772276,3.5,4.0,153,260
Nashville,Restaurants,0.015296367112810707,3.5,3.5,153,378
Nashville,Restaurants,0.00875796178343949,3.5,4.0,153,1114
Nashville,Restaurants,0.022172949002217297,3.5,3.0,153,308
Nashville,Restaurants,0.008787346221441126,3.5,4.5,153,421
Nashville,Restaurants,0.011872146118721462,3.5,4.0,153,2063
Nashville,Restaurants,0.018796992481203006,3.5,4.0,153,118
Nashville,Restaurants,0.024774774774774775,3.5,4.0,153,302
Nashville,Restaurants,0.009765625,3.5,3.5,153,364
Nashville,Restaurants,0.025745257452574527,3.5,4.0,153,604
Nashville,Restaurants,0.029801324503311258,3.5,3.5,153,158
Nashville,Restaurants,0.010385756676557863,4.0,4.5,260,421
Nashville,Restaurants,0.02572347266881029,4.0,3.5,260,378
Nashville,Restaurants,0.023255813953488372,4.0,3.5,260,532
Nashville,Restaurants,0.007331378299120235,4.0,4.0,260,1114
Nashville,Restaurants,0.02158273381294964,4.0,3.0,260,308
Nashville,Restaurants,0.014492753623188406,4.0,3.5,260,90
Nashville,Restaurants,0.008888888888888889,4.0,4.5,260,421
Nashville,Restaurants,0.008246527777777778,4.0,4.0,260,2063
Nashville,Restaurants,0.010355029585798817,4.0,4.0,260,423
Nashville,Restaurants,0.013636363636363636,4.0,3.5,260,186
Nashville,Restaurants,0.018115942028985508,4.0,4.0,260,302
Nashville,Restaurants,0.015021459227467811,4.0,3.5,260,213
Nashville,Restaurants,0.013623978201634877,4.0,3.5,260,112
Nashville,Restaurants,0.03597122302158273,4.0,4.0,260,604
Nashville,Restaurants,0.007511737089201878,4.5,4.0,421,1725
Nashville,Restaurants,0.01139240506329114,4.5,3.5,421,378
Nashville,Restaurants,0.01167728237791932,4.5,3.5,421,532
Nashville,Restaurants,0.013201320132013201,4.5,4.0,421,1114
Nashville,Restaurants,0.009695290858725761,4.5,3.0,421,308
Nashville,Restaurants,0.008072653884964682,4.5,4.0,421,578
Nashville,Restaurants,0.008383233532934131,4.5,4.5,421,421
Nashville,Restaurants,0.0074211502782931356,4.5,3.5,421,665
Nashville,Restaurants,0.006890960680989056,4.5,4.0,421,2063
Nashville,Restaurants,0.0059594755661501785,4.5,4.0,421,423
Nashville,Restaurants,0.012389380530973451,4.5,3.5,421,151
Nashville,Restaurants,0.008368200836820083,4.5,4.0,421,302
Nashville,Restaurants,0.013847675568743818,4.5,4.0,421,604
Nashville,Restaurants,0.008149568552253116,4.0,3.5,1725,378
Nashville,Restaurants,0.008489722966934763,4.0,3.5,1725,532
Nashville,Restaurants,0.010320284697508897,4.0,4.0,1725,1114
Nashville,Restaurants,0.011862917398945518,4.0,4.0,1725,578
Nashville,Restaurants,0.0033707865168539327,4.0,3.5,1725,61
Nashville,Restaurants,0.005623242736644799,4.0,4.5,1725,421
Nashville,Restaurants,0.009716941275876637,4.0,3.5,1725,665
Nashville,Restaurants,0.005059797608095676,4.0,4.0,1725,460
Nashville,Restaurants,0.018005912389142703,4.0,4.0,1725,2063
Nashville,Restaurants,0.009398496240601503,4.0,4.0,1725,423
Nashville,Restaurants,0.007518796992481203,4.0,3.5,1725,151
Nashville,Restaurants,0.003676470588235294,4.0,3.5,1725,186
Nashville,Restaurants,0.007956240676280457,4.0,4.0,1725,302
Nashville,Restaurants,0.003796095444685466,4.0,4.0,1725,126
Nashville,Restaurants,0.007232401157184185,4.0,3.5,1725,364
Nashville,Restaurants,0.0038997214484679664,4.0,4.5,1725,77
Nashville,Restaurants,0.002586652871184687,4.0,3.5,1725,213
Nashville,Restaurants,0.009098786828422877,4.0,4.0,1725,604
Nashville,Restaurants,0.010245901639344262,4.0,3.5,129,364
Nashville,Restaurants,0.020179372197309416,3.5,3.5,378,532
Nashville,Restaurants,0.018430034129692834,3.5,4.0,378,1114
Nashville,Restaurants,0.031578947368421054,3.5,3.0,378,308
Nashville,Restaurants,0.00631578947368421,3.5,4.0,378,578
Nashville,Restaurants,0.016203703703703703,3.5,3.5,378,61
Nashville,Restaurants,0.017834394904458598,3.5,4.5,378,421
Nashville,Restaurants,0.018711018711018712,3.5,4.0,378,112
Nashville,Restaurants,0.014546965918536992,3.5,4.0,378,2063
Nashville,Restaurants,0.011363636363636364,3.5,4.0,378,423
Nashville,Restaurants,0.01141552511415525,3.5,3.0,378,65
Nashville,Restaurants,0.011472275334608031,3.5,3.5,378,151
Nashville,Restaurants,0.018050541516245487,3.5,3.5,378,186
Nashville,Restaurants,0.019490254872563718,3.5,4.0,378,302
Nashville,Restaurants,0.01227830832196453,3.5,3.5,378,364
Nashville,Restaurants,0.012605042016806723,3.5,4.5,378,104
Nashville,Restaurants,0.01896551724137931,3.5,3.5,378,213
Nashville,Restaurants,0.010309278350515464,3.5,3.5,378,112
Nashville,Restaurants,0.022916666666666665,3.5,4.0,378,604
Nashville,Restaurants,0.01567398119122257,4.0,3.0,16,308
Nashville,Restaurants,0.0098159509202454,3.5,4.0,532,1114
Nashville,Restaurants,0.005434782608695652,3.5,4.0,532,578
Nashville,Restaurants,0.014909478168264111,3.5,4.5,532,421
Nashville,Restaurants,0.009404388714733543,3.5,4.0,532,112
Nashville,Restaurants,0.01090767432800935,3.5,4.0,532,2063
Nashville,Restaurants,0.012725344644750796,3.5,4.0,532,423
Nashville,Restaurants,0.008862629246676515,3.5,3.5,532,151
Nashville,Restaurants,0.0208078335373317,3.5,4.0,532,302
Nashville,Restaurants,0.012429378531073447,3.5,3.5,532,364
Nashville,Restaurants,0.010854816824966078,3.5,3.5,532,213
Nashville,Restaurants,0.00782472613458529,3.5,3.5,532,112
Nashville,Restaurants,0.014285714285714285,3.5,4.0,532,604
Nashville,Restaurants,0.010248901903367497,3.5,3.5,532,158
Nashville,Restaurants,0.01789549033643522,4.0,3.0,1114,308
Nashville,Restaurants,0.00425531914893617,4.0,4.0,1114,66
Nashville,Restaurants,0.011961722488038277,4.0,4.0,1114,578
Nashville,Restaurants,0.012532981530343008,4.0,4.5,1114,421
Nashville,Restaurants,0.004095004095004095,4.0,4.0,1114,112
Nashville,Restaurants,0.004105090311986864,4.0,4.5,1114,109
Nashville,Restaurants,0.0039503386004514675,4.0,3.5,1114,665
Nashville,Restaurants,0.005108556832694764,4.0,4.0,1114,460
Nashville,Restaurants,0.004212299915754001,4.0,3.5,1114,78
Nashville,Restaurants,0.019903691813804174,4.0,4.0,1114,2063
Nashville,Restaurants,0.01184990125082291,4.0,4.0,1114,423
Nashville,Restaurants,0.007692307692307693,4.0,3.0,1114,65
Nashville,Restaurants,0.007751937984496124,4.0,3.5,1114,186
Nashville,Restaurants,0.004374453193350831,4.0,3.0,1114,34
Nashville,Restaurants,0.021645021645021644,4.0,4.0,1114,302
Nashville,Restaurants,0.006811989100817439,4.0,3.5,1114,364
Nashville,Restaurants,0.0042158516020236085,4.0,4.5,1114,77
Nashville,Restaurants,0.006828528072837633,4.0,3.5,1114,213
Nashville,Restaurants,0.004918032786885246,4.0,3.5,1114,112
Nashville,Restaurants,0.023837902264600714,4.0,4.0,1114,604
Nashville,Restaurants,0.00792393026941363,4.0,3.5,1114,158
Nashville,Restaurants,0.01272264631043257,3.0,3.5,308,90
Nashville,Restaurants,0.0125,3.0,4.5,308,421
Nashville,Restaurants,0.012135922330097087,3.0,4.5,308,109
Nashville,Restaurants,0.012382578992314262,3.0,4.0,308,2063
Nashville,Restaurants,0.011876484560570071,3.0,4.0,308,118
Nashville,Restaurants,0.009668508287292817,3.0,4.0,308,423
Nashville,Restaurants,0.01358695652173913,3.0,3.0,308,65
Nashville,Restaurants,0.013289036544850499,3.0,4.0,308,302
Nashville,Restaurants,0.012048192771084338,3.0,3.5,308,364
Nashville,Restaurants,0.027613412228796843,3.0,3.5,308,213
Nashville,Restaurants,0.019417475728155338,3.0,3.5,308,112
Nashville,Restaurants,0.02702702702702703,3.0,4.0,308,604
Nashville,Restaurants,0.017467248908296942,3.0,3.5,308,158
Nashville,Restaurants,0.011764705882352941,3.0,3.5,109,665
Nashville,Restaurants,0.011160714285714286,4.0,4.0,151,302
Nashville,Restaurants,0.007886435331230283,4.0,3.5,578,61
Nashville,Restaurants,0.01890432098765432,4.0,4.0,578,2063
Nashville,Restaurants,0.006864988558352402,4.0,4.0,578,302
Nashville,Restaurants,0.004666355576294913,3.5,4.0,90,2063
Nashville,Restaurants,0.017595307917888565,3.5,4.0,90,604
Nashville,Restaurants,0.0028328611898017,3.5,4.0,61,2063
Nashville,Restaurants,0.010224948875255624,4.5,3.5,421,73
Nashville,Restaurants,0.006482982171799027,4.5,4.0,421,2063
Nashville,Restaurants,0.018094089264173704,4.5,4.0,421,423
Nashville,Restaurants,0.015050167224080268,4.5,3.5,421,186
Nashville,Restaurants,0.024079320113314446,4.5,4.0,421,302
Nashville,Restaurants,0.008997429305912597,4.5,3.5,421,364
Nashville,Restaurants,0.012845849802371542,4.5,4.0,421,604
Nashville,Restaurants,0.0032287822878228783,4.0,4.0,112,2063
Nashville,Restaurants,0.015625,4.0,3.5,112,213
Nashville,Restaurants,0.008450704225352112,4.0,4.0,112,604
Nashville,Restaurants,0.007062146892655367,4.5,4.0,109,604
Nashville,Restaurants,0.008968609865470852,3.5,4.0,665,460
Nashville,Restaurants,0.0070136581764488745,3.5,4.0,665,2063
Nashville,Restaurants,0.014102564102564103,3.5,4.0,665,126
Nashville,Restaurants,0.0019857029388403494,4.0,4.0,460,2063
Nashville,Restaurants,0.0037593984962406013,3.5,4.0,73,2063
Nashville,Restaurants,0.013513513513513514,3.5,4.0,73,302
Nashville,Restaurants,0.010447761194029851,3.5,4.0,73,604
Nashville,Restaurants,0.002810304449648712,3.5,4.0,78,2063
Nashville,Restaurants,0.002758620689655172,4.0,4.0,2063,118
Nashville,Restaurants,0.006477732793522267,4.0,4.0,2063,423
Nashville,Restaurants,0.004247286455875413,4.0,3.0,2063,65
Nashville,Restaurants,0.0028721876495931067,4.0,4.0,2063,32
Nashville,Restaurants,0.002717391304347826,4.0,3.5,2063,151
Nashville,Restaurants,0.0035698348951361,4.0,3.5,2063,186
Nashville,Restaurants,0.011548331907613344,4.0,4.0,2063,302
Nashville,Restaurants,0.004968944099378882,4.0,3.5,2063,364
Nashville,Restaurants,0.006634232640424591,4.0,3.5,2063,213
Nashville,Restaurants,0.006012950971322849,4.0,3.5,2063,112
Nashville,Restaurants,0.018327605956471937,4.0,4.0,2063,604
Nashville,Restaurants,0.010004547521600727,4.0,3.5,2063,158
Nashville,Restaurants,0.008787346221441126,4.0,3.5,423,151
Nashville,Restaurants,0.013311148086522463,4.0,3.5,423,186
Nashville,Restaurants,0.015406162464985995,4.0,4.0,423,302
Nashville,Restaurants,0.008974358974358974,4.0,3.5,423,364
Nashville,Restaurants,0.018849206349206348,4.0,4.0,423,604
Nashville,Restaurants,0.025830258302583026,3.0,3.5,65,213
Nashville,Restaurants,0.029069767441860465,3.0,3.5,65,112
Nashville,Restaurants,0.01569506726457399,3.5,4.0,151,302
Nashville,Restaurants,0.01752021563342318,3.5,4.0,151,604
Nashville,Restaurants,0.02092050209205021,3.5,4.0,186,302
Nashville,Restaurants,0.011029411764705883,3.5,3.5,186,364
Nashville,Restaurants,0.011523687580025609,3.5,4.0,186,604
Nashville,Restaurants,0.01524390243902439,4.0,3.5,302,364
Nashville,Restaurants,0.012468827930174564,4.0,4.5,302,104
Nashville,Restaurants,0.013368983957219251,4.0,4.5,302,77
Nashville,Restaurants,0.015779092702169626,4.0,3.5,302,213
Nashville,Restaurants,0.047398843930635835,4.0,4.0,302,604
Nashville,Restaurants,0.013215859030837005,4.0,3.5,302,158
Nashville,Restaurants,0.01079913606911447,3.5,4.5,364,104
Nashville,Restaurants,0.010438413361169102,3.5,4.0,364,604
Nashville,Restaurants,0.046242774566473986,4.5,4.5,104,77
Nashville,Restaurants,0.018808777429467086,3.5,3.5,213,112
Nashville,Restaurants,0.01616915422885572,3.5,4.0,213,604
Nashville,Restaurants,0.007032348804500703,3.5,4.0,112,604
Nashville,Restaurants,0.014647137150466045,4.0,3.5,604,158
Nashville,Food,0.006693440428380187,3.5,4.5,159,593
Nashville,Food,0.016666666666666666,3.5,4.5,159,390
Nashville,Food,0.02,3.5,4.5,159,249
Nashville,Food,0.011876484560570071,3.5,4.0,159,267
Nashville,Food,0.01576182136602452,3.5,4.5,159,421
Nashville,Food,0.012903225806451613,3.5,4.0,159,1725
Nashville,Food,0.005885015844273427,3.5,4.0,159,2063
Nashville,Food,0.023255813953488372,3.5,4.0,159,193
Nashville,Food,0.025210084033613446,3.5,5.0,159,85
Nashville,Food,0.01948051948051948,3.5,4.0,159,155
Nashville,Food,0.011786038077969175,4.5,3.0,593,1639
Nashville,Food,0.013301088270858524,4.5,3.5,593,245
Nashville,Food,0.013959390862944163,4.5,3.0,593,206
Nashville,Food,0.007142857142857143,4.5,4.0,593,112
Nashville,Food,0.01634877384196185,4.5,3.5,593,153
Nashville,Food,0.008274231678486997,4.5,4.0,593,260
Nashville,Food,0.0099601593625498,4.5,4.5,593,421
Nashville,Food,0.008264462809917356,4.5,4.0,593,1725
Nashville,Food,0.01122334455667789,4.5,3.0,593,308
Nashville,Food,0.022718521370812476,4.5,4.0,593,2063
Nashville,Food,0.007368421052631579,4.5,3.5,593,364
Nashville,Food,0.0042643923240938165,3.0,3.5,1639,245
Nashville,Food,0.00819672131147541,3.0,3.0,1639,206
Nashville,Food,0.004455445544554455,3.0,4.5,1639,390
Nashville,Food,0.0028636884306987398,3.0,4.0,1639,112
Nashville,Food,0.004484304932735426,3.0,3.5,1639,153
Nashville,Food,0.007427055702917772,3.0,4.0,1639,260
Nashville,Food,0.0034096444227959084,3.0,4.5,1639,421
Nashville,Food,0.003579952267303103,3.0,4.0,1639,1725
Nashville,Food,0.0036082474226804126,3.0,3.0,1639,308
Nashville,Food,0.012305168170631665,3.0,4.0,1639,2063
Nashville,Food,0.002736726874657909,3.0,4.0,1639,193
Nashville,Food,0.0025025025025025025,3.0,3.5,1639,364
Nashville,Food,0.032036613272311214,3.5,3.0,245,206
Nashville,Food,0.014204545454545454,3.5,4.0,245,112
Nashville,Food,0.023972602739726026,3.5,4.0,245,54
Nashville,Food,0.028423772609819122,3.5,3.5,245,153
Nashville,Food,0.022267206477732792,3.5,4.0,245,260
Nashville,Food,0.003054989816700611,3.5,4.0,245,1725
Nashville,Food,0.035580524344569285,3.5,3.0,245,308
Nashville,Food,0.010065645514223195,3.5,4.0,245,2063
Nashville,Food,0.018604651162790697,3.5,4.0,245,193
Nashville,Food,0.026200873362445413,3.0,3.0,29,206
Nashville,Food,0.03409090909090909,3.0,3.5,29,153
Nashville,Food,0.0023957834211787254,3.0,4.0,29,2063
Nashville,Food,0.0033003300330033004,3.0,4.0,65,2063
Nashville,Food,0.024896265560165973,3.0,4.0,206,41
Nashville,Food,0.032467532467532464,3.0,4.0,206,112
Nashville,Food,0.02766798418972332,3.0,4.0,206,54
Nashville,Food,0.0345821325648415,3.0,3.5,206,153
Nashville,Food,0.024175824175824177,3.0,4.0,206,260
Nashville,Food,0.008038585209003215,3.0,4.5,206,421
Nashville,Food,0.028,3.0,3.0,206,308
Nashville,Food,0.01566696508504924,3.0,4.0,206,2063
Nashville,Food,0.01567398119122257,3.0,4.0,206,118
Nashville,Food,0.012690355329949238,3.0,4.0,206,193
Nashville,Food,0.014234875444839857,3.0,3.5,206,364
Nashville,Food,0.007886435331230283,4.5,4.5,390,249
Nashville,Food,0.029780564263322883,4.5,4.0,390,267
Nashville,Food,0.016494845360824743,4.5,4.5,390,103
Nashville,Food,0.007751937984496124,4.5,4.0,390,260
Nashville,Food,0.011221945137157107,4.5,4.5,390,421
Nashville,Food,0.00954653937947494,4.5,4.0,390,1725
Nashville,Food,0.0045045045045045045,4.5,4.0,390,2063
Nashville,Food,0.01391304347826087,4.5,4.0,390,193
Nashville,Food,0.014957264957264958,4.5,5.0,390,85
Nashville,Food,0.03287671232876712,4.5,3.5,390,364
Nashville,Food,0.011131725417439703,4.5,4.0,390,155
Nashville,Food,0.011737089201877934,4.5,4.0,164,267
Nashville,Food,0.006393180607352157,4.5,4.0,164,1725
Nashville,Food,0.022727272727272728,4.5,3.5,164,61
Nashville,Food,0.0045105999097880016,4.5,4.0,164,2063
Nashville,Food,0.014204545454545454,4.5,4.0,164,193
Nashville,Food,0.013435700575815739,4.5,3.5,164,364
Nashville,Food,0.007518796992481203,4.5,4.5,249,421
Nashville,Food,0.008171603677221655,4.5,4.0,249,1725
Nashville,Food,0.006530256856769699,4.5,4.0,249,2063
Nashville,Food,0.018433179723502304,4.5,4.0,249,193
Nashville,Food,0.024539877300613498,4.5,5.0,249,85
Nashville,Food,0.012531328320802004,4.5,4.0,249,155
Nashville,Food,0.015189873417721518,3.5,4.0,134,267
Nashville,Food,0.002696871628910464,3.5,4.0,134,1725
Nashville,Food,0.0027384755819260614,3.5,4.0,134,2063
Nashville,Food,0.05555555555555555,4.0,4.0,41,54
Nashville,Food,0.030821917808219176,4.0,4.0,41,260
Nashville,Food,0.026470588235294117,4.0,3.0,41,308
Nashville,Food,0.002859866539561487,4.0,4.0,41,2063
Nashville,Food,0.019011406844106463,5.0,4.0,8,260
Nashville,Food,0.0023957834211787254,4.5,4.0,29,2063
Nashville,Food,0.0136986301369863,4.5,4.5,23,421
Nashville,Food,0.023166023166023165,4.0,3.5,112,153
Nashville,Food,0.013623978201634877,4.0,4.0,112,260
Nashville,Food,0.005473453749315818,4.0,4.0,112,1725
Nashville,Food,0.029411764705882353,4.0,3.0,112,308
Nashville,Food,0.007877664504170528,4.0,4.0,112,2063
Nashville,Food,0.010615711252653927,4.0,3.5,112,364
Nashville,Food,0.0228310502283105,4.0,3.5,112,112
Nashville,Food,0.016483516483516484,4.0,4.5,267,103
Nashville,Food,0.007320644216691069,4.0,4.5,267,421
Nashville,Food,0.00911854103343465,4.0,4.0,267,1725
Nashville,Food,0.003013344812742144,4.0,4.0,267,2063
Nashville,Food,0.01545253863134658,4.0,4.0,267,193
Nashville,Food,0.01610305958132045,4.0,3.5,267,364
Nashville,Food,0.016181229773462782,4.0,4.0,54,260
Nashville,Food,0.016853932584269662,4.0,3.0,54,308
Nashville,Food,0.022535211267605635,4.5,4.0,103,260
Nashville,Food,0.011583011583011582,4.5,4.5,103,421
Nashville,Food,0.0027427317608337905,4.5,4.0,103,1725
Nashville,Food,0.022277227722772276,3.5,4.0,153,260
Nashville,Food,0.022172949002217297,3.5,3.0,153,308
Nashville,Food,0.011872146118721462,3.5,4.0,153,2063
Nashville,Food,0.018796992481203006,3.5,4.0,153,118
Nashville,Food,0.009765625,3.5,3.5,153,364
Nashville,Food,0.010385756676557863,4.0,4.5,260,421
Nashville,Food,0.02158273381294964,4.0,3.0,260,308
Nashville,Food,0.008246527777777778,4.0,4.0,260,2063
Nashville,Food,0.011160714285714286,4.0,4.0,260,193
Nashville,Food,0.013623978201634877,4.0,3.5,260,112
Nashville,Food,0.007511737089201878,4.5,4.0,421,1725
Nashville,Food,0.009695290858725761,4.5,3.0,421,308
Nashville,Food,0.006890960680989056,4.5,4.0,421,2063
Nashville,Food,0.009868421052631578,4.5,4.0,421,193
Nashville,Food,0.008756567425569177,4.5,4.0,421,155
Nashville,Food,0.0033707865168539327,4.0,3.5,1725,61
Nashville,Food,0.018005912389142703,4.0,4.0,1725,2063
Nashville,Food,0.01053740779768177,4.0,4.0,1725,193
Nashville,Food,0.003882418191902385,4.0,5.0,1725,85
Nashville,Food,0.007232401157184185,4.0,3.5,1725,364
Nashville,Food,0.00966702470461869,4.0,4.0,1725,155
Nashville,Food,0.003972758229284903,4.0,4.5,1725,44
Nashville,Food,0.01567398119122257,4.0,3.0,16,308
Nashville,Food,0.012382578992314262,3.0,4.0,308,2063
Nashville,Food,0.011876484560570071,3.0,4.0,308,118
Nashville,Food,0.01358695652173913,3.0,3.0,308,65
Nashville,Food,0.012048192771084338,3.0,3.5,308,364
Nashville,Food,0.019417475728155338,3.0,3.5,308,112
Nashville,Food,0.0028328611898017,3.5,4.0,61,2063
Nashville,Food,0.0032287822878228783,4.0,4.0,112,2063
Nashville,Food,0.002758620689655172,4.0,4.0,2063,118
Nashville,Food,0.0057958091841284,4.0,4.0,2063,193
Nashville,Food,0.002385496183206107,4.0,2.0,2063,38
Nashville,Food,0.004247286455875413,4.0,3.0,2063,65
Nashville,Food,0.0023331777881474567,4.0,5.0,2063,85
Nashville,Food,0.004968944099378882,4.0,3.5,2063,364
Nashville,Food,0.004984141368373357,4.0,4.0,2063,155
Nashville,Food,0.006012950971322849,4.0,3.5,2063,112
Nashville,Food,0.025830258302583026,4.0,5.0,193,85
Nashville,Food,0.017543859649122806,4.0,4.0,193,155
Nashville,Food,0.029069767441860465,3.0,3.5,65,112
Nashville,Food,0.01079913606911447,3.5,4.5,364,104
Nashville,Burgers,0.0234192037470726,3.0,3.5,402,472
Nashville,Burgers,0.03754266211604096,3.0,3.0,402,206
Nashville,Burgers,0.00807899461400359,3.0,4.0,402,721
Nashville,Burgers,0.018276762402088774,3.0,3.5,402,378
Nashville,Burgers,0.02416918429003021,3.5,3.0,472,206
Nashville,Burgers,0.015319148936170212,3.5,4.0,472,721
Nashville,Burgers,0.036585365853658534,3.5,3.5,472,378
Nashville,Burgers,0.011131725417439703,3.5,3.5,472,73
Nashville,Burgers,0.010905125408942203,3.0,4.0,206,721
Nashville,Burgers,0.019197207678883072,3.0,3.5,206,378
Nashville,Burgers,0.015711645101663587,4.0,3.5,721,378
Nashville,Burgers,0.005106382978723404,4.0,4.0,721,460
Nashville,Japanese,0.04562043795620438,3.0,4.0,206,367
Nashville,Japanese,0.02422145328719723,3.0,3.5,206,90
Nashville,Japanese,0.01699029126213592,3.0,3.5,206,213
Nashville,Japanese,0.020089285714285716,4.0,3.5,367,90
Nashville,Japanese,0.011494252873563218,4.0,3.5,367,73
Nashville,Japanese,0.02654867256637168,4.0,3.5,367,213
Nashville,Seafood,0.011904761904761904,4.0,4.0,161,604
Nashville,Seafood,0.03582089552238806,3.0,4.0,206,141
Nashville,Seafood,0.026615969581749048,3.0,4.0,206,604
Nashville,Seafood,0.017759562841530054,4.0,4.0,141,604
Nashville,Coffee & Tea,0.006693440428380187,3.5,4.5,159,593
Nashville,Coffee & Tea,0.016666666666666666,3.5,4.5,159,390
Nashville,Coffee & Tea,0.02,3.5,4.5,159,249
Nashville,Coffee & Tea,0.012903225806451613,3.5,4.0,159,1725
Nashville,Coffee & Tea,0.025210084033613446,3.5,5.0,159,85
Nashville,Coffee & Tea,0.013301088270858524,4.5,3.5,593,245
Nashville,Coffee & Tea,0.008264462809917356,4.5,4.0,593,1725
Nashville,Coffee & Tea,0.007368421052631579,4.5,3.5,593,364
Nashville,Coffee & Tea,0.023972602739726026,3.5,4.0,245,54
Nashville,Coffee & Tea,0.003054989816700611,3.5,4.0,245,1725
Nashville,Coffee & Tea,0.007886435331230283,4.5,4.5,390,249
Nashville,Coffee & Tea,0.00954653937947494,4.5,4.0,390,1725
Nashville,Coffee & Tea,0.014957264957264958,4.5,5.0,390,85
Nashville,Coffee & Tea,0.03287671232876712,4.5,3.5,390,364
Nashville,Coffee & Tea,0.008171603677221655,4.5,4.0,249,1725
Nashville,Coffee & Tea,0.024539877300613498,4.5,5.0,249,85
Nashville,Coffee & Tea,0.0033707865168539327,4.0,3.5,1725,61
Nashville,Coffee & Tea,0.003882418191902385,4.0,5.0,1725,85
Nashville,Coffee & Tea,0.007232401157184185,4.0,3.5,1725,364
Nashville,Bars,0.011217948717948718,3.5,3.5,159,472
Nashville,Bars,0.016666666666666666,3.5,4.5,159,390
Nashville,Bars,0.011876484560570071,3.5,4.0,159,267
Nashville,Bars,0.010332950631458095,3.5,4.0,159,721
Nashville,Bars,0.01576182136602452,3.5,4.5,159,421
Nashville,Bars,0.015122873345935728,3.5,3.5,159,378
Nashville,Bars,0.007120253164556962,3.5,4.0,159,1114
Nashville,Bars,0.023255813953488372,3.5,4.0,159,193
Nashville,Bars,0.019736842105263157,3.5,3.5,159,151
Nashville,Bars,0.017699115044247787,3.5,3.5,159,186
Nashville,Bars,0.025210084033613446,3.5,5.0,159,85
Nashville,Bars,0.008333333333333333,4.0,3.5,182,665
Nashville,Bars,0.013888888888888888,3.0,3.0,402,36
Nashville,Bars,0.0234192037470726,3.0,3.5,402,472
Nashville,Bars,0.011737089201877934,3.0,3.0,402,29
Nashville,Bars,0.0063532401524777635,3.0,4.5,402,390
Nashville,Bars,0.01002004008016032,3.0,3.0,402,102
Nashville,Bars,0.01897810218978102,3.0,4.0,402,296
Nashville,Bars,0.018115942028985508,3.0,4.0,402,160
Nashville,Bars,0.01059322033898305,3.0,4.0,402,75
Nashville,Bars,0.00807899461400359,3.0,4.0,402,721
Nashville,Bars,0.013782542113323124,3.0,4.0,402,260
Nashville,Bars,0.006112469437652812,3.0,4.5,402,421
Nashville,Bars,0.018276762402088774,3.0,3.5,402,378
Nashville,Bars,0.01676727028839705,3.0,4.0,402,1114
Nashville,Bars,0.013605442176870748,3.0,4.0,402,194
Nashville,Bars,0.022271714922048998,3.0,4.0,402,57
Nashville,Bars,0.010309278350515464,3.0,3.5,402,186
Nashville,Bars,0.010554089709762533,3.0,3.5,402,364
Nashville,Bars,0.020689655172413793,3.0,4.0,36,260
Nashville,Bars,0.01411764705882353,3.5,4.5,472,390
Nashville,Bars,0.012345679012345678,3.5,3.0,472,102
Nashville,Bars,0.01020408163265306,3.5,4.0,472,23
Nashville,Bars,0.013192612137203167,3.5,4.0,472,296
Nashville,Bars,0.009562841530054645,3.5,4.0,472,267
Nashville,Bars,0.00922509225092251,3.5,4.0,472,75
Nashville,Bars,0.015319148936170212,3.5,4.0,472,721
Nashville,Bars,0.028089887640449437,3.5,4.0,472,260
Nashville,Bars,0.014772727272727272,3.5,4.5,472,421
Nashville,Bars,0.036585365853658534,3.5,3.5,472,378
Nashville,Bars,0.02256608639587363,3.5,4.0,472,1114
Nashville,Bars,0.011131725417439703,3.5,3.5,472,73
Nashville,Bars,0.009174311926605505,3.5,3.5,472,78
Nashville,Bars,0.015267175572519083,3.5,4.0,472,193
Nashville,Bars,0.009541984732824428,3.5,4.0,472,57
Nashville,Bars,0.009724473257698542,3.5,3.5,472,151
Nashville,Bars,0.009202453987730062,3.5,3.5,472,186
Nashville,Bars,0.0170316301703163,3.5,3.5,472,364
Nashville,Bars,0.01016260162601626,4.5,4.0,390,107
Nashville,Bars,0.029780564263322883,4.5,4.0,390,267
Nashville,Bars,0.005429864253393665,4.5,4.0,390,721
Nashville,Bars,0.016494845360824743,4.5,4.5,390,103
Nashville,Bars,0.007751937984496124,4.5,4.0,390,260
Nashville,Bars,0.011221945137157107,4.5,4.5,390,421
Nashville,Bars,0.011857707509881422,4.5,3.5,390,378
Nashville,Bars,0.010073875083948958,4.5,4.0,390,1114
Nashville,Bars,0.01391304347826087,4.5,4.0,390,193
Nashville,Bars,0.009328358208955223,4.5,3.5,390,151
Nashville,Bars,0.014957264957264958,4.5,5.0,390,85
Nashville,Bars,0.03287671232876712,4.5,3.5,390,364
Nashville,Bars,0.009652509652509652,3.0,4.5,102,421
Nashville,Bars,0.006622516556291391,3.0,4.0,102,1114
Nashville,Bars,0.012626262626262626,4.0,3.5,23,378
Nashville,Bars,0.005305039787798408,4.0,4.0,23,1114
Nashville,Bars,0.013333333333333334,4.0,4.0,296,160
Nashville,Bars,0.006930693069306931,4.0,4.0,296,721
Nashville,Bars,0.01090909090909091,4.0,4.0,296,260
Nashville,Bars,0.016591251885369532,4.0,3.5,296,378
Nashville,Bars,0.009305654974946313,4.0,4.0,296,1114
Nashville,Bars,0.003940110323089046,4.0,4.0,160,1114
Nashville,Bars,0.0072992700729927005,4.0,4.0,107,721
Nashville,Bars,0.00651890482398957,4.0,3.5,107,665
Nashville,Bars,0.01072961373390558,4.0,3.5,107,364
Nashville,Bars,0.0136986301369863,4.5,4.5,23,421
Nashville,Bars,0.007135575942915392,4.0,4.0,267,721
Nashville,Bars,0.016483516483516484,4.0,4.5,267,103
Nashville,Bars,0.007320644216691069,4.0,4.5,267,421
Nashville,Bars,0.005094614264919942,4.0,4.0,267,1114
Nashville,Bars,0.01545253863134658,4.0,4.0,267,193
Nashville,Bars,0.01610305958132045,4.0,3.5,267,364
Nashville,Bars,0.010298661174047374,4.0,4.0,721,260
Nashville,Bars,0.0088339222614841,4.0,4.5,721,421
Nashville,Bars,0.015711645101663587,4.0,3.5,721,378
Nashville,Bars,0.019444444444444445,4.0,4.0,721,1114
Nashville,Bars,0.007717750826901874,4.0,4.0,721,193
Nashville,Bars,0.006928406466512702,4.0,3.5,721,151
Nashville,Bars,0.011148272017837236,4.0,3.5,721,186
Nashville,Bars,0.006493506493506494,4.0,3.5,721,364
Nashville,Bars,0.022535211267605635,4.5,4.0,103,260
Nashville,Bars,0.011583011583011582,4.5,4.5,103,421
Nashville,Bars,0.010385756676557863,4.0,4.5,260,421
Nashville,Bars,0.02572347266881029,4.0,3.5,260,378
Nashville,Bars,0.007331378299120235,4.0,4.0,260,1114
Nashville,Bars,0.011160714285714286,4.0,4.0,260,193
Nashville,Bars,0.013636363636363636,4.0,3.5,260,186
Nashville,Bars,0.01139240506329114,4.5,3.5,421,378
Nashville,Bars,0.013201320132013201,4.5,4.0,421,1114
Nashville,Bars,0.0074211502782931356,4.5,3.5,421,665
Nashville,Bars,0.009868421052631578,4.5,4.0,421,193
Nashville,Bars,0.012389380530973451,4.5,3.5,421,151
Nashville,Bars,0.018430034129692834,3.5,4.0,378,1114
Nashville,Bars,0.014209591474245116,3.5,4.0,378,193
Nashville,Bars,0.011472275334608031,3.5,3.5,378,151
Nashville,Bars,0.018050541516245487,3.5,3.5,378,186
Nashville,Bars,0.01227830832196453,3.5,3.5,378,364
Nashville,Bars,0.0039503386004514675,4.0,3.5,1114,665
Nashville,Bars,0.004212299915754001,4.0,3.5,1114,78
Nashville,Bars,0.004608294930875576,4.0,4.0,1114,194
Nashville,Bars,0.008487654320987654,4.0,4.0,1114,193
Nashville,Bars,0.007751937984496124,4.0,3.5,1114,186
Nashville,Bars,0.0041876046901172526,4.0,5.0,1114,85
Nashville,Bars,0.006811989100817439,4.0,3.5,1114,364
Nashville,Bars,0.011764705882352941,3.0,3.5,109,665
Nashville,Bars,0.00585480093676815,3.5,4.0,665,194
Nashville,Bars,0.007042253521126761,3.5,4.0,665,193
Nashville,Bars,0.014102564102564103,3.5,4.0,665,126
Nashville,Bars,0.029940119760479042,4.0,3.5,193,151
Nashville,Bars,0.025830258302583026,4.0,5.0,193,85
Nashville,Bars,0.011029411764705883,3.5,3.5,186,364
Nashville,American (Traditional),0.011217948717948718,3.5,3.5,159,472
Nashville,American (Traditional),0.010332950631458095,3.5,4.0,159,721
Nashville,American (Traditional),0.01576182136602452,3.5,4.5,159,421
Nashville,American (Traditional),0.012903225806451613,3.5,4.0,159,1725
Nashville,American (Traditional),0.01991465149359886,3.5,3.5,245,472
Nashville,American (Traditional),0.009328358208955223,3.5,4.0,245,296
Nashville,American (Traditional),0.0072992700729927005,3.5,4.0,245,721
Nashville,American (Traditional),0.022267206477732792,3.5,4.0,245,260
Nashville,American (Traditional),0.003054989816700611,3.5,4.0,245,1725
Nashville,American (Traditional),0.012345679012345678,3.5,3.0,472,102
Nashville,American (Traditional),0.013192612137203167,3.5,4.0,472,296
Nashville,American (Traditional),0.00922509225092251,3.5,4.0,472,75
Nashville,American (Traditional),0.015319148936170212,3.5,4.0,472,721
Nashville,American (Traditional),0.028089887640449437,3.5,4.0,472,260
Nashville,American (Traditional),0.014772727272727272,3.5,4.5,472,421
Nashville,American (Traditional),0.007336084364970197,3.5,4.0,472,1725
Nashville,American (Traditional),0.011131725417439703,3.5,3.5,472,73
Nashville,American (Traditional),0.009652509652509652,3.0,4.5,102,421
Nashville,American (Traditional),0.0027442371020856204,3.0,4.0,102,1725
Nashville,American (Traditional),0.006930693069306931,4.0,4.0,296,721
Nashville,American (Traditional),0.01090909090909091,4.0,4.0,296,260
Nashville,American (Traditional),0.0072992700729927005,4.0,4.0,107,721
Nashville,American (Traditional),0.005488474204171241,4.0,4.0,107,1725
Nashville,American (Traditional),0.00651890482398957,4.0,3.5,107,665
Nashville,American (Traditional),0.010298661174047374,4.0,4.0,721,260
Nashville,American (Traditional),0.0088339222614841,4.0,4.5,721,421
Nashville,American (Traditional),0.014516798009124844,4.0,4.0,721,1725
Nashville,American (Traditional),0.010385756676557863,4.0,4.5,260,421
Nashville,American (Traditional),0.007511737089201878,4.5,4.0,421,1725
Nashville,American (Traditional),0.0074211502782931356,4.5,3.5,421,665
Nashville,American (Traditional),0.009716941275876637,4.0,3.5,1725,665
Nashville,Nightlife,0.011217948717948718,3.5,3.5,159,472
Nashville,Nightlife,0.016666666666666666,3.5,4.5,159,390
Nashville,Nightlife,0.011876484560570071,3.5,4.0,159,267
Nashville,Nightlife,0.010332950631458095,3.5,4.0,159,721
Nashville,Nightlife,0.01576182136602452,3.5,4.5,159,421
Nashville,Nightlife,0.015122873345935728,3.5,3.5,159,378
Nashville,Nightlife,0.007120253164556962,3.5,4.0,159,1114
Nashville,Nightlife,0.018229166666666668,3.5,4.0,159,232
Nashville,Nightlife,0.023255813953488372,3.5,4.0,159,193
Nashville,Nightlife,0.019736842105263157,3.5,3.5,159,151
Nashville,Nightlife,0.017699115044247787,3.5,3.5,159,186
Nashville,Nightlife,0.025210084033613446,3.5,5.0,159,85
Nashville,Nightlife,0.008333333333333333,4.0,3.5,182,665
Nashville,Nightlife,0.013888888888888888,3.0,3.0,402,36
Nashville,Nightlife,0.0234192037470726,3.0,3.5,402,472
Nashville,Nightlife,0.011737089201877934,3.0,3.0,402,29
Nashville,Nightlife,0.0063532401524777635,3.0,4.5,402,390
Nashville,Nightlife,0.018255578093306288,3.0,3.5,402,100
Nashville,Nightlife,0.01002004008016032,3.0,3.0,402,102
Nashville,Nightlife,0.01897810218978102,3.0,4.0,402,296
Nashville,Nightlife,0.018115942028985508,3.0,4.0,402,160
Nashville,Nightlife,0.0408997955010225,3.0,4.5,402,107
Nashville,Nightlife,0.01059322033898305,3.0,4.0,402,75
Nashville,Nightlife,0.00807899461400359,3.0,4.0,402,721
Nashville,Nightlife,0.013782542113323124,3.0,4.0,402,260
Nashville,Nightlife,0.006112469437652812,3.0,4.5,402,421
Nashville,Nightlife,0.018276762402088774,3.0,3.5,402,378
Nashville,Nightlife,0.01676727028839705,3.0,4.0,402,1114
Nashville,Nightlife,0.024232633279483037,3.0,4.0,402,232
Nashville,Nightlife,0.013605442176870748,3.0,4.0,402,194
Nashville,Nightlife,0.022271714922048998,3.0,4.0,402,57
Nashville,Nightlife,0.010309278350515464,3.0,3.5,402,186
Nashville,Nightlife,0.010554089709762533,3.0,3.5,402,364
Nashville,Nightlife,0.020689655172413793,3.0,4.0,36,260
Nashville,Nightlife,0.01411764705882353,3.5,4.5,472,390
Nashville,Nightlife,0.0196078431372549,3.5,3.5,472,100
Nashville,Nightlife,0.012345679012345678,3.5,3.0,472,102
Nashville,Nightlife,0.01020408163265306,3.5,4.0,472,23
Nashville,Nightlife,0.013192612137203167,3.5,4.0,472,296
Nashville,Nightlife,0.022968197879858657,3.5,4.5,472,107
Nashville,Nightlife,0.009562841530054645,3.5,4.0,472,267
Nashville,Nightlife,0.00922509225092251,3.5,4.0,472,75
Nashville,Nightlife,0.015319148936170212,3.5,4.0,472,721
Nashville,Nightlife,0.028089887640449437,3.5,4.0,472,260
Nashville,Nightlife,0.014772727272727272,3.5,4.5,472,421
Nashville,Nightlife,0.036585365853658534,3.5,3.5,472,378
Nashville,Nightlife,0.02256608639587363,3.5,4.0,472,1114
Nashville,Nightlife,0.024745269286754003,3.5,4.0,472,232
Nashville,Nightlife,0.011131725417439703,3.5,3.5,472,73
Nashville,Nightlife,0.009174311926605505,3.5,3.5,472,78
Nashville,Nightlife,0.015267175572519083,3.5,4.0,472,193
Nashville,Nightlife,0.009541984732824428,3.5,4.0,472,57
Nashville,Nightlife,0.009724473257698542,3.5,3.5,472,151
Nashville,Nightlife,0.009202453987730062,3.5,3.5,472,186
Nashville,Nightlife,0.0170316301703163,3.5,3.5,472,364
Nashville,Nightlife,0.01016260162601626,4.5,4.0,390,107
Nashville,Nightlife,0.012219959266802444,4.5,4.5,390,107
Nashville,Nightlife,0.029780564263322883,4.5,4.0,390,267
Nashville,Nightlife,0.005429864253393665,4.5,4.0,390,721
Nashville,Nightlife,0.016494845360824743,4.5,4.5,390,103
Nashville,Nightlife,0.007751937984496124,4.5,4.0,390,260
Nashville,Nightlife,0.011221945137157107,4.5,4.5,390,421
Nashville,Nightlife,0.011857707509881422,4.5,3.5,390,378
Nashville,Nightlife,0.010073875083948958,4.5,4.0,390,1114
Nashville,Nightlife,0.00974025974025974,4.5,4.0,390,232
Nashville,Nightlife,0.01391304347826087,4.5,4.0,390,193
Nashville,Nightlife,0.009328358208955223,4.5,3.5,390,151
Nashville,Nightlife,0.014957264957264958,4.5,5.0,390,85
Nashville,Nightlife,0.03287671232876712,4.5,3.5,390,364
Nashville,Nightlife,0.025380710659898477,3.5,3.0,100,102
Nashville,Nightlife,0.0423728813559322,3.5,4.0,100,23
Nashville,Nightlife,0.045454545454545456,3.5,4.5,100,107
Nashville,Nightlife,0.006127450980392157,3.5,4.0,100,721
Nashville,Nightlife,0.02857142857142857,3.5,4.0,100,260
Nashville,Nightlife,0.019189765458422176,3.5,3.5,100,378
Nashville,Nightlife,0.00579950289975145,3.5,4.0,100,1114
Nashville,Nightlife,0.0375,3.5,4.0,100,232
Nashville,Nightlife,0.024509803921568627,3.0,4.5,102,107
Nashville,Nightlife,0.009652509652509652,3.0,4.5,102,421
Nashville,Nightlife,0.006622516556291391,3.0,4.0,102,1114
Nashville,Nightlife,0.021406727828746176,3.0,4.0,102,232
Nashville,Nightlife,0.012626262626262626,4.0,3.5,23,378
Nashville,Nightlife,0.005305039787798408,4.0,4.0,23,1114
Nashville,Nightlife,0.028225806451612902,4.0,4.0,23,232
Nashville,Nightlife,0.013333333333333334,4.0,4.0,296,160
Nashville,Nightlife,0.015113350125944584,4.0,4.5,296,107
Nashville,Nightlife,0.006930693069306931,4.0,4.0,296,721
Nashville,Nightlife,0.01090909090909091,4.0,4.0,296,260
Nashville,Nightlife,0.016591251885369532,4.0,3.5,296,378
Nashville,Nightlife,0.009305654974946313,4.0,4.0,296,1114
Nashville,Nightlife,0.015384615384615385,4.0,4.0,296,232
Nashville,Nightlife,0.003940110323089046,4.0,4.0,160,1114
Nashville,Nightlife,0.0072992700729927005,4.0,4.0,107,721
Nashville,Nightlife,0.02108433734939759,4.0,4.0,107,232
Nashville,Nightlife,0.00651890482398957,4.0,3.5,107,665
Nashville,Nightlife,0.01072961373390558,4.0,3.5,107,364
Nashville,Nightlife,0.02252252252252252,2.0,4.5,120,107
Nashville,Nightlife,0.0136986301369863,4.5,4.5,23,421
Nashville,Nightlife,0.00975609756097561,4.5,4.0,107,721
Nashville,Nightlife,0.01662049861495845,4.5,4.0,107,260
Nashville,Nightlife,0.009560229445506692,4.5,4.5,107,421
Nashville,Nightlife,0.023206751054852322,4.5,3.5,107,378
Nashville,Nightlife,0.006595218466611707,4.5,4.0,107,1114
Nashville,Nightlife,0.043076923076923075,4.5,4.0,107,232
Nashville,Nightlife,0.01072961373390558,4.5,3.5,107,364
Nashville,Nightlife,0.007135575942915392,4.0,4.0,267,721
Nashville,Nightlife,0.016483516483516484,4.0,4.5,267,103
Nashville,Nightlife,0.007320644216691069,4.0,4.5,267,421
Nashville,Nightlife,0.005094614264919942,4.0,4.0,267,1114
Nashville,Nightlife,0.01545253863134658,4.0,4.0,267,193
Nashville,Nightlife,0.01610305958132045,4.0,3.5,267,364
Nashville,Nightlife,0.010298661174047374,4.0,4.0,721,260
Nashville,Nightlife,0.0088339222614841,4.0,4.5,721,421
Nashville,Nightlife,0.015711645101663587,4.0,3.5,721,378
Nashville,Nightlife,0.019444444444444445,4.0,4.0,721,1114
Nashville,Nightlife,0.01167728237791932,4.0,4.0,721,232
Nashville,Nightlife,0.007717750826901874,4.0,4.0,721,193
Nashville,Nightlife,0.006928406466512702,4.0,3.5,721,151
Nashville,Nightlife,0.011148272017837236,4.0,3.5,721,186
Nashville,Nightlife,0.006493506493506494,4.0,3.5,721,364
Nashville,Nightlife,0.022535211267605635,4.5,4.0,103,260
Nashville,Nightlife,0.011583011583011582,4.5,4.5,103,421
Nashville,Nightlife,0.010385756676557863,4.0,4.5,260,421
Nashville,Nightlife,0.02572347266881029,4.0,3.5,260,378
Nashville,Nightlife,0.007331378299120235,4.0,4.0,260,1114
Nashville,Nightlife,0.01652892561983471,4.0,4.0,260,232
Nashville,Nightlife,0.011160714285714286,4.0,4.0,260,193
Nashville,Nightlife,0.013636363636363636,4.0,3.5,260,186
Nashville,Nightlife,0.01139240506329114,4.5,3.5,421,378
Nashville,Nightlife,0.013201320132013201,4.5,4.0,421,1114
Nashville,Nightlife,0.017133956386292833,4.5,4.0,421,232
Nashville,Nightlife,0.0074211502782931356,4.5,3.5,421,665
Nashville,Nightlife,0.009868421052631578,4.5,4.0,421,193
Nashville,Nightlife,0.012389380530973451,4.5,3.5,421,151
Nashville,Nightlife,0.018430034129692834,3.5,4.0,378,1114
Nashville,Nightlife,0.021775544388609715,3.5,4.0,378,232
Nashville,Nightlife,0.016203703703703703,3.5,3.5,378,61
Nashville,Nightlife,0.014209591474245116,3.5,4.0,378,193
Nashville,Nightlife,0.011472275334608031,3.5,3.5,378,151
Nashville,Nightlife,0.018050541516245487,3.5,3.5,378,186
Nashville,Nightlife,0.01227830832196453,3.5,3.5,378,364
Nashville,Nightlife,0.008995502248875561,4.0,4.0,1114,232
Nashville,Nightlife,0.0039503386004514675,4.0,3.5,1114,665
Nashville,Nightlife,0.004212299915754001,4.0,3.5,1114,78
Nashville,Nightlife,0.004608294930875576,4.0,4.0,1114,194
Nashville,Nightlife,0.008487654320987654,4.0,4.0,1114,193
Nashville,Nightlife,0.007751937984496124,4.0,3.5,1114,186
Nashville,Nightlife,0.0041876046901172526,4.0,5.0,1114,85
Nashville,Nightlife,0.006811989100817439,4.0,3.5,1114,364
Nashville,Nightlife,0.011764705882352941,3.0,3.5,109,665
Nashville,Nightlife,0.010135135135135136,4.0,3.5,232,665
Nashville,Nightlife,0.014285714285714285,4.0,4.0,232,194
Nashville,Nightlife,0.014319809069212411,4.0,4.0,232,193
Nashville,Nightlife,0.017605633802816902,4.0,4.0,232,57
Nashville,Nightlife,0.012106537530266344,4.0,3.5,232,186
Nashville,Nightlife,0.010169491525423728,4.0,3.5,232,364
Nashville,Nightlife,0.00585480093676815,3.5,4.0,665,194
Nashville,Nightlife,0.007042253521126761,3.5,4.0,665,193
Nashville,Nightlife,0.014102564102564103,3.5,4.0,665,126
Nashville,Nightlife,0.029940119760479042,4.0,3.5,193,151
Nashville,Nightlife,0.025830258302583026,4.0,5.0,193,85
Nashville,Nightlife,0.011029411764705883,3.5,3.5,186,364
Nashville,Breakfast & Brunch,0.011217948717948718,3.5,3.5,159,472
Nashville,Breakfast & Brunch,0.012903225806451613,3.5,4.0,159,1725
Nashville,Breakfast & Brunch,0.015122873345935728,3.5,3.5,159,378
Nashville,Breakfast & Brunch,0.013755158184319119,3.5,4.0,159,578
Nashville,Breakfast & Brunch,0.012216404886561954,3.5,4.5,159,421
Nashville,Breakfast & Brunch,0.005885015844273427,3.5,4.0,159,2063
Nashville,Breakfast & Brunch,0.017699115044247787,3.5,3.5,159,186
Nashville,Breakfast & Brunch,0.0352,3.0,3.5,402,245
Nashville,Breakfast & Brunch,0.0234192037470726,3.0,3.5,402,472
Nashville,Breakfast & Brunch,0.0037753657385559227,3.0,4.0,402,1725
Nashville,Breakfast & Brunch,0.018276762402088774,3.0,3.5,402,378
Nashville,Breakfast & Brunch,0.033478893740902474,3.0,3.0,402,308
Nashville,Breakfast & Brunch,0.006160164271047228,3.0,4.0,402,578
Nashville,Breakfast & Brunch,0.012300123001230012,3.0,4.5,402,421
Nashville,Breakfast & Brunch,0.026228143213988343,3.0,4.0,402,2063
Nashville,Breakfast & Brunch,0.010309278350515464,3.0,3.5,402,186
Nashville,Breakfast & Brunch,0.010554089709762533,3.0,3.5,402,364
Nashville,Breakfast & Brunch,0.01991465149359886,3.5,3.5,245,472
Nashville,Breakfast & Brunch,0.003054989816700611,3.5,4.0,245,1725
Nashville,Breakfast & Brunch,0.019639934533551555,3.5,3.5,245,378
Nashville,Breakfast & Brunch,0.035580524344569285,3.5,3.0,245,308
Nashville,Breakfast & Brunch,0.006112469437652812,3.5,4.0,245,578
Nashville,Breakfast & Brunch,0.007564296520423601,3.5,4.5,245,421
Nashville,Breakfast & Brunch,0.010065645514223195,3.5,4.0,245,2063
Nashville,Breakfast & Brunch,0.007336084364970197,3.5,4.0,472,1725
Nashville,Breakfast & Brunch,0.036585365853658534,3.5,3.5,472,378
Nashville,Breakfast & Brunch,0.035856573705179286,3.5,3.0,472,308
Nashville,Breakfast & Brunch,0.011560693641618497,3.5,4.0,472,578
Nashville,Breakfast & Brunch,0.017084282460136675,3.5,4.5,472,421
Nashville,Breakfast & Brunch,0.013189448441247002,3.5,4.0,472,2063
Nashville,Breakfast & Brunch,0.009202453987730062,3.5,3.5,472,186
Nashville,Breakfast & Brunch,0.0170316301703163,3.5,3.5,472,364
Nashville,Breakfast & Brunch,0.006393180607352157,4.5,4.0,164,1725
Nashville,Breakfast & Brunch,0.022641509433962263,4.5,3.5,164,378
Nashville,Breakfast & Brunch,0.008152173913043478,4.5,4.0,164,578
Nashville,Breakfast & Brunch,0.0045105999097880016,4.5,4.0,164,2063
Nashville,Breakfast & Brunch,0.013435700575815739,4.5,3.5,164,364
Nashville,Breakfast & Brunch,0.002696871628910464,3.5,4.0,134,1725
Nashville,Breakfast & Brunch,0.0027384755819260614,3.5,4.0,134,2063
Nashville,Breakfast & Brunch,0.008149568552253116,4.0,3.5,1725,378
Nashville,Breakfast & Brunch,0.011862917398945518,4.0,4.0,1725,578
Nashville,Breakfast & Brunch,0.005623242736644799,4.0,4.5,1725,421
Nashville,Breakfast & Brunch,0.005059797608095676,4.0,4.0,1725,460
Nashville,Breakfast & Brunch,0.018005912389142703,4.0,4.0,1725,2063
Nashville,Breakfast & Brunch,0.003676470588235294,4.0,3.5,1725,186
Nashville,Breakfast & Brunch,0.007232401157184185,4.0,3.5,1725,364
Nashville,Breakfast & Brunch,0.031578947368421054,3.5,3.0,378,308
Nashville,Breakfast & Brunch,0.00631578947368421,3.5,4.0,378,578
Nashville,Breakfast & Brunch,0.017834394904458598,3.5,4.5,378,421
Nashville,Breakfast & Brunch,0.014546965918536992,3.5,4.0,378,2063
Nashville,Breakfast & Brunch,0.018050541516245487,3.5,3.5,378,186
Nashville,Breakfast & Brunch,0.01227830832196453,3.5,3.5,378,364
Nashville,Breakfast & Brunch,0.0125,3.0,4.5,308,421
Nashville,Breakfast & Brunch,0.012382578992314262,3.0,4.0,308,2063
Nashville,Breakfast & Brunch,0.012048192771084338,3.0,3.5,308,364
Nashville,Breakfast & Brunch,0.01890432098765432,4.0,4.0,578,2063
Nashville,Breakfast & Brunch,0.006482982171799027,4.5,4.0,421,2063
Nashville,Breakfast & Brunch,0.015050167224080268,4.5,3.5,421,186
Nashville,Breakfast & Brunch,0.008997429305912597,4.5,3.5,421,364
Nashville,Breakfast & Brunch,0.0019857029388403494,4.0,4.0,460,2063
Nashville,Breakfast & Brunch,0.0035698348951361,4.0,3.5,2063,186
Nashville,Breakfast & Brunch,0.004968944099378882,4.0,3.5,2063,364
Nashville,Breakfast & Brunch,0.011029411764705883,3.5,3.5,186,364
Nashville,Cafes,0.02,3.5,4.5,159,249
Nashville,Wine Bars,0.011876484560570071,3.5,4.0,159,267
Nashville,Event Planning & Services,0.011876484560570071,3.5,4.0,159,267
Nashville,Event Planning & Services,0.01576182136602452,3.5,4.5,159,421
Nashville,Event Planning & Services,0.007288629737609329,3.5,3.5,159,532
Nashville,Event Planning & Services,0.025210084033613446,3.5,5.0,159,85
Nashville,Event Planning & Services,0.0028835063437139563,3.0,3.5,1639,100
Nashville,Event Planning & Services,0.0046923879040667365,3.0,3.0,1639,288
Nashville,Event Planning & Services,0.004602991944764097,3.0,4.5,1639,107
Nashville,Event Planning & Services,0.004484304932735426,3.0,3.5,1639,153
Nashville,Event Planning & Services,0.0034096444227959084,3.0,4.5,1639,421
Nashville,Event Planning & Services,0.009060022650056626,3.0,2.0,1639,143
Nashville,Event Planning & Services,0.0029779630732578916,3.0,3.0,1639,45
Nashville,Event Planning & Services,0.045454545454545456,3.5,4.5,100,107
Nashville,Event Planning & Services,0.024154589371980676,3.5,3.5,100,112
Nashville,Event Planning & Services,0.009852216748768473,3.0,3.5,288,532
Nashville,Event Planning & Services,0.012658227848101266,3.0,3.5,288,112
Nashville,Event Planning & Services,0.0196078431372549,4.5,3.5,107,153
Nashville,Event Planning & Services,0.009560229445506692,4.5,4.5,107,421
Nashville,Event Planning & Services,0.009478672985781991,4.5,3.5,107,532
Nashville,Event Planning & Services,0.007320644216691069,4.0,4.5,267,421
Nashville,Event Planning & Services,0.017834394904458598,4.0,3.5,267,532
Nashville,Event Planning & Services,0.01167728237791932,4.5,3.5,421,532
Nashville,Event Planning & Services,0.00782472613458529,3.5,3.5,532,112
Nashville,Caterers,0.011876484560570071,3.5,4.0,159,267
Nashville,Caterers,0.007288629737609329,3.5,3.5,159,532
Nashville,Caterers,0.009852216748768473,3.0,3.5,288,532
Nashville,Caterers,0.012658227848101266,3.0,3.5,288,112
Nashville,Caterers,0.017834394904458598,4.0,3.5,267,532
Nashville,Caterers,0.00782472613458529,3.5,3.5,532,112
Nashville,Shopping,0.014326647564469915,3.5,4.5,105,249
Nashville,Shopping,0.012531328320802004,4.5,4.0,249,155
Nashville,Sandwiches,0.013301088270858524,4.5,3.5,593,245
Nashville,Sandwiches,0.006616257088846881,4.5,3.5,593,472
Nashville,Sandwiches,0.006261180679785331,4.5,3.5,593,532
Nashville,Sandwiches,0.022718521370812476,4.5,4.0,593,2063
Nashville,Sandwiches,0.01991465149359886,3.5,3.5,245,472
Nashville,Sandwiches,0.023972602739726026,3.5,4.0,245,54
Nashville,Sandwiches,0.007782101167315175,3.5,3.5,245,532
Nashville,Sandwiches,0.010065645514223195,3.5,4.0,245,2063
Nashville,Sandwiches,0.015492957746478873,3.5,4.5,472,249
Nashville,Sandwiches,0.00984251968503937,3.5,4.0,472,41
Nashville,Sandwiches,0.00922509225092251,3.5,4.0,472,75
Nashville,Sandwiches,0.018255578093306288,3.5,3.5,472,532
Nashville,Sandwiches,0.013189448441247002,3.5,4.0,472,2063
Nashville,Sandwiches,0.008695652173913044,4.5,3.5,164,532
Nashville,Sandwiches,0.0045105999097880016,4.5,4.0,164,2063
Nashville,Sandwiches,0.011658031088082901,4.5,3.5,249,532
Nashville,Sandwiches,0.006530256856769699,4.5,4.0,249,2063
Nashville,Sandwiches,0.0027384755819260614,3.5,4.0,134,2063
Nashville,Sandwiches,0.05555555555555555,4.0,4.0,41,54
Nashville,Sandwiches,0.002859866539561487,4.0,4.0,41,2063
Nashville,Sandwiches,0.005171603196991067,4.0,4.0,75,2063
Nashville,Sandwiches,0.01090767432800935,3.5,4.0,532,2063
Nashville,Sandwiches,0.004247286455875413,4.0,3.0,2063,65
Nashville,Mexican,0.017948717948717947,3.0,3.0,89,308
Nashville,Mexican,0.012135922330097087,3.0,4.5,308,109
Nashville,Mexican,0.017467248908296942,3.0,3.5,308,158
Nashville,Hotels & Travel,0.0034096444227959084,3.0,4.5,1639,421
Nashville,Hotels & Travel,0.009060022650056626,3.0,2.0,1639,143
Nashville,Hotels & Travel,0.0029779630732578916,3.0,3.0,1639,45
Nashville,Arts & Entertainment,0.0028835063437139563,3.0,3.5,1639,100
Nashville,Arts & Entertainment,0.004602991944764097,3.0,4.5,1639,107
Nashville,Arts & Entertainment,0.0034096444227959084,3.0,4.5,1639,421
Nashville,Arts & Entertainment,0.011351351351351352,3.0,4.0,1639,232
Nashville,Arts & Entertainment,0.004934210526315789,3.0,4.0,1639,194
Nashville,Arts & Entertainment,0.025380710659898477,3.5,3.0,100,102
Nashville,Arts & Entertainment,0.0423728813559322,3.5,4.0,100,23
Nashville,Arts & Entertainment,0.045454545454545456,3.5,4.5,100,107
Nashville,Arts & Entertainment,0.0375,3.5,4.0,100,232
Nashville,Arts & Entertainment,0.024509803921568627,3.0,4.5,102,107
Nashville,Arts & Entertainment,0.009652509652509652,3.0,4.5,102,421
Nashville,Arts & Entertainment,0.021406727828746176,3.0,4.0,102,232
Nashville,Arts & Entertainment,0.028225806451612902,4.0,4.0,23,232
Nashville,Arts & Entertainment,0.02108433734939759,4.0,4.0,107,232
Nashville,Arts & Entertainment,0.009560229445506692,4.5,4.5,107,421
Nashville,Arts & Entertainment,0.043076923076923075,4.5,4.0,107,232
Nashville,Arts & Entertainment,0.046296296296296294,4.5,3.0,107,6
Nashville,Arts & Entertainment,0.017133956386292833,4.5,4.0,421,232
Nashville,Arts & Entertainment,0.02145922746781116,4.0,3.0,232,6
Nashville,Arts & Entertainment,0.014285714285714285,4.0,4.0,232,194
Nashville,Performing Arts,0.004602991944764097,3.0,4.5,1639,107
Nashville,Hotels,0.009060022650056626,3.0,2.0,1639,143
Nashville,Hotels,0.0029779630732578916,3.0,3.0,1639,45
Nashville,American (New),0.006906758756783424,3.0,3.0,1639,402
Nashville,American (New),0.007427055702917772,3.0,4.0,1639,260
Nashville,American (New),0.0034096444227959084,3.0,4.5,1639,421
Nashville,American (New),0.003579952267303103,3.0,4.0,1639,1725
Nashville,American (New),0.011737089201877934,3.0,3.0,402,29
Nashville,American (New),0.01839080459770115,3.0,4.0,402,41
Nashville,American (New),0.01897810218978102,3.0,4.0,402,296
Nashville,American (New),0.013782542113323124,3.0,4.0,402,260
Nashville,American (New),0.006112469437652812,3.0,4.5,402,421
Nashville,American (New),0.0037753657385559227,3.0,4.0,402,1725
Nashville,American (New),0.012300123001230012,3.0,4.5,402,421
Nashville,American (New),0.010822510822510822,3.0,3.0,402,65
Nashville,American (New),0.030821917808219176,4.0,4.0,41,260
Nashville,American (New),0.01090909090909091,4.0,4.0,296,260
Nashville,American (New),0.005488474204171241,4.0,4.0,107,1725
Nashville,American (New),0.010385756676557863,4.0,4.5,260,421
Nashville,American (New),0.008888888888888889,4.0,4.5,260,421
Nashville,American (New),0.007511737089201878,4.5,4.0,421,1725
Nashville,American (New),0.008383233532934131,4.5,4.5,421,421
Nashville,American (New),0.005623242736644799,4.0,4.5,1725,421
Nashville,Venues & Event Spaces,0.0028835063437139563,3.0,3.5,1639,100
Nashville,Venues & Event Spaces,0.004602991944764097,3.0,4.5,1639,107
Nashville,Venues & Event Spaces,0.0034096444227959084,3.0,4.5,1639,421
Nashville,Venues & Event Spaces,0.009060022650056626,3.0,2.0,1639,143
Nashville,Venues & Event Spaces,0.0029779630732578916,3.0,3.0,1639,45
Nashville,Venues & Event Spaces,0.045454545454545456,3.5,4.5,100,107
Nashville,Venues & Event Spaces,0.009560229445506692,4.5,4.5,107,421
Nashville,Specialty Food,0.023166023166023165,4.0,3.5,112,153
Nashville,Delis,0.013435700575815739,4.5,3.5,164,364
Nashville,Lounges,0.01897810218978102,3.0,4.0,402,296
Nashville,Lounges,0.018115942028985508,3.0,4.0,402,160
Nashville,Lounges,0.013333333333333334,4.0,4.0,296,160
Nashville,Indian,0.02459016393442623,4.0,4.0,99,151
Nashville,Mediterranean,0.03409090909090909,3.5,3.5,120,153
Nashville,Mediterranean,0.018796992481203006,3.5,4.0,153,118
Nashville,Music Venues,0.025380710659898477,3.5,3.0,100,102
Nashville,Music Venues,0.0423728813559322,3.5,4.0,100,23
Nashville,Music Venues,0.045454545454545456,3.5,4.5,100,107
Nashville,Music Venues,0.0375,3.5,4.0,100,232
Nashville,Music Venues,0.024509803921568627,3.0,4.5,102,107
Nashville,Music Venues,0.009652509652509652,3.0,4.5,102,421
Nashville,Music Venues,0.021406727828746176,3.0,4.0,102,232
Nashville,Music Venues,0.028225806451612902,4.0,4.0,23,232
Nashville,Music Venues,0.009560229445506692,4.5,4.5,107,421
Nashville,Music Venues,0.043076923076923075,4.5,4.0,107,232
Nashville,Music Venues,0.017133956386292833,4.5,4.0,421,232
Nashville,Music Venues,0.014285714285714285,4.0,4.0,232,194
Nashville,Pubs,0.015319148936170212,3.5,4.0,472,721
Nashville,Pubs,0.014772727272727272,3.5,4.5,472,421
Nashville,Pubs,0.036585365853658534,3.5,3.5,472,378
Nashville,Pubs,0.0088339222614841,4.0,4.5,721,421
Nashville,Pubs,0.015711645101663587,4.0,3.5,721,378
Nashville,Pubs,0.011583011583011582,4.5,4.5,103,421
Nashville,Pubs,0.01139240506329114,4.5,3.5,421,378
Nashville,Sports Bars,0.012345679012345678,3.5,3.0,472,102
Nashville,Sports Bars,0.00922509225092251,3.5,4.0,472,75
Nashville,Sports Bars,0.015319148936170212,3.5,4.0,472,721
Nashville,Sports Bars,0.036585365853658534,3.5,3.5,472,378
Nashville,Sports Bars,0.015711645101663587,4.0,3.5,721,378
Nashville,Beer Bar,0.014772727272727272,3.5,4.5,472,421
Nashville,Beer Bar,0.036585365853658534,3.5,3.5,472,378
Nashville,Beer Bar,0.0136986301369863,4.5,4.5,23,421
Nashville,Beer Bar,0.01139240506329114,4.5,3.5,421,378
Nashville,Beer Bar,0.0074211502782931356,4.5,3.5,421,665
Nashville,Chicken Wings,0.009727626459143969,4.0,3.5,141,378
Nashville,Beer,0.026200873362445413,3.0,3.0,29,206
Nashville,Beer,0.024896265560165973,3.0,4.0,206,41
Nashville,Beer,0.024175824175824177,3.0,4.0,206,260
Nashville,Beer,0.030821917808219176,4.0,4.0,41,260
Nashville,Wine & Spirits,0.026200873362445413,3.0,3.0,29,206
Nashville,Wine & Spirits,0.024896265560165973,3.0,4.0,206,41
Nashville,Wine & Spirits,0.024175824175824177,3.0,4.0,206,260
Nashville,Wine & Spirits,0.030821917808219176,4.0,4.0,41,260
Nashville,Bakeries,0.0023957834211787254,4.5,4.0,29,2063
Nashville,Bakeries,0.0032287822878228783,4.0,4.0,112,2063
Nashville,Cocktail Bars,0.008487654320987654,4.0,4.0,1114,193
Nashville,Cocktail Bars,0.007751937984496124,4.0,3.5,1114,186
Nashville,Cocktail Bars,0.0041876046901172526,4.0,5.0,1114,85
Nashville,Cocktail Bars,0.029940119760479042,4.0,3.5,193,151
Nashville,Cocktail Bars,0.025830258302583026,4.0,5.0,193,85
Nashville,Greek,0.03409090909090909,3.5,3.5,120,153
Nashville,Sushi Bars,0.04562043795620438,3.0,4.0,206,367
Nashville,Sushi Bars,0.02422145328719723,3.0,3.5,206,90
Nashville,Sushi Bars,0.01699029126213592,3.0,3.5,206,213
Nashville,Sushi Bars,0.020089285714285716,4.0,3.5,367,90
Nashville,Sushi Bars,0.011494252873563218,4.0,3.5,367,73
Nashville,Sushi Bars,0.02654867256637168,4.0,3.5,367,213
Nashville,Pizza,0.0027427317608337905,4.5,4.0,103,1725
Nashville,Pizza,0.007936507936507936,4.5,3.5,103,532
Nashville,Pizza,0.008489722966934763,4.0,3.5,1725,532
Nashville,Salad,0.029069767441860465,3.0,3.5,65,112
Nashville,Italian,0.009852216748768473,3.0,3.5,288,532
Nashville,Italian,0.012725344644750796,3.5,4.0,532,423
Nashville,Dive Bars,0.005305039787798408,4.0,4.0,23,1114
Nashville,Southern,0.013333333333333334,4.0,4.0,296,160
Nashville,Southern,0.009305654974946313,4.0,4.0,296,1114
Nashville,Southern,0.003940110323089046,4.0,4.0,160,1114
Nashville,Southern,0.011961722488038277,4.0,4.0,1114,578
Nashville,Southern,0.0039503386004514675,4.0,3.5,1114,665
Nashville,Southern,0.011764705882352941,3.0,3.5,109,665
Nashville,Vietnamese,0.036303630363036306,3.5,4.0,326,302
Nashville,Vietnamese,0.02544529262086514,3.5,4.5,326,77
Nashville,Vietnamese,0.013368983957219251,4.0,4.5,302,77
Nashville,Thai,0.020737327188940093,4.0,4.0,141,302
Nashville,Thai,0.017759562841530054,4.0,4.0,141,604
Nashville,Thai,0.047398843930635835,4.0,4.0,302,604
Nashville,Breweries,0.0136986301369863,4.5,4.5,23,421
Nashville,Breweries,0.011583011583011582,4.5,4.5,103,421
